<?xml version='1.0' encoding='UTF-8'?>
<definitions xmlns="http://www.omg.org/spec/BPMN/20100524/MODEL" xmlns:xsi="http://www.w3.org/2001/XMLSchema-instance" xmlns:activiti="http://activiti.org/bpmn" xmlns:bpmndi="http://www.omg.org/spec/BPMN/20100524/DI" xmlns:omgdc="http://www.omg.org/spec/DD/20100524/DC" xmlns:omgdi="http://www.omg.org/spec/DD/20100524/DI" typeLanguage="http://www.w3.org/2001/XMLSchema" expressionLanguage="http://www.w3.org/1999/XPath" targetNamespace="http://www.activiti.org/test">
  <process id="greeting_customized_7" name="greeting_customized_7" isExecutable="true">
    <userTask id="sid-fd42b457-2f21-40f8-aeb0-07acfcbff2fc" name="Ask hello, how i can help." activiti:exclusive="false"/>
    <userTask id="sid-ef7d71c3-a3cc-4e30-9cac-e9006def8652" name="Say ok, let me get someone" activiti:exclusive="false"/>
    <userTask id="sid-bc630d1c-2227-4b49-a2b2-03bdf3eed287" name="Say hi" activiti:exclusive="false"/>
    <userTask id="sid-026dc1df-8bad-401e-9227-84904c647255" name="Ask how the user is doing." activiti:exclusive="false"/>
    <userTask id="sid-020ac738-b13f-4da7-b616-915d90470b36" name="Ask why I would do that." activiti:exclusive="false"/>
    <endEvent id="sid-29810f4f-b2db-4d7a-9d6c-1306c301d60e"/>
    <endEvent id="sid-49687130-f09d-4319-a558-81c790b87444"/>
    <userTask id="sid-86833801-2d21-4742-9bc0-c80a17f9c773" name="set the variable user_fullname to ${currentUser.fullName}" activiti:exclusive="false"/>
    <userTask id="sid-a4547075-beb8-4b37-8f06-1f13211498c5" name="say &quot;Thank you for contacting Baker Hughes Helpdesk. My name is Amelia&quot;" activiti:exclusive="false"/>
    <userTask id="sid-0faa9fc0-9ee0-4459-92fb-a76d0d10df3b" name="ask the user whether are you speaking with ${user_fullname}" activiti:exclusive="false"/>
    <userTask id="sid-c909169b-0da9-4d11-b515-c852dfd50dfe" name="set the variable datus to datus" activiti:exclusive="false"/>
    <userTask id="sid-d665a718-2efd-41ec-bd02-9da8ac68cd97" name="say Great" activiti:exclusive="false"/>
    <userTask id="sid-a370df93-4114-4b07-b300-0612eae9a882" name="ask the user what the user's full name is" activiti:exclusive="false"/>
    <userTask id="sid-cf4006c0-df54-44b1-80e1-ff328e7300f0" name="say &quot;How can I help you today, ${currentUser.firstName}?&quot;" activiti:exclusive="false"/>
    <endEvent id="sid-61f95640-1b5f-48f3-844c-fa80549fd0f8"/>
    <startEvent id="sid-675f974c-f7a7-4949-85db-100ac6c67574"/>
    <userTask id="sid-11decebc-b638-4456-9df8-dde3f43b800b" name="escalate because &quot;the logon credentials provided by MSP are for ${currentUser.fullName}.  However, the customer has informed that their name is ${newname}&quot;" activiti:exclusive="false"/>
    <scriptTask id="sid-9063d9f5-e0b4-4688-a3c1-6eb7d3f54b11" name="suppliername" activiti:exclusive="false" scriptFormat="groovy" activiti:autoStoreVariables="false">
      <script>suppliername = execution.getVariable("currentUser").accountsList.get(0).suppliername

execution.setVariable("suppliername", suppliername)</script>
    </scriptTask>
    <userTask id="sid-c78290f8-e0a4-4de2-8b30-d65af18ecf7f" name="ask the user whether are you speaking with ${user_fullname} from ${suppliername}" activiti:exclusive="false"/>
    <userTask id="sid-c2ab89bb-44c6-42f3-a37f-c8ff4f6c8327" name="ask the user what the user's full name is" activiti:exclusive="false"/>
    <userTask id="sid-4eb8ed46-c989-4b51-ae13-5ffcac940beb" name="escalate because &quot;the logon credentials provided by MSP are for ${currentUser.fullName}.  However, the customer has informed that their name is ${newname}&quot;" activiti:exclusive="false"/>
    <scriptTask id="sid-f5058ab6-9ba7-4108-a7ee-27f295c00b06" name="check gotit" activiti:exclusive="false" scriptFormat="groovy" activiti:autoStoreVariables="false">
      <script>def optVar = currentUser.accountsList.asBoolean()
def gotit =1

if(optVar) {
execution.setVariable("gotit", gotit)
} else {
gotit = 0
execution.setVariable("gotit", gotit)
}</script>
    </scriptTask>
    <userTask id="sid-5c6261c3-0ba0-4bd7-8a21-0578f198ef31" name="set the variable check to check" activiti:exclusive="false"/>
    <userTask id="sid-b968d0f6-d632-46aa-92a7-1b677d989c1f" name="say &quot;You are currently logged in through IPcenter, you must be logged in through MSP to have a conversation with me.&quot;" activiti:exclusive="false"/>
    <userTask id="sid-92fabf20-f775-49f8-adc9-3b3fb3c6e7c0" name="set the variable accountlist to ${currentUser.accountsList.size()}" activiti:exclusive="false"/>
    <sequenceFlow id="sid-a239f0be-a4f8-44d6-acbb-855a339a563f" name="change my name" sourceRef="sid-fd42b457-2f21-40f8-aeb0-07acfcbff2fc" targetRef="sid-ef7d71c3-a3cc-4e30-9cac-e9006def8652"/>
    <sequenceFlow id="sid-b61f7825-d123-4ef1-9706-894e4a370268" name="sure" sourceRef="sid-ef7d71c3-a3cc-4e30-9cac-e9006def8652" targetRef="sid-bc630d1c-2227-4b49-a2b2-03bdf3eed287"/>
    <sequenceFlow id="sid-3f09d09e-4081-4b14-8d17-555c5cad87a5" name="hello" sourceRef="sid-bc630d1c-2227-4b49-a2b2-03bdf3eed287" targetRef="sid-026dc1df-8bad-401e-9227-84904c647255"/>
    <sequenceFlow id="sid-a4cd1fa9-afe9-4333-a282-fbcb99b5b813" name="change my name" sourceRef="sid-026dc1df-8bad-401e-9227-84904c647255" targetRef="sid-020ac738-b13f-4da7-b616-915d90470b36"/>
    <sequenceFlow id="sid-acff5410-c98b-4fd8-9b2c-dcd153c2eb3e" name="good" sourceRef="sid-020ac738-b13f-4da7-b616-915d90470b36" targetRef="sid-61f95640-1b5f-48f3-844c-fa80549fd0f8"/>
    <sequenceFlow id="sid-e8faf94b-2872-4841-a46c-2c63e9e29096" sourceRef="sid-86833801-2d21-4742-9bc0-c80a17f9c773" targetRef="sid-a4547075-beb8-4b37-8f06-1f13211498c5"/>
    <sequenceFlow id="sid-d2d052ea-690e-4f74-8e1c-755d111ad27f" sourceRef="sid-a4547075-beb8-4b37-8f06-1f13211498c5" targetRef="sid-f5058ab6-9ba7-4108-a7ee-27f295c00b06"/>
    <sequenceFlow id="sid-77f6f410-74c8-4a87-bf8f-f8a1531cf306" name="yes" sourceRef="sid-0faa9fc0-9ee0-4459-92fb-a76d0d10df3b" targetRef="sid-d665a718-2efd-41ec-bd02-9da8ac68cd97"/>
    <sequenceFlow id="sid-3fcbabb1-4e47-464d-90b9-42f4740820bf" name="no" sourceRef="sid-0faa9fc0-9ee0-4459-92fb-a76d0d10df3b" targetRef="sid-a370df93-4114-4b07-b300-0612eae9a882"/>
    <sequenceFlow id="sid-59946248-062e-4eac-8a3a-6ef7e8b534e1" sourceRef="sid-c909169b-0da9-4d11-b515-c852dfd50dfe" targetRef="sid-86833801-2d21-4742-9bc0-c80a17f9c773"/>
    <sequenceFlow id="sid-c53e0955-bb93-44f2-b436-46578d4c900f" sourceRef="sid-d665a718-2efd-41ec-bd02-9da8ac68cd97" targetRef="sid-cf4006c0-df54-44b1-80e1-ff328e7300f0"/>
    <sequenceFlow id="sid-6d837599-2bc0-4f20-a695-0c8abf0d045e" sourceRef="sid-a370df93-4114-4b07-b300-0612eae9a882" targetRef="sid-11decebc-b638-4456-9df8-dde3f43b800b"/>
    <sequenceFlow id="sid-05522258-7615-4650-bb6e-618ade790c9e" sourceRef="sid-cf4006c0-df54-44b1-80e1-ff328e7300f0" targetRef="sid-29810f4f-b2db-4d7a-9d6c-1306c301d60e"/>
    <sequenceFlow id="sid-fbd6f9f7-a7c9-49f0-bb73-95b429a08d31" sourceRef="sid-675f974c-f7a7-4949-85db-100ac6c67574" targetRef="sid-c909169b-0da9-4d11-b515-c852dfd50dfe"/>
    <sequenceFlow id="sid-bfb48022-6531-47aa-9297-d5ef469f4a70" sourceRef="sid-11decebc-b638-4456-9df8-dde3f43b800b" targetRef="sid-fd42b457-2f21-40f8-aeb0-07acfcbff2fc"/>
    <sequenceFlow id="sid-63feeb00-6081-4289-b0c7-51a019795ead" sourceRef="sid-11decebc-b638-4456-9df8-dde3f43b800b" targetRef="sid-29810f4f-b2db-4d7a-9d6c-1306c301d60e"/>
    <sequenceFlow id="sid-ecc94550-7967-46de-b436-cdbf50a9a31b" sourceRef="sid-9063d9f5-e0b4-4688-a3c1-6eb7d3f54b11" targetRef="sid-c78290f8-e0a4-4de2-8b30-d65af18ecf7f"/>
    <sequenceFlow id="sid-99a3d334-346a-4373-b86a-4302adafb068" name="no" sourceRef="sid-c78290f8-e0a4-4de2-8b30-d65af18ecf7f" targetRef="sid-c2ab89bb-44c6-42f3-a37f-c8ff4f6c8327"/>
    <sequenceFlow id="sid-92fa9fb1-b15c-48d0-8fde-dacedd55c747" name="yes" sourceRef="sid-c78290f8-e0a4-4de2-8b30-d65af18ecf7f" targetRef="sid-d665a718-2efd-41ec-bd02-9da8ac68cd97"/>
    <sequenceFlow id="sid-e64b2860-e8e4-426f-bb51-11ef96c3e968" sourceRef="sid-c2ab89bb-44c6-42f3-a37f-c8ff4f6c8327" targetRef="sid-4eb8ed46-c989-4b51-ae13-5ffcac940beb"/>
    <sequenceFlow id="sid-3aa5decc-267e-4239-baf2-3d8e7d416042" sourceRef="sid-4eb8ed46-c989-4b51-ae13-5ffcac940beb" targetRef="sid-29810f4f-b2db-4d7a-9d6c-1306c301d60e"/>
    <sequenceFlow id="sid-7bf3ae55-1228-4b87-a87f-cdbdaaf6d4b4" sourceRef="sid-f5058ab6-9ba7-4108-a7ee-27f295c00b06" targetRef="sid-5c6261c3-0ba0-4bd7-8a21-0578f198ef31"/>
    <sequenceFlow id="sid-e04a3c5e-4486-445e-bdb3-96cf9e697798" name="else" sourceRef="sid-5c6261c3-0ba0-4bd7-8a21-0578f198ef31" targetRef="sid-b968d0f6-d632-46aa-92a7-1b677d989c1f"/>
    <sequenceFlow id="sid-d709905b-308b-463b-853a-da47a3210a26" name="${gotit eq 1}" sourceRef="sid-5c6261c3-0ba0-4bd7-8a21-0578f198ef31" targetRef="sid-92fabf20-f775-49f8-adc9-3b3fb3c6e7c0"/>
    <sequenceFlow id="sid-5ffdd0d6-c796-42ed-a589-0b8abb025f3e" sourceRef="sid-b968d0f6-d632-46aa-92a7-1b677d989c1f" targetRef="sid-49687130-f09d-4319-a558-81c790b87444"/>
    <sequenceFlow id="sid-be8d807c-bcbc-4727-81fb-ea14eb74372f" name="${accountlist eq 1}" sourceRef="sid-92fabf20-f775-49f8-adc9-3b3fb3c6e7c0" targetRef="sid-9063d9f5-e0b4-4688-a3c1-6eb7d3f54b11"/>
    <sequenceFlow id="sid-73c5a965-77ef-4430-a4e2-f2fa06ea1bcc" name="else" sourceRef="sid-92fabf20-f775-49f8-adc9-3b3fb3c6e7c0" targetRef="sid-0faa9fc0-9ee0-4459-92fb-a76d0d10df3b"/>
  </process>
  <bpmndi:BPMNDiagram id="BPMNDiagram_greeting_customized_7">
    <bpmndi:BPMNPlane bpmnElement="greeting_customized_7" id="BPMNPlane_greeting_customized_7">
      <bpmndi:BPMNShape bpmnElement="sid-fd42b457-2f21-40f8-aeb0-07acfcbff2fc" id="BPMNShape_sid-fd42b457-2f21-40f8-aeb0-07acfcbff2fc">
        <omgdc:Bounds height="82.0" width="102.0" x="1448.0" y="254.0"/>
      </bpmndi:BPMNShape>
      <bpmndi:BPMNShape bpmnElement="sid-ef7d71c3-a3cc-4e30-9cac-e9006def8652" id="BPMNShape_sid-ef7d71c3-a3cc-4e30-9cac-e9006def8652">
        <omgdc:Bounds height="82.0" width="102.0" x="1600.0" y="243.0"/>
      </bpmndi:BPMNShape>
      <bpmndi:BPMNShape bpmnElement="sid-bc630d1c-2227-4b49-a2b2-03bdf3eed287" id="BPMNShape_sid-bc630d1c-2227-4b49-a2b2-03bdf3eed287">
        <omgdc:Bounds height="82.0" width="102.0" x="1752.0" y="235.0"/>
      </bpmndi:BPMNShape>
      <bpmndi:BPMNShape bpmnElement="sid-026dc1df-8bad-401e-9227-84904c647255" id="BPMNShape_sid-026dc1df-8bad-401e-9227-84904c647255">
        <omgdc:Bounds height="82.0" width="102.0" x="1904.0" y="230.0"/>
      </bpmndi:BPMNShape>
      <bpmndi:BPMNShape bpmnElement="sid-020ac738-b13f-4da7-b616-915d90470b36" id="BPMNShape_sid-020ac738-b13f-4da7-b616-915d90470b36">
        <omgdc:Bounds height="82.0" width="102.0" x="2056.0" y="227.0"/>
      </bpmndi:BPMNShape>
      <bpmndi:BPMNShape bpmnElement="sid-29810f4f-b2db-4d7a-9d6c-1306c301d60e" id="BPMNShape_sid-29810f4f-b2db-4d7a-9d6c-1306c301d60e">
        <omgdc:Bounds height="30.0" width="30.0" x="1636.0" y="97.0"/>
      </bpmndi:BPMNShape>
      <bpmndi:BPMNShape bpmnElement="sid-49687130-f09d-4319-a558-81c790b87444" id="BPMNShape_sid-49687130-f09d-4319-a558-81c790b87444">
        <omgdc:Bounds height="30.0" width="30.0" x="1028.0" y="41.0"/>
      </bpmndi:BPMNShape>
      <bpmndi:BPMNShape bpmnElement="sid-86833801-2d21-4742-9bc0-c80a17f9c773" id="BPMNShape_sid-86833801-2d21-4742-9bc0-c80a17f9c773">
        <omgdc:Bounds height="82.0" width="102.0" x="232.0" y="127.0"/>
      </bpmndi:BPMNShape>
      <bpmndi:BPMNShape bpmnElement="sid-a4547075-beb8-4b37-8f06-1f13211498c5" id="BPMNShape_sid-a4547075-beb8-4b37-8f06-1f13211498c5">
        <omgdc:Bounds height="82.0" width="102.0" x="384.0" y="127.0"/>
      </bpmndi:BPMNShape>
      <bpmndi:BPMNShape bpmnElement="sid-0faa9fc0-9ee0-4459-92fb-a76d0d10df3b" id="BPMNShape_sid-0faa9fc0-9ee0-4459-92fb-a76d0d10df3b">
        <omgdc:Bounds height="82.0" width="102.0" x="992.0" y="213.0"/>
      </bpmndi:BPMNShape>
      <bpmndi:BPMNShape bpmnElement="sid-c909169b-0da9-4d11-b515-c852dfd50dfe" id="BPMNShape_sid-c909169b-0da9-4d11-b515-c852dfd50dfe">
        <omgdc:Bounds height="82.0" width="102.0" x="80.0" y="127.0"/>
      </bpmndi:BPMNShape>
      <bpmndi:BPMNShape bpmnElement="sid-d665a718-2efd-41ec-bd02-9da8ac68cd97" id="BPMNShape_sid-d665a718-2efd-41ec-bd02-9da8ac68cd97">
        <omgdc:Bounds height="82.0" width="102.0" x="1296.0" y="127.0"/>
      </bpmndi:BPMNShape>
      <bpmndi:BPMNShape bpmnElement="sid-a370df93-4114-4b07-b300-0612eae9a882" id="BPMNShape_sid-a370df93-4114-4b07-b300-0612eae9a882">
        <omgdc:Bounds height="82.0" width="102.0" x="1144.0" y="226.0"/>
      </bpmndi:BPMNShape>
      <bpmndi:BPMNShape bpmnElement="sid-cf4006c0-df54-44b1-80e1-ff328e7300f0" id="BPMNShape_sid-cf4006c0-df54-44b1-80e1-ff328e7300f0">
        <omgdc:Bounds height="82.0" width="102.0" x="1448.0" y="112.0"/>
      </bpmndi:BPMNShape>
      <bpmndi:BPMNShape bpmnElement="sid-61f95640-1b5f-48f3-844c-fa80549fd0f8" id="BPMNShape_sid-61f95640-1b5f-48f3-844c-fa80549fd0f8">
        <omgdc:Bounds height="30.0" width="30.0" x="2208.0" y="253.0"/>
      </bpmndi:BPMNShape>
      <bpmndi:BPMNShape bpmnElement="sid-675f974c-f7a7-4949-85db-100ac6c67574" id="BPMNShape_sid-675f974c-f7a7-4949-85db-100ac6c67574">
        <omgdc:Bounds height="30.0" width="30.0" x="0.0" y="153.0"/>
      </bpmndi:BPMNShape>
      <bpmndi:BPMNShape bpmnElement="sid-11decebc-b638-4456-9df8-dde3f43b800b" id="BPMNShape_sid-11decebc-b638-4456-9df8-dde3f43b800b">
        <omgdc:Bounds height="82.0" width="102.0" x="1296.0" y="239.0"/>
      </bpmndi:BPMNShape>
      <bpmndi:BPMNShape bpmnElement="sid-9063d9f5-e0b4-4688-a3c1-6eb7d3f54b11" id="BPMNShape_sid-9063d9f5-e0b4-4688-a3c1-6eb7d3f54b11">
        <omgdc:Bounds height="82.0" width="102.0" x="992.0" y="101.0"/>
      </bpmndi:BPMNShape>
      <bpmndi:BPMNShape bpmnElement="sid-c78290f8-e0a4-4de2-8b30-d65af18ecf7f" id="BPMNShape_sid-c78290f8-e0a4-4de2-8b30-d65af18ecf7f">
        <omgdc:Bounds height="82.0" width="102.0" x="1144.0" y="56.0"/>
      </bpmndi:BPMNShape>
      <bpmndi:BPMNShape bpmnElement="sid-c2ab89bb-44c6-42f3-a37f-c8ff4f6c8327" id="BPMNShape_sid-c2ab89bb-44c6-42f3-a37f-c8ff4f6c8327">
        <omgdc:Bounds height="82.0" width="102.0" x="1296.0" y="15.0"/>
      </bpmndi:BPMNShape>
      <bpmndi:BPMNShape bpmnElement="sid-4eb8ed46-c989-4b51-ae13-5ffcac940beb" id="BPMNShape_sid-4eb8ed46-c989-4b51-ae13-5ffcac940beb">
        <omgdc:Bounds height="82.0" width="102.0" x="1448.0" y="0.0"/>
      </bpmndi:BPMNShape>
      <bpmndi:BPMNShape bpmnElement="sid-f5058ab6-9ba7-4108-a7ee-27f295c00b06" id="BPMNShape_sid-f5058ab6-9ba7-4108-a7ee-27f295c00b06">
        <omgdc:Bounds height="82.0" width="102.0" x="536.0" y="127.0"/>
      </bpmndi:BPMNShape>
      <bpmndi:BPMNShape bpmnElement="sid-5c6261c3-0ba0-4bd7-8a21-0578f198ef31" id="BPMNShape_sid-5c6261c3-0ba0-4bd7-8a21-0578f198ef31">
        <omgdc:Bounds height="82.0" width="102.0" x="688.0" y="127.0"/>
      </bpmndi:BPMNShape>
      <bpmndi:BPMNShape bpmnElement="sid-b968d0f6-d632-46aa-92a7-1b677d989c1f" id="BPMNShape_sid-b968d0f6-d632-46aa-92a7-1b677d989c1f">
        <omgdc:Bounds height="82.0" width="102.0" x="840.0" y="71.0"/>
      </bpmndi:BPMNShape>
      <bpmndi:BPMNShape bpmnElement="sid-92fabf20-f775-49f8-adc9-3b3fb3c6e7c0" id="BPMNShape_sid-92fabf20-f775-49f8-adc9-3b3fb3c6e7c0">
        <omgdc:Bounds height="82.0" width="102.0" x="840.0" y="183.0"/>
      </bpmndi:BPMNShape>
      <bpmndi:BPMNEdge bpmnElement="sid-3fcbabb1-4e47-464d-90b9-42f4740820bf" id="BPMNEdge_sid-3fcbabb1-4e47-464d-90b9-42f4740820bf">
        <omgdi:waypoint x="1094.0" y="258.3618421052632"/>
        <omgdi:waypoint x="1144.0" y="262.6381578947368"/>
      </bpmndi:BPMNEdge>
      <bpmndi:BPMNEdge bpmnElement="sid-5ffdd0d6-c796-42ed-a589-0b8abb025f3e" id="BPMNEdge_sid-5ffdd0d6-c796-42ed-a589-0b8abb025f3e">
        <omgdi:waypoint x="942.0" y="93.21052631578948"/>
        <omgdi:waypoint x="1028.9248532477434" y="61.18558038241035"/>
      </bpmndi:BPMNEdge>
      <bpmndi:BPMNEdge bpmnElement="sid-ecc94550-7967-46de-b436-cdbf50a9a31b" id="BPMNEdge_sid-ecc94550-7967-46de-b436-cdbf50a9a31b">
        <omgdi:waypoint x="1094.0" y="126.90131578947368"/>
        <omgdi:waypoint x="1144.0" y="112.09868421052632"/>
      </bpmndi:BPMNEdge>
      <bpmndi:BPMNEdge bpmnElement="sid-d709905b-308b-463b-853a-da47a3210a26" id="BPMNEdge_sid-d709905b-308b-463b-853a-da47a3210a26">
        <omgdi:waypoint x="790.0" y="186.78947368421052"/>
        <omgdi:waypoint x="840.0" y="205.21052631578948"/>
      </bpmndi:BPMNEdge>
      <bpmndi:BPMNEdge bpmnElement="sid-acff5410-c98b-4fd8-9b2c-dcd153c2eb3e" id="BPMNEdge_sid-acff5410-c98b-4fd8-9b2c-dcd153c2eb3e">
        <omgdi:waypoint x="2158.0" y="268.0"/>
        <omgdi:waypoint x="2208.0" y="268.0"/>
      </bpmndi:BPMNEdge>
      <bpmndi:BPMNEdge bpmnElement="sid-63feeb00-6081-4289-b0c7-51a019795ead" id="BPMNEdge_sid-63feeb00-6081-4289-b0c7-51a019795ead">
        <omgdi:waypoint x="1398.0" y="242.42105263157896"/>
        <omgdi:waypoint x="1423.0" y="224.0"/>
        <omgdi:waypoint x="1575.0" y="224.0"/>
        <omgdi:waypoint x="1642.577478724941" y="124.41213661587638"/>
      </bpmndi:BPMNEdge>
      <bpmndi:BPMNEdge bpmnElement="sid-6d837599-2bc0-4f20-a695-0c8abf0d045e" id="BPMNEdge_sid-6d837599-2bc0-4f20-a695-0c8abf0d045e">
        <omgdi:waypoint x="1246.0" y="271.3618421052632"/>
        <omgdi:waypoint x="1296.0" y="275.6381578947368"/>
      </bpmndi:BPMNEdge>
      <bpmndi:BPMNEdge bpmnElement="sid-fbd6f9f7-a7c9-49f0-bb73-95b429a08d31" id="BPMNEdge_sid-fbd6f9f7-a7c9-49f0-bb73-95b429a08d31">
        <omgdi:waypoint x="30.0" y="168.0"/>
        <omgdi:waypoint x="80.0" y="168.0"/>
      </bpmndi:BPMNEdge>
      <bpmndi:BPMNEdge bpmnElement="sid-73c5a965-77ef-4430-a4e2-f2fa06ea1bcc" id="BPMNEdge_sid-73c5a965-77ef-4430-a4e2-f2fa06ea1bcc">
        <omgdi:waypoint x="942.0" y="234.06578947368422"/>
        <omgdi:waypoint x="992.0" y="243.93421052631578"/>
      </bpmndi:BPMNEdge>
      <bpmndi:BPMNEdge bpmnElement="sid-bfb48022-6531-47aa-9297-d5ef469f4a70" id="BPMNEdge_sid-bfb48022-6531-47aa-9297-d5ef469f4a70">
        <omgdi:waypoint x="1398.0" y="285.0328947368421"/>
        <omgdi:waypoint x="1448.0" y="289.9671052631579"/>
      </bpmndi:BPMNEdge>
      <bpmndi:BPMNEdge bpmnElement="sid-99a3d334-346a-4373-b86a-4302adafb068" id="BPMNEdge_sid-99a3d334-346a-4373-b86a-4302adafb068">
        <omgdi:waypoint x="1246.0" y="83.24342105263158"/>
        <omgdi:waypoint x="1296.0" y="69.75657894736842"/>
      </bpmndi:BPMNEdge>
      <bpmndi:BPMNEdge bpmnElement="sid-59946248-062e-4eac-8a3a-6ef7e8b534e1" id="BPMNEdge_sid-59946248-062e-4eac-8a3a-6ef7e8b534e1">
        <omgdi:waypoint x="182.0" y="168.0"/>
        <omgdi:waypoint x="232.0" y="168.0"/>
      </bpmndi:BPMNEdge>
      <bpmndi:BPMNEdge bpmnElement="sid-05522258-7615-4650-bb6e-618ade790c9e" id="BPMNEdge_sid-05522258-7615-4650-bb6e-618ade790c9e">
        <omgdi:waypoint x="1550.0" y="139.2434210526316"/>
        <omgdi:waypoint x="1636.517605102995" y="115.90643546563949"/>
      </bpmndi:BPMNEdge>
      <bpmndi:BPMNEdge bpmnElement="sid-a239f0be-a4f8-44d6-acbb-855a339a563f" id="BPMNEdge_sid-a239f0be-a4f8-44d6-acbb-855a339a563f">
        <omgdi:waypoint x="1550.0" y="291.3092105263158"/>
        <omgdi:waypoint x="1600.0" y="287.6907894736842"/>
      </bpmndi:BPMNEdge>
      <bpmndi:BPMNEdge bpmnElement="sid-92fa9fb1-b15c-48d0-8fde-dacedd55c747" id="BPMNEdge_sid-92fa9fb1-b15c-48d0-8fde-dacedd55c747">
        <omgdi:waypoint x="1246.0" y="120.82236842105263"/>
        <omgdi:waypoint x="1296.0" y="144.17763157894737"/>
      </bpmndi:BPMNEdge>
      <bpmndi:BPMNEdge bpmnElement="sid-c53e0955-bb93-44f2-b436-46578d4c900f" id="BPMNEdge_sid-c53e0955-bb93-44f2-b436-46578d4c900f">
        <omgdi:waypoint x="1398.0" y="162.9671052631579"/>
        <omgdi:waypoint x="1448.0" y="158.0328947368421"/>
      </bpmndi:BPMNEdge>
      <bpmndi:BPMNEdge bpmnElement="sid-77f6f410-74c8-4a87-bf8f-f8a1531cf306" id="BPMNEdge_sid-77f6f410-74c8-4a87-bf8f-f8a1531cf306">
        <omgdi:waypoint x="1079.2325581395348" y="213.0"/>
        <omgdi:waypoint x="1119.0" y="168.0"/>
        <omgdi:waypoint x="1271.0" y="168.0"/>
        <omgdi:waypoint x="1296.0" y="168.0"/>
      </bpmndi:BPMNEdge>
      <bpmndi:BPMNEdge bpmnElement="sid-e04a3c5e-4486-445e-bdb3-96cf9e697798" id="BPMNEdge_sid-e04a3c5e-4486-445e-bdb3-96cf9e697798">
        <omgdi:waypoint x="790.0" y="149.21052631578948"/>
        <omgdi:waypoint x="840.0" y="130.78947368421052"/>
      </bpmndi:BPMNEdge>
      <bpmndi:BPMNEdge bpmnElement="sid-3f09d09e-4081-4b14-8d17-555c5cad87a5" id="BPMNEdge_sid-3f09d09e-4081-4b14-8d17-555c5cad87a5">
        <omgdi:waypoint x="1854.0" y="274.3223684210526"/>
        <omgdi:waypoint x="1904.0" y="272.6776315789474"/>
      </bpmndi:BPMNEdge>
      <bpmndi:BPMNEdge bpmnElement="sid-7bf3ae55-1228-4b87-a87f-cdbdaaf6d4b4" id="BPMNEdge_sid-7bf3ae55-1228-4b87-a87f-cdbdaaf6d4b4">
        <omgdi:waypoint x="638.0" y="168.0"/>
        <omgdi:waypoint x="688.0" y="168.0"/>
      </bpmndi:BPMNEdge>
      <bpmndi:BPMNEdge bpmnElement="sid-e8faf94b-2872-4841-a46c-2c63e9e29096" id="BPMNEdge_sid-e8faf94b-2872-4841-a46c-2c63e9e29096">
        <omgdi:waypoint x="334.0" y="168.0"/>
        <omgdi:waypoint x="384.0" y="168.0"/>
      </bpmndi:BPMNEdge>
      <bpmndi:BPMNEdge bpmnElement="sid-a4cd1fa9-afe9-4333-a282-fbcb99b5b813" id="BPMNEdge_sid-a4cd1fa9-afe9-4333-a282-fbcb99b5b813">
        <omgdi:waypoint x="2006.0" y="269.99342105263156"/>
        <omgdi:waypoint x="2056.0" y="269.00657894736844"/>
      </bpmndi:BPMNEdge>
      <bpmndi:BPMNEdge bpmnElement="sid-d2d052ea-690e-4f74-8e1c-755d111ad27f" id="BPMNEdge_sid-d2d052ea-690e-4f74-8e1c-755d111ad27f">
        <omgdi:waypoint x="486.0" y="168.0"/>
        <omgdi:waypoint x="536.0" y="168.0"/>
      </bpmndi:BPMNEdge>
      <bpmndi:BPMNEdge bpmnElement="sid-b61f7825-d123-4ef1-9706-894e4a370268" id="BPMNEdge_sid-b61f7825-d123-4ef1-9706-894e4a370268">
        <omgdi:waypoint x="1702.0" y="281.3157894736842"/>
        <omgdi:waypoint x="1752.0" y="278.6842105263158"/>
      </bpmndi:BPMNEdge>
      <bpmndi:BPMNEdge bpmnElement="sid-be8d807c-bcbc-4727-81fb-ea14eb74372f" id="BPMNEdge_sid-be8d807c-bcbc-4727-81fb-ea14eb74372f">
        <omgdi:waypoint x="942.0" y="196.48684210526315"/>
        <omgdi:waypoint x="992.0" y="169.51315789473685"/>
      </bpmndi:BPMNEdge>
      <bpmndi:BPMNEdge bpmnElement="sid-e64b2860-e8e4-426f-bb51-11ef96c3e968" id="BPMNEdge_sid-e64b2860-e8e4-426f-bb51-11ef96c3e968">
        <omgdi:waypoint x="1398.0" y="50.9671052631579"/>
        <omgdi:waypoint x="1448.0" y="46.0328947368421"/>
      </bpmndi:BPMNEdge>
      <bpmndi:BPMNEdge bpmnElement="sid-3aa5decc-267e-4239-baf2-3d8e7d416042" id="BPMNEdge_sid-3aa5decc-267e-4239-baf2-3d8e7d416042">
        <omgdi:waypoint x="1550.0" y="64.82236842105263"/>
        <omgdi:waypoint x="1637.409538002321" y="105.65182367213679"/>
      </bpmndi:BPMNEdge>
    </bpmndi:BPMNPlane>
  </bpmndi:BPMNDiagram>
</definitions>