<?xml version='1.0' encoding='UTF-8'?>
<definitions xmlns="http://www.omg.org/spec/BPMN/20100524/MODEL" xmlns:xsi="http://www.w3.org/2001/XMLSchema-instance" xmlns:activiti="http://activiti.org/bpmn" xmlns:bpmndi="http://www.omg.org/spec/BPMN/20100524/DI" xmlns:omgdc="http://www.omg.org/spec/DD/20100524/DC" xmlns:omgdi="http://www.omg.org/spec/DD/20100524/DI" typeLanguage="http://www.w3.org/2001/XMLSchema" expressionLanguage="http://www.w3.org/1999/XPath" targetNamespace="http://www.activiti.org/test">
  <process id="greeting_customized_5" name="greeting_customized_5" isExecutable="true">
    <userTask id="sid-3df22c08-1e72-426f-b686-fd10ca71ef57" name="escalate" activiti:exclusive="false"/>
    <startEvent id="sid-7423c7c0-3ad5-43c0-8a54-1ec0372e0a60"/>
    <userTask id="sid-78622b7b-85af-4104-92a6-2c5e83a18f88" name="Say Hi My name is Vic.." activiti:exclusive="false"/>
    <endEvent id="sid-2394aa14-3706-450f-b73c-bb22f49e0621"/>
    <userTask id="sid-0bf2c2f0-e55a-4619-af11-7acf06e9a566" name="Ask how I can help the user." activiti:exclusive="false"/>
    <userTask id="sid-53897390-4fd9-4dd8-a792-f829f7395b9e" name="set the variable user_fullname to ${currentUser.fullName}" activiti:exclusive="false"/>
    <userTask id="sid-0dac3a13-4782-4220-9975-8e933e945e73" name="say &quot;Thank you for contacting Baker Hughes Helpdesk. My name is Amelia&quot;" activiti:exclusive="false"/>
    <userTask id="sid-021d80dc-399a-4d51-974d-8354105a2702" name="silence the agent" activiti:exclusive="false"/>
    <userTask id="sid-a0c8f774-297f-4d29-87d7-8c57a9911e79" name="ask the user whether are you speaking with ${user_fullname}" activiti:exclusive="false"/>
    <userTask id="sid-779c4c0b-955f-4252-8399-fe4795ed1c65" name="set the variable foobar to foobar" activiti:exclusive="false"/>
    <userTask id="sid-81275fef-b25d-4a73-a96a-846e72834c68" name="say Great" activiti:exclusive="false"/>
    <userTask id="sid-eba7eee9-582d-488c-8253-3a7b2a644c64" name="ask the user Please can I provide you with my full name" activiti:exclusive="false"/>
    <userTask id="sid-57f94e30-9cb8-4af6-aac4-a9807e5651e8" name="say &quot;How can I help you today, ${currentUser.firstName}?&quot;" activiti:exclusive="false"/>
    <userTask id="sid-35705126-3fdc-4657-9ea8-d3d6ae237a66" name="escalate" activiti:exclusive="false"/>
    <scriptTask id="sid-7093b514-c156-4266-8f1b-135e512b9343" name="suppliername" activiti:exclusive="false" scriptFormat="groovy" activiti:autoStoreVariables="false">
      <script>suppliername = execution.getVariable("currentUser").accountsList.get(0).suppliername

execution.setVariable("suppliername", suppliername)</script>
    </scriptTask>
    <userTask id="sid-18fa22f1-6587-4009-af92-14a2791855a3" name="ask the user whether are you speaking with ${user_fullname} from ${suppliername}" activiti:exclusive="false"/>
    <endEvent id="sid-596cc6da-04db-406b-818a-3c0d9a5bf140"/>
    <userTask id="sid-6fffb7cf-8dec-4cf2-8b9a-49a602c16676" name="ask the user Please can I provide you with my full name" activiti:exclusive="false"/>
    <sequenceFlow id="sid-d964fe2d-9c39-4436-a8a3-3934b8e27cae" sourceRef="sid-3df22c08-1e72-426f-b686-fd10ca71ef57" targetRef="sid-596cc6da-04db-406b-818a-3c0d9a5bf140"/>
    <sequenceFlow id="sid-4dda1095-9c75-4412-af7c-67f1e886afe9" sourceRef="sid-7423c7c0-3ad5-43c0-8a54-1ec0372e0a60" targetRef="sid-779c4c0b-955f-4252-8399-fe4795ed1c65"/>
    <sequenceFlow id="sid-256f7a5b-9c85-405e-bb90-db4ca0f8b5e2" sourceRef="sid-78622b7b-85af-4104-92a6-2c5e83a18f88" targetRef="sid-0bf2c2f0-e55a-4619-af11-7acf06e9a566"/>
    <sequenceFlow id="sid-b0c08188-345c-464a-838d-8ae54b59fab2" name="you helped me with testing" sourceRef="sid-0bf2c2f0-e55a-4619-af11-7acf06e9a566" targetRef="sid-021d80dc-399a-4d51-974d-8354105a2702"/>
    <sequenceFlow id="sid-16bc9fb2-b18c-4bc4-b7c3-d51101c8cb63" sourceRef="sid-53897390-4fd9-4dd8-a792-f829f7395b9e" targetRef="sid-0dac3a13-4782-4220-9975-8e933e945e73"/>
    <sequenceFlow id="sid-12b80ab1-429e-40ed-aab4-766ed7a09cb1" name="else" sourceRef="sid-0dac3a13-4782-4220-9975-8e933e945e73" targetRef="sid-7093b514-c156-4266-8f1b-135e512b9343"/>
    <sequenceFlow id="sid-b37ba2b5-9878-44ae-9ae3-f0f782ec2ddc" name="${currentUser.accountsList.size() gt 1}" sourceRef="sid-0dac3a13-4782-4220-9975-8e933e945e73" targetRef="sid-a0c8f774-297f-4d29-87d7-8c57a9911e79"/>
    <sequenceFlow id="sid-6c5bcac9-e0b2-4cc6-bc91-2e9f2ca687c8" name="you may close the conversation" sourceRef="sid-021d80dc-399a-4d51-974d-8354105a2702" targetRef="sid-2394aa14-3706-450f-b73c-bb22f49e0621"/>
    <sequenceFlow id="sid-d80619b4-2354-4754-8a99-291bc5bf7017" name="yes" sourceRef="sid-a0c8f774-297f-4d29-87d7-8c57a9911e79" targetRef="sid-81275fef-b25d-4a73-a96a-846e72834c68"/>
    <sequenceFlow id="sid-a2036651-544c-4248-91dc-0677e2293d5a" name="no" sourceRef="sid-a0c8f774-297f-4d29-87d7-8c57a9911e79" targetRef="sid-eba7eee9-582d-488c-8253-3a7b2a644c64"/>
    <sequenceFlow id="sid-2ae8078d-7f98-4f78-a0dc-9658a27b0f0a" sourceRef="sid-779c4c0b-955f-4252-8399-fe4795ed1c65" targetRef="sid-53897390-4fd9-4dd8-a792-f829f7395b9e"/>
    <sequenceFlow id="sid-0ddeeb3a-3889-4a70-b642-b1f20b594a6f" sourceRef="sid-81275fef-b25d-4a73-a96a-846e72834c68" targetRef="sid-57f94e30-9cb8-4af6-aac4-a9807e5651e8"/>
    <sequenceFlow id="sid-7d3278d8-1a5b-43f0-9819-405148ca6535" sourceRef="sid-eba7eee9-582d-488c-8253-3a7b2a644c64" targetRef="sid-35705126-3fdc-4657-9ea8-d3d6ae237a66"/>
    <sequenceFlow id="sid-2144c2c0-b0b1-4bbe-897f-5c4805131f2c" sourceRef="sid-57f94e30-9cb8-4af6-aac4-a9807e5651e8" targetRef="sid-596cc6da-04db-406b-818a-3c0d9a5bf140"/>
    <sequenceFlow id="sid-b8c4b934-458e-4590-9005-a48af40c7abe" sourceRef="sid-35705126-3fdc-4657-9ea8-d3d6ae237a66" targetRef="sid-78622b7b-85af-4104-92a6-2c5e83a18f88"/>
    <sequenceFlow id="sid-2c1419b8-b6b2-4da3-b43c-01a0942c1a35" sourceRef="sid-35705126-3fdc-4657-9ea8-d3d6ae237a66" targetRef="sid-596cc6da-04db-406b-818a-3c0d9a5bf140"/>
    <sequenceFlow id="sid-f811318e-99e4-4e8d-bac2-d04e95d9feab" sourceRef="sid-7093b514-c156-4266-8f1b-135e512b9343" targetRef="sid-18fa22f1-6587-4009-af92-14a2791855a3"/>
    <sequenceFlow id="sid-51c1fa51-91b4-4bac-8dbb-9c016260d07e" name="no" sourceRef="sid-18fa22f1-6587-4009-af92-14a2791855a3" targetRef="sid-6fffb7cf-8dec-4cf2-8b9a-49a602c16676"/>
    <sequenceFlow id="sid-90b23efc-76f6-450d-9cbe-4faebb2ce4a1" name="yes" sourceRef="sid-18fa22f1-6587-4009-af92-14a2791855a3" targetRef="sid-81275fef-b25d-4a73-a96a-846e72834c68"/>
    <sequenceFlow id="sid-81ee08da-2df0-4094-a5f7-d858948e40bf" sourceRef="sid-6fffb7cf-8dec-4cf2-8b9a-49a602c16676" targetRef="sid-3df22c08-1e72-426f-b686-fd10ca71ef57"/>
  </process>
  <bpmndi:BPMNDiagram id="BPMNDiagram_greeting_customized_5">
    <bpmndi:BPMNPlane bpmnElement="greeting_customized_5" id="BPMNPlane_greeting_customized_5">
      <bpmndi:BPMNShape bpmnElement="sid-3df22c08-1e72-426f-b686-fd10ca71ef57" id="BPMNShape_sid-3df22c08-1e72-426f-b686-fd10ca71ef57">
        <omgdc:Bounds height="82.0" width="102.0" x="992.0" y="0.0"/>
      </bpmndi:BPMNShape>
      <bpmndi:BPMNShape bpmnElement="sid-7423c7c0-3ad5-43c0-8a54-1ec0372e0a60" id="BPMNShape_sid-7423c7c0-3ad5-43c0-8a54-1ec0372e0a60">
        <omgdc:Bounds height="30.0" width="30.0" x="0.0" y="153.0"/>
      </bpmndi:BPMNShape>
      <bpmndi:BPMNShape bpmnElement="sid-78622b7b-85af-4104-92a6-2c5e83a18f88" id="BPMNShape_sid-78622b7b-85af-4104-92a6-2c5e83a18f88">
        <omgdc:Bounds height="82.0" width="102.0" x="992.0" y="254.0"/>
      </bpmndi:BPMNShape>
      <bpmndi:BPMNShape bpmnElement="sid-2394aa14-3706-450f-b73c-bb22f49e0621" id="BPMNShape_sid-2394aa14-3706-450f-b73c-bb22f49e0621">
        <omgdc:Bounds height="30.0" width="30.0" x="1448.0" y="271.0"/>
      </bpmndi:BPMNShape>
      <bpmndi:BPMNShape bpmnElement="sid-0bf2c2f0-e55a-4619-af11-7acf06e9a566" id="BPMNShape_sid-0bf2c2f0-e55a-4619-af11-7acf06e9a566">
        <omgdc:Bounds height="82.0" width="102.0" x="1144.0" y="248.0"/>
      </bpmndi:BPMNShape>
      <bpmndi:BPMNShape bpmnElement="sid-53897390-4fd9-4dd8-a792-f829f7395b9e" id="BPMNShape_sid-53897390-4fd9-4dd8-a792-f829f7395b9e">
        <omgdc:Bounds height="82.0" width="102.0" x="232.0" y="127.0"/>
      </bpmndi:BPMNShape>
      <bpmndi:BPMNShape bpmnElement="sid-0dac3a13-4782-4220-9975-8e933e945e73" id="BPMNShape_sid-0dac3a13-4782-4220-9975-8e933e945e73">
        <omgdc:Bounds height="82.0" width="102.0" x="384.0" y="127.0"/>
      </bpmndi:BPMNShape>
      <bpmndi:BPMNShape bpmnElement="sid-021d80dc-399a-4d51-974d-8354105a2702" id="BPMNShape_sid-021d80dc-399a-4d51-974d-8354105a2702">
        <omgdc:Bounds height="82.0" width="102.0" x="1296.0" y="245.0"/>
      </bpmndi:BPMNShape>
      <bpmndi:BPMNShape bpmnElement="sid-a0c8f774-297f-4d29-87d7-8c57a9911e79" id="BPMNShape_sid-a0c8f774-297f-4d29-87d7-8c57a9911e79">
        <omgdc:Bounds height="82.0" width="102.0" x="536.0" y="183.0"/>
      </bpmndi:BPMNShape>
      <bpmndi:BPMNShape bpmnElement="sid-779c4c0b-955f-4252-8399-fe4795ed1c65" id="BPMNShape_sid-779c4c0b-955f-4252-8399-fe4795ed1c65">
        <omgdc:Bounds height="82.0" width="102.0" x="80.0" y="127.0"/>
      </bpmndi:BPMNShape>
      <bpmndi:BPMNShape bpmnElement="sid-81275fef-b25d-4a73-a96a-846e72834c68" id="BPMNShape_sid-81275fef-b25d-4a73-a96a-846e72834c68">
        <omgdc:Bounds height="82.0" width="102.0" x="840.0" y="127.0"/>
      </bpmndi:BPMNShape>
      <bpmndi:BPMNShape bpmnElement="sid-eba7eee9-582d-488c-8253-3a7b2a644c64" id="BPMNShape_sid-eba7eee9-582d-488c-8253-3a7b2a644c64">
        <omgdc:Bounds height="82.0" width="102.0" x="688.0" y="211.0"/>
      </bpmndi:BPMNShape>
      <bpmndi:BPMNShape bpmnElement="sid-57f94e30-9cb8-4af6-aac4-a9807e5651e8" id="BPMNShape_sid-57f94e30-9cb8-4af6-aac4-a9807e5651e8">
        <omgdc:Bounds height="82.0" width="102.0" x="992.0" y="112.0"/>
      </bpmndi:BPMNShape>
      <bpmndi:BPMNShape bpmnElement="sid-35705126-3fdc-4657-9ea8-d3d6ae237a66" id="BPMNShape_sid-35705126-3fdc-4657-9ea8-d3d6ae237a66">
        <omgdc:Bounds height="82.0" width="102.0" x="840.0" y="239.0"/>
      </bpmndi:BPMNShape>
      <bpmndi:BPMNShape bpmnElement="sid-7093b514-c156-4266-8f1b-135e512b9343" id="BPMNShape_sid-7093b514-c156-4266-8f1b-135e512b9343">
        <omgdc:Bounds height="82.0" width="102.0" x="536.0" y="71.0"/>
      </bpmndi:BPMNShape>
      <bpmndi:BPMNShape bpmnElement="sid-18fa22f1-6587-4009-af92-14a2791855a3" id="BPMNShape_sid-18fa22f1-6587-4009-af92-14a2791855a3">
        <omgdc:Bounds height="82.0" width="102.0" x="688.0" y="56.0"/>
      </bpmndi:BPMNShape>
      <bpmndi:BPMNShape bpmnElement="sid-596cc6da-04db-406b-818a-3c0d9a5bf140" id="BPMNShape_sid-596cc6da-04db-406b-818a-3c0d9a5bf140">
        <omgdc:Bounds height="30.0" width="30.0" x="1180.0" y="97.0"/>
      </bpmndi:BPMNShape>
      <bpmndi:BPMNShape bpmnElement="sid-6fffb7cf-8dec-4cf2-8b9a-49a602c16676" id="BPMNShape_sid-6fffb7cf-8dec-4cf2-8b9a-49a602c16676">
        <omgdc:Bounds height="82.0" width="102.0" x="840.0" y="15.0"/>
      </bpmndi:BPMNShape>
      <bpmndi:BPMNEdge bpmnElement="sid-256f7a5b-9c85-405e-bb90-db4ca0f8b5e2" id="BPMNEdge_sid-256f7a5b-9c85-405e-bb90-db4ca0f8b5e2">
        <omgdi:waypoint x="1094.0" y="292.9868421052632"/>
        <omgdi:waypoint x="1144.0" y="291.0131578947368"/>
      </bpmndi:BPMNEdge>
      <bpmndi:BPMNEdge bpmnElement="sid-12b80ab1-429e-40ed-aab4-766ed7a09cb1" id="BPMNEdge_sid-12b80ab1-429e-40ed-aab4-766ed7a09cb1">
        <omgdi:waypoint x="486.0" y="149.21052631578948"/>
        <omgdi:waypoint x="536.0" y="130.78947368421052"/>
      </bpmndi:BPMNEdge>
      <bpmndi:BPMNEdge bpmnElement="sid-51c1fa51-91b4-4bac-8dbb-9c016260d07e" id="BPMNEdge_sid-51c1fa51-91b4-4bac-8dbb-9c016260d07e">
        <omgdi:waypoint x="790.0" y="83.24342105263158"/>
        <omgdi:waypoint x="840.0" y="69.75657894736842"/>
      </bpmndi:BPMNEdge>
      <bpmndi:BPMNEdge bpmnElement="sid-2ae8078d-7f98-4f78-a0dc-9658a27b0f0a" id="BPMNEdge_sid-2ae8078d-7f98-4f78-a0dc-9658a27b0f0a">
        <omgdi:waypoint x="182.0" y="168.0"/>
        <omgdi:waypoint x="232.0" y="168.0"/>
      </bpmndi:BPMNEdge>
      <bpmndi:BPMNEdge bpmnElement="sid-2144c2c0-b0b1-4bbe-897f-5c4805131f2c" id="BPMNEdge_sid-2144c2c0-b0b1-4bbe-897f-5c4805131f2c">
        <omgdi:waypoint x="1094.0" y="139.2434210526316"/>
        <omgdi:waypoint x="1180.517605102995" y="115.90643546563949"/>
      </bpmndi:BPMNEdge>
      <bpmndi:BPMNEdge bpmnElement="sid-b37ba2b5-9878-44ae-9ae3-f0f782ec2ddc" id="BPMNEdge_sid-b37ba2b5-9878-44ae-9ae3-f0f782ec2ddc">
        <omgdi:waypoint x="486.0" y="186.78947368421052"/>
        <omgdi:waypoint x="536.0" y="205.21052631578948"/>
      </bpmndi:BPMNEdge>
      <bpmndi:BPMNEdge bpmnElement="sid-a2036651-544c-4248-91dc-0677e2293d5a" id="BPMNEdge_sid-a2036651-544c-4248-91dc-0677e2293d5a">
        <omgdi:waypoint x="638.0" y="233.39473684210526"/>
        <omgdi:waypoint x="688.0" y="242.60526315789474"/>
      </bpmndi:BPMNEdge>
      <bpmndi:BPMNEdge bpmnElement="sid-d964fe2d-9c39-4436-a8a3-3934b8e27cae" id="BPMNEdge_sid-d964fe2d-9c39-4436-a8a3-3934b8e27cae">
        <omgdi:waypoint x="1094.0" y="64.82236842105263"/>
        <omgdi:waypoint x="1181.409538002321" y="105.65182367213679"/>
      </bpmndi:BPMNEdge>
      <bpmndi:BPMNEdge bpmnElement="sid-2c1419b8-b6b2-4da3-b43c-01a0942c1a35" id="BPMNEdge_sid-2c1419b8-b6b2-4da3-b43c-01a0942c1a35">
        <omgdi:waypoint x="942.0" y="242.42105263157896"/>
        <omgdi:waypoint x="967.0" y="224.0"/>
        <omgdi:waypoint x="1119.0" y="224.0"/>
        <omgdi:waypoint x="1186.577478724941" y="124.41213661587638"/>
      </bpmndi:BPMNEdge>
      <bpmndi:BPMNEdge bpmnElement="sid-7d3278d8-1a5b-43f0-9819-405148ca6535" id="BPMNEdge_sid-7d3278d8-1a5b-43f0-9819-405148ca6535">
        <omgdi:waypoint x="790.0" y="261.39473684210526"/>
        <omgdi:waypoint x="840.0" y="270.60526315789474"/>
      </bpmndi:BPMNEdge>
      <bpmndi:BPMNEdge bpmnElement="sid-f811318e-99e4-4e8d-bac2-d04e95d9feab" id="BPMNEdge_sid-f811318e-99e4-4e8d-bac2-d04e95d9feab">
        <omgdi:waypoint x="638.0" y="106.96710526315789"/>
        <omgdi:waypoint x="688.0" y="102.03289473684211"/>
      </bpmndi:BPMNEdge>
      <bpmndi:BPMNEdge bpmnElement="sid-d80619b4-2354-4754-8a99-291bc5bf7017" id="BPMNEdge_sid-d80619b4-2354-4754-8a99-291bc5bf7017">
        <omgdi:waypoint x="638.0" y="186.42105263157896"/>
        <omgdi:waypoint x="663.0" y="168.0"/>
        <omgdi:waypoint x="815.0" y="168.0"/>
        <omgdi:waypoint x="840.0" y="168.0"/>
      </bpmndi:BPMNEdge>
      <bpmndi:BPMNEdge bpmnElement="sid-90b23efc-76f6-450d-9cbe-4faebb2ce4a1" id="BPMNEdge_sid-90b23efc-76f6-450d-9cbe-4faebb2ce4a1">
        <omgdi:waypoint x="790.0" y="120.82236842105263"/>
        <omgdi:waypoint x="840.0" y="144.17763157894737"/>
      </bpmndi:BPMNEdge>
      <bpmndi:BPMNEdge bpmnElement="sid-4dda1095-9c75-4412-af7c-67f1e886afe9" id="BPMNEdge_sid-4dda1095-9c75-4412-af7c-67f1e886afe9">
        <omgdi:waypoint x="30.0" y="168.0"/>
        <omgdi:waypoint x="80.0" y="168.0"/>
      </bpmndi:BPMNEdge>
      <bpmndi:BPMNEdge bpmnElement="sid-81ee08da-2df0-4094-a5f7-d858948e40bf" id="BPMNEdge_sid-81ee08da-2df0-4094-a5f7-d858948e40bf">
        <omgdi:waypoint x="942.0" y="50.9671052631579"/>
        <omgdi:waypoint x="992.0" y="46.0328947368421"/>
      </bpmndi:BPMNEdge>
      <bpmndi:BPMNEdge bpmnElement="sid-6c5bcac9-e0b2-4cc6-bc91-2e9f2ca687c8" id="BPMNEdge_sid-6c5bcac9-e0b2-4cc6-bc91-2e9f2ca687c8">
        <omgdi:waypoint x="1398.0" y="286.0"/>
        <omgdi:waypoint x="1448.0" y="286.0"/>
      </bpmndi:BPMNEdge>
      <bpmndi:BPMNEdge bpmnElement="sid-0ddeeb3a-3889-4a70-b642-b1f20b594a6f" id="BPMNEdge_sid-0ddeeb3a-3889-4a70-b642-b1f20b594a6f">
        <omgdi:waypoint x="942.0" y="162.9671052631579"/>
        <omgdi:waypoint x="992.0" y="158.0328947368421"/>
      </bpmndi:BPMNEdge>
      <bpmndi:BPMNEdge bpmnElement="sid-16bc9fb2-b18c-4bc4-b7c3-d51101c8cb63" id="BPMNEdge_sid-16bc9fb2-b18c-4bc4-b7c3-d51101c8cb63">
        <omgdi:waypoint x="334.0" y="168.0"/>
        <omgdi:waypoint x="384.0" y="168.0"/>
      </bpmndi:BPMNEdge>
      <bpmndi:BPMNEdge bpmnElement="sid-b0c08188-345c-464a-838d-8ae54b59fab2" id="BPMNEdge_sid-b0c08188-345c-464a-838d-8ae54b59fab2">
        <omgdi:waypoint x="1246.0" y="287.99342105263156"/>
        <omgdi:waypoint x="1296.0" y="287.00657894736844"/>
      </bpmndi:BPMNEdge>
      <bpmndi:BPMNEdge bpmnElement="sid-b8c4b934-458e-4590-9005-a48af40c7abe" id="BPMNEdge_sid-b8c4b934-458e-4590-9005-a48af40c7abe">
        <omgdi:waypoint x="942.0" y="285.0328947368421"/>
        <omgdi:waypoint x="992.0" y="289.9671052631579"/>
      </bpmndi:BPMNEdge>
    </bpmndi:BPMNPlane>
  </bpmndi:BPMNDiagram>
</definitions>