<?xml version='1.0' encoding='UTF-8'?>
<definitions xmlns="http://www.omg.org/spec/BPMN/20100524/MODEL" xmlns:xsi="http://www.w3.org/2001/XMLSchema-instance" xmlns:activiti="http://activiti.org/bpmn" xmlns:bpmndi="http://www.omg.org/spec/BPMN/20100524/DI" xmlns:omgdc="http://www.omg.org/spec/DD/20100524/DC" xmlns:omgdi="http://www.omg.org/spec/DD/20100524/DI" typeLanguage="http://www.w3.org/2001/XMLSchema" expressionLanguage="http://www.w3.org/1999/XPath" targetNamespace="http://www.activiti.org/test">
  <process id="invoice_number_lookup_8" name="invoice_number_lookup_8" isExecutable="true">
    <userTask id="sid-c5742e75-62c0-40f2-96c5-147714301536" name="Say One moment please." activiti:exclusive="false"/>
    <userTask id="sid-3a017ee1-af84-4bed-8927-f6b371e0902d" name="Say Per checking, Invoice Number 03144577is not showing in our system.." activiti:exclusive="false"/>
    <userTask id="sid-5dfca0e0-260d-4d25-a122-92ef3112d837" name="Ask whether the user has previously sent this invoice to Baker Hughes or any of its scanning locations." activiti:exclusive="false"/>
    <userTask id="sid-caa28e7e-9557-41b0-b7f8-a8b52d04571a" name="silence the agent" activiti:exclusive="false"/>
    <userTask id="sid-50727fb5-ed81-4f3e-99f7-90aa48ef317a" name="Say Thnk you for the information." activiti:exclusive="false"/>
    <endEvent id="sid-1494e76b-e891-41bf-a353-dab1ecad6e10"/>
    <userTask id="sid-83753013-e1bf-42a1-9b5c-7fd42b3c39a7" name="ask what is the &quot;invoice_number&quot;" activiti:exclusive="false"/>
    <userTask id="sid-115b07a7-3b91-45e0-86dc-6bf66a561388" name="Say I will check the ticket number." activiti:exclusive="false"/>
    <userTask id="sid-aae4783c-73c7-4f57-b845-082fc99c2672" name="ask the user what is the invoice amount" activiti:exclusive="false"/>
    <userTask id="sid-17a01724-e9bd-4119-bc43-349391977e46" name="run the workflow ambiguous_invoice_date" activiti:exclusive="false"/>
    <userTask id="sid-b104f89a-b33a-4127-a256-e8eb46d03c5f" name="Say Your invoice has been deleted in our system due missing cost center on your invoice copy.." activiti:exclusive="false"/>
    <userTask id="sid-deec7dc7-336c-4475-aef6-701676946872" name="execute the automaton invoice_detail" activiti:exclusive="false"/>
    <userTask id="sid-16b300d9-4a69-47e5-b0a5-b0a1ce82afbc" name="set the variable check_invoice_number to 1" activiti:exclusive="false"/>
    <userTask id="sid-9ff4fc14-f02f-45de-a37e-936ee169a940" name="Say Pleas send your revised invoice copy via normal invoice submission to process your invoice for payment.." activiti:exclusive="false"/>
    <userTask id="sid-75064861-0a43-4194-a7e5-82ec865b0dc8" name="set the variable check_invoice_number to 0" activiti:exclusive="false"/>
    <userTask id="sid-6f86c035-96ce-405f-9512-aaa36ce1b87c" name="Say For your reference please refer to Service Ticket Number INC000020352042." activiti:exclusive="false"/>
    <userTask id="sid-e4bdd69f-3d9e-462d-be05-fd912d69f878" name="say &quot;I couldn't find your invoice&quot;" activiti:exclusive="false"/>
    <userTask id="sid-f2ac1850-39b2-4d11-8b5d-311ccfe71f70" name="set the variable count3 to 0" activiti:exclusive="false"/>
    <userTask id="sid-36389290-1516-4ee1-80f5-dcbf0002c302" name="Say Should you need assistance, please feel free to ask Amelia or log a ticket thru Vendor Portal.." activiti:exclusive="false"/>
    <userTask id="sid-8eed1dea-a17d-444e-add5-eb08939910bc" name="set the variable count3 to ${count3 + 1}" activiti:exclusive="false"/>
    <endEvent id="sid-1ff1b8d1-2d36-4669-96bb-77cf3548660e"/>
    <userTask id="sid-297095ec-b4ab-41a7-9340-9512a8e7825b" name="say Thank you for the information" activiti:exclusive="false"/>
    <userTask id="sid-d3859220-5664-4544-b8b5-39ab01001707" name="escalate" activiti:exclusive="false"/>
    <userTask id="sid-112a533b-c58c-443d-b944-08bbc999ae75" name="say &quot;The invoice number is ${invoice_number}.&lt;br/> The invoice amount is ${fail_invoice_amount}.&lt;br/> The date is ${input2display}&quot; " activiti:exclusive="false"/>
    <userTask id="sid-f080f461-2d86-43cd-8e4c-5a3d4473768f" name="ask whether the data is correct" activiti:exclusive="false"/>
    <userTask id="sid-fa98734c-c53b-407c-99e3-2f6ef3d8c115" name="escalate" activiti:exclusive="false"/>
    <scriptTask id="sid-f24de77f-7a3c-4027-9a3f-3f6dc80d1ed3" name="format input2display" activiti:exclusive="false" scriptFormat="groovy" activiti:autoStoreVariables="false">
      <script>import java.util.*
import java.text.*


SimpleDateFormat sdf = new SimpleDateFormat("yyyyMMdd")
Date date= sdf.parse(invoice_date)
input2display =DateFormat.getDateInstance().format(date)

execution.setVariable("input2display", input2display)</script>
    </scriptTask>
    <userTask id="sid-4ddb5ed3-3031-40b3-9361-955d8cb2648c" name="escalate" activiti:exclusive="false"/>
    <startEvent id="sid-37e121d0-5add-492f-9c20-e8ef4711e816"/>
    <userTask id="sid-95a17be0-149b-47af-816e-28edae9ed136" name="Say Thank you for contacting Baker Hughes AP Helpdesk.." activiti:exclusive="false"/>
    <userTask id="sid-565ff8ef-a23a-4341-846e-83c88e16cc7c" name="Say Please hold for a moment while I review your request.." activiti:exclusive="false"/>
    <userTask id="sid-edad1e8f-f31e-4178-91b4-768e95db995b" name="Say I see that you are looking for the status of Invoice Number 03144577." activiti:exclusive="false"/>
    <userTask id="sid-363abba5-7bcf-4573-ba8e-e716cd4cbd91" name="Say One moment while im checking to your invoice." activiti:exclusive="false"/>
    <userTask id="sid-20b0e964-d3e0-4899-80f1-71784153f197" name="Say We would like to ask for the cost center number of PO number of your invoice." activiti:exclusive="false"/>
    <userTask id="sid-80be72e6-a22b-42a8-8b38-d92c8d936d4e" name="Say Ok thank you." activiti:exclusive="false"/>
    <endEvent id="sid-eb62b388-5c57-42db-8d8d-3af6e74d1d96"/>
    <userTask id="sid-c2ad6f7b-3a56-435c-95cb-1fabaa1d7b82" name="Say Thank you." activiti:exclusive="false"/>
    <sequenceFlow id="sid-6b6c8ad5-5526-4fbe-8f4b-18ef1fdb22b1" sourceRef="sid-c5742e75-62c0-40f2-96c5-147714301536" targetRef="sid-3a017ee1-af84-4bed-8927-f6b371e0902d"/>
    <sequenceFlow id="sid-856c887f-0750-4d10-9936-339e1aed8c4e" sourceRef="sid-3a017ee1-af84-4bed-8927-f6b371e0902d" targetRef="sid-5dfca0e0-260d-4d25-a122-92ef3112d837"/>
    <sequenceFlow id="sid-ff8fb17b-5c71-4d69-bd2e-143ee23fe797" name="According to INC000019605170 it was previously in your system." sourceRef="sid-5dfca0e0-260d-4d25-a122-92ef3112d837" targetRef="sid-caa28e7e-9557-41b0-b7f8-a8b52d04571a"/>
    <sequenceFlow id="sid-c16559e0-9874-496c-a44c-4213cd0e7fc1" name="please check." sourceRef="sid-caa28e7e-9557-41b0-b7f8-a8b52d04571a" targetRef="sid-50727fb5-ed81-4f3e-99f7-90aa48ef317a"/>
    <sequenceFlow id="sid-dd8cbfb4-1f48-45a1-9e4d-148b3c72d38e" sourceRef="sid-50727fb5-ed81-4f3e-99f7-90aa48ef317a" targetRef="sid-115b07a7-3b91-45e0-86dc-6bf66a561388"/>
    <sequenceFlow id="sid-10b653f5-f5a5-404a-8b85-93cf287bde90" name="else" sourceRef="sid-83753013-e1bf-42a1-9b5c-7fd42b3c39a7" targetRef="sid-aae4783c-73c7-4f57-b845-082fc99c2672"/>
    <sequenceFlow id="sid-80e40a35-0a3a-4d4d-be66-23acbf65b81f" name="I don't know, I do not know, no idea, no clue, don't know, not a clue, dunno, i have no clue, i don't have a clue, not sure, I'm not sure, I can't say, couldn't tell you, beats me, I'm not certain, your guess is as good as mine, you tell me, i'm clueless, say what" sourceRef="sid-83753013-e1bf-42a1-9b5c-7fd42b3c39a7" targetRef="sid-4ddb5ed3-3031-40b3-9361-955d8cb2648c"/>
    <sequenceFlow id="sid-9145f33f-faa5-4dfb-b393-42f7afe3f7ef" sourceRef="sid-115b07a7-3b91-45e0-86dc-6bf66a561388" targetRef="sid-b104f89a-b33a-4127-a256-e8eb46d03c5f"/>
    <sequenceFlow id="sid-66fbcd16-9acf-45bb-a0af-c867705089fb" sourceRef="sid-aae4783c-73c7-4f57-b845-082fc99c2672" targetRef="sid-17a01724-e9bd-4119-bc43-349391977e46"/>
    <sequenceFlow id="sid-9ef1cda5-3b62-4d80-a32f-7071202088d2" sourceRef="sid-17a01724-e9bd-4119-bc43-349391977e46" targetRef="sid-297095ec-b4ab-41a7-9340-9512a8e7825b"/>
    <sequenceFlow id="sid-5c07c5c6-890a-4b7a-8de4-17ec08e4dd4f" sourceRef="sid-b104f89a-b33a-4127-a256-e8eb46d03c5f" targetRef="sid-9ff4fc14-f02f-45de-a37e-936ee169a940"/>
    <sequenceFlow id="sid-b1e7f407-ffcc-47b3-b10c-1bdb582fe6a2" name="${multiple_invoice_flag eq 1}" sourceRef="sid-deec7dc7-336c-4475-aef6-701676946872" targetRef="sid-fa98734c-c53b-407c-99e3-2f6ef3d8c115"/>
    <sequenceFlow id="sid-cbec7253-5d32-4013-9c66-2d4625542c83" name="${status eq 'no invoice found'}" sourceRef="sid-deec7dc7-336c-4475-aef6-701676946872" targetRef="sid-e4bdd69f-3d9e-462d-be05-fd912d69f878"/>
    <sequenceFlow id="sid-c5e3ca7b-c8df-4088-a3a6-d0332d89d87e" name="else" sourceRef="sid-deec7dc7-336c-4475-aef6-701676946872" targetRef="sid-16b300d9-4a69-47e5-b0a5-b0a1ce82afbc"/>
    <sequenceFlow id="sid-6ddeab5d-ff56-49d6-8773-f24390141d85" sourceRef="sid-16b300d9-4a69-47e5-b0a5-b0a1ce82afbc" targetRef="sid-1494e76b-e891-41bf-a353-dab1ecad6e10"/>
    <sequenceFlow id="sid-e22dd2d5-c60a-41f2-9643-55e1a3314389" name="Thanks." sourceRef="sid-9ff4fc14-f02f-45de-a37e-936ee169a940" targetRef="sid-6f86c035-96ce-405f-9512-aaa36ce1b87c"/>
    <sequenceFlow id="sid-a4403583-b8b3-4fb0-9b7a-f5029c351b1a" sourceRef="sid-75064861-0a43-4194-a7e5-82ec865b0dc8" targetRef="sid-d3859220-5664-4544-b8b5-39ab01001707"/>
    <sequenceFlow id="sid-7cb75092-bf4b-42c4-8bb5-b3590657f8c6" sourceRef="sid-6f86c035-96ce-405f-9512-aaa36ce1b87c" targetRef="sid-36389290-1516-4ee1-80f5-dcbf0002c302"/>
    <sequenceFlow id="sid-e04e262b-bcd9-4fdc-9e79-8f71f87a382b" sourceRef="sid-e4bdd69f-3d9e-462d-be05-fd912d69f878" targetRef="sid-8eed1dea-a17d-444e-add5-eb08939910bc"/>
    <sequenceFlow id="sid-f807d06b-c83a-4297-bd8e-9788aee3b2f0" sourceRef="sid-f2ac1850-39b2-4d11-8b5d-311ccfe71f70" targetRef="sid-83753013-e1bf-42a1-9b5c-7fd42b3c39a7"/>
    <sequenceFlow id="sid-0ad7056e-049c-49ac-bea0-c6846c400810" sourceRef="sid-36389290-1516-4ee1-80f5-dcbf0002c302" targetRef="sid-1ff1b8d1-2d36-4669-96bb-77cf3548660e"/>
    <sequenceFlow id="sid-bd72cfa4-d4eb-4153-a5ed-8b1d0a0e6f6e" name="else" sourceRef="sid-8eed1dea-a17d-444e-add5-eb08939910bc" targetRef="sid-f24de77f-7a3c-4027-9a3f-3f6dc80d1ed3"/>
    <sequenceFlow id="sid-b140d40a-c6c1-40a4-b84d-981ab983a110" name="${count3 gt 1}" sourceRef="sid-8eed1dea-a17d-444e-add5-eb08939910bc" targetRef="sid-75064861-0a43-4194-a7e5-82ec865b0dc8"/>
    <sequenceFlow id="sid-476bec52-4e81-4f2f-ba33-b37af9850676" sourceRef="sid-297095ec-b4ab-41a7-9340-9512a8e7825b" targetRef="sid-deec7dc7-336c-4475-aef6-701676946872"/>
    <sequenceFlow id="sid-9fbe2740-d14b-412a-b16f-32d97bd23532" sourceRef="sid-d3859220-5664-4544-b8b5-39ab01001707" targetRef="sid-1494e76b-e891-41bf-a353-dab1ecad6e10"/>
    <sequenceFlow id="sid-3f93f22d-5300-4e22-a450-94a9b208d259" sourceRef="sid-d3859220-5664-4544-b8b5-39ab01001707" targetRef="sid-95a17be0-149b-47af-816e-28edae9ed136"/>
    <sequenceFlow id="sid-9e127b21-8768-4399-b247-948fe0aceaa0" sourceRef="sid-112a533b-c58c-443d-b944-08bbc999ae75" targetRef="sid-f080f461-2d86-43cd-8e4c-5a3d4473768f"/>
    <sequenceFlow id="sid-17b97ca9-a3af-4f97-bf40-cbd888d1d768" name="no" sourceRef="sid-f080f461-2d86-43cd-8e4c-5a3d4473768f" targetRef="sid-83753013-e1bf-42a1-9b5c-7fd42b3c39a7"/>
    <sequenceFlow id="sid-9ad16ad0-cb9c-41ce-b5c5-bc20447a8421" name="yes" sourceRef="sid-f080f461-2d86-43cd-8e4c-5a3d4473768f" targetRef="sid-75064861-0a43-4194-a7e5-82ec865b0dc8"/>
    <sequenceFlow id="sid-2ab5196e-2ff6-4487-b81a-3f5bc7206395" sourceRef="sid-fa98734c-c53b-407c-99e3-2f6ef3d8c115" targetRef="sid-1494e76b-e891-41bf-a353-dab1ecad6e10"/>
    <sequenceFlow id="sid-133ac538-dd51-45d3-b1a0-6bfd165216ab" sourceRef="sid-f24de77f-7a3c-4027-9a3f-3f6dc80d1ed3" targetRef="sid-112a533b-c58c-443d-b944-08bbc999ae75"/>
    <sequenceFlow id="sid-b84f2406-7eb8-4ef9-a1b2-83648aea9a33" sourceRef="sid-4ddb5ed3-3031-40b3-9361-955d8cb2648c" targetRef="sid-eb62b388-5c57-42db-8d8d-3af6e74d1d96"/>
    <sequenceFlow id="sid-1659a5a8-2095-4503-a857-49d85d14bb95" sourceRef="sid-37e121d0-5add-492f-9c20-e8ef4711e816" targetRef="sid-f2ac1850-39b2-4d11-8b5d-311ccfe71f70"/>
    <sequenceFlow id="sid-dc28ae36-a792-4ced-aad2-d15296f1ead2" sourceRef="sid-95a17be0-149b-47af-816e-28edae9ed136" targetRef="sid-565ff8ef-a23a-4341-846e-83c88e16cc7c"/>
    <sequenceFlow id="sid-648ffd3a-8aee-4941-9d90-fd02478fd6dc" sourceRef="sid-565ff8ef-a23a-4341-846e-83c88e16cc7c" targetRef="sid-edad1e8f-f31e-4178-91b4-768e95db995b"/>
    <sequenceFlow id="sid-8daf5598-712d-4afc-9e1d-7d59cf4d7af3" sourceRef="sid-edad1e8f-f31e-4178-91b4-768e95db995b" targetRef="sid-363abba5-7bcf-4573-ba8e-e716cd4cbd91"/>
    <sequenceFlow id="sid-d5456805-eaf1-4390-98a3-25b155313e1f" sourceRef="sid-363abba5-7bcf-4573-ba8e-e716cd4cbd91" targetRef="sid-20b0e964-d3e0-4899-80f1-71784153f197"/>
    <sequenceFlow id="sid-dbed03d3-9c39-48ad-ae27-808667b81a8e" name="Let me check our record." sourceRef="sid-20b0e964-d3e0-4899-80f1-71784153f197" targetRef="sid-80be72e6-a22b-42a8-8b38-d92c8d936d4e"/>
    <sequenceFlow id="sid-4464a7fb-e90b-4438-9d31-18630219d5d7" name="It is 860530510." sourceRef="sid-80be72e6-a22b-42a8-8b38-d92c8d936d4e" targetRef="sid-c2ad6f7b-3a56-435c-95cb-1fabaa1d7b82"/>
    <sequenceFlow id="sid-ae1cdce6-5700-418c-99eb-cc2c0d553f23" sourceRef="sid-c2ad6f7b-3a56-435c-95cb-1fabaa1d7b82" targetRef="sid-c5742e75-62c0-40f2-96c5-147714301536"/>
  </process>
  <bpmndi:BPMNDiagram id="BPMNDiagram_invoice_number_lookup_8">
    <bpmndi:BPMNPlane bpmnElement="invoice_number_lookup_8" id="BPMNPlane_invoice_number_lookup_8">
      <bpmndi:BPMNShape bpmnElement="sid-c5742e75-62c0-40f2-96c5-147714301536" id="BPMNShape_sid-c5742e75-62c0-40f2-96c5-147714301536">
        <omgdc:Bounds height="82.0" width="102.0" x="3120.0" y="127.0"/>
      </bpmndi:BPMNShape>
      <bpmndi:BPMNShape bpmnElement="sid-3a017ee1-af84-4bed-8927-f6b371e0902d" id="BPMNShape_sid-3a017ee1-af84-4bed-8927-f6b371e0902d">
        <omgdc:Bounds height="82.0" width="102.0" x="3272.0" y="127.0"/>
      </bpmndi:BPMNShape>
      <bpmndi:BPMNShape bpmnElement="sid-5dfca0e0-260d-4d25-a122-92ef3112d837" id="BPMNShape_sid-5dfca0e0-260d-4d25-a122-92ef3112d837">
        <omgdc:Bounds height="82.0" width="102.0" x="3424.0" y="127.0"/>
      </bpmndi:BPMNShape>
      <bpmndi:BPMNShape bpmnElement="sid-caa28e7e-9557-41b0-b7f8-a8b52d04571a" id="BPMNShape_sid-caa28e7e-9557-41b0-b7f8-a8b52d04571a">
        <omgdc:Bounds height="82.0" width="102.0" x="3576.0" y="127.0"/>
      </bpmndi:BPMNShape>
      <bpmndi:BPMNShape bpmnElement="sid-50727fb5-ed81-4f3e-99f7-90aa48ef317a" id="BPMNShape_sid-50727fb5-ed81-4f3e-99f7-90aa48ef317a">
        <omgdc:Bounds height="82.0" width="102.0" x="3728.0" y="127.0"/>
      </bpmndi:BPMNShape>
      <bpmndi:BPMNShape bpmnElement="sid-1494e76b-e891-41bf-a353-dab1ecad6e10" id="BPMNShape_sid-1494e76b-e891-41bf-a353-dab1ecad6e10">
        <omgdc:Bounds height="30.0" width="30.0" x="2092.0" y="97.0"/>
      </bpmndi:BPMNShape>
      <bpmndi:BPMNShape bpmnElement="sid-83753013-e1bf-42a1-9b5c-7fd42b3c39a7" id="BPMNShape_sid-83753013-e1bf-42a1-9b5c-7fd42b3c39a7">
        <omgdc:Bounds height="82.0" width="102.0" x="232.0" y="165.0"/>
      </bpmndi:BPMNShape>
      <bpmndi:BPMNShape bpmnElement="sid-115b07a7-3b91-45e0-86dc-6bf66a561388" id="BPMNShape_sid-115b07a7-3b91-45e0-86dc-6bf66a561388">
        <omgdc:Bounds height="82.0" width="102.0" x="3880.0" y="127.0"/>
      </bpmndi:BPMNShape>
      <bpmndi:BPMNShape bpmnElement="sid-aae4783c-73c7-4f57-b845-082fc99c2672" id="BPMNShape_sid-aae4783c-73c7-4f57-b845-082fc99c2672">
        <omgdc:Bounds height="82.0" width="102.0" x="384.0" y="56.0"/>
      </bpmndi:BPMNShape>
      <bpmndi:BPMNShape bpmnElement="sid-17a01724-e9bd-4119-bc43-349391977e46" id="BPMNShape_sid-17a01724-e9bd-4119-bc43-349391977e46">
        <omgdc:Bounds height="82.0" width="102.0" x="536.0" y="74.0"/>
      </bpmndi:BPMNShape>
      <bpmndi:BPMNShape bpmnElement="sid-b104f89a-b33a-4127-a256-e8eb46d03c5f" id="BPMNShape_sid-b104f89a-b33a-4127-a256-e8eb46d03c5f">
        <omgdc:Bounds height="82.0" width="102.0" x="4032.0" y="127.0"/>
      </bpmndi:BPMNShape>
      <bpmndi:BPMNShape bpmnElement="sid-deec7dc7-336c-4475-aef6-701676946872" id="BPMNShape_sid-deec7dc7-336c-4475-aef6-701676946872">
        <omgdc:Bounds height="82.0" width="102.0" x="840.0" y="108.0"/>
      </bpmndi:BPMNShape>
      <bpmndi:BPMNShape bpmnElement="sid-16b300d9-4a69-47e5-b0a5-b0a1ce82afbc" id="BPMNShape_sid-16b300d9-4a69-47e5-b0a5-b0a1ce82afbc">
        <omgdc:Bounds height="82.0" width="102.0" x="992.0" y="112.0"/>
      </bpmndi:BPMNShape>
      <bpmndi:BPMNShape bpmnElement="sid-9ff4fc14-f02f-45de-a37e-936ee169a940" id="BPMNShape_sid-9ff4fc14-f02f-45de-a37e-936ee169a940">
        <omgdc:Bounds height="82.0" width="102.0" x="4184.0" y="127.0"/>
      </bpmndi:BPMNShape>
      <bpmndi:BPMNShape bpmnElement="sid-75064861-0a43-4194-a7e5-82ec865b0dc8" id="BPMNShape_sid-75064861-0a43-4194-a7e5-82ec865b0dc8">
        <omgdc:Bounds height="82.0" width="102.0" x="1752.0" y="170.0"/>
      </bpmndi:BPMNShape>
      <bpmndi:BPMNShape bpmnElement="sid-6f86c035-96ce-405f-9512-aaa36ce1b87c" id="BPMNShape_sid-6f86c035-96ce-405f-9512-aaa36ce1b87c">
        <omgdc:Bounds height="82.0" width="102.0" x="4336.0" y="127.0"/>
      </bpmndi:BPMNShape>
      <bpmndi:BPMNShape bpmnElement="sid-e4bdd69f-3d9e-462d-be05-fd912d69f878" id="BPMNShape_sid-e4bdd69f-3d9e-462d-be05-fd912d69f878">
        <omgdc:Bounds height="82.0" width="102.0" x="992.0" y="224.0"/>
      </bpmndi:BPMNShape>
      <bpmndi:BPMNShape bpmnElement="sid-f2ac1850-39b2-4d11-8b5d-311ccfe71f70" id="BPMNShape_sid-f2ac1850-39b2-4d11-8b5d-311ccfe71f70">
        <omgdc:Bounds height="82.0" width="102.0" x="80.0" y="163.0"/>
      </bpmndi:BPMNShape>
      <bpmndi:BPMNShape bpmnElement="sid-36389290-1516-4ee1-80f5-dcbf0002c302" id="BPMNShape_sid-36389290-1516-4ee1-80f5-dcbf0002c302">
        <omgdc:Bounds height="82.0" width="102.0" x="4488.0" y="127.0"/>
      </bpmndi:BPMNShape>
      <bpmndi:BPMNShape bpmnElement="sid-8eed1dea-a17d-444e-add5-eb08939910bc" id="BPMNShape_sid-8eed1dea-a17d-444e-add5-eb08939910bc">
        <omgdc:Bounds height="82.0" width="102.0" x="1144.0" y="142.0"/>
      </bpmndi:BPMNShape>
      <bpmndi:BPMNShape bpmnElement="sid-1ff1b8d1-2d36-4669-96bb-77cf3548660e" id="BPMNShape_sid-1ff1b8d1-2d36-4669-96bb-77cf3548660e">
        <omgdc:Bounds height="30.0" width="30.0" x="4640.0" y="153.0"/>
      </bpmndi:BPMNShape>
      <bpmndi:BPMNShape bpmnElement="sid-297095ec-b4ab-41a7-9340-9512a8e7825b" id="BPMNShape_sid-297095ec-b4ab-41a7-9340-9512a8e7825b">
        <omgdc:Bounds height="82.0" width="102.0" x="688.0" y="92.0"/>
      </bpmndi:BPMNShape>
      <bpmndi:BPMNShape bpmnElement="sid-d3859220-5664-4544-b8b5-39ab01001707" id="BPMNShape_sid-d3859220-5664-4544-b8b5-39ab01001707">
        <omgdc:Bounds height="82.0" width="102.0" x="1904.0" y="157.0"/>
      </bpmndi:BPMNShape>
      <bpmndi:BPMNShape bpmnElement="sid-112a533b-c58c-443d-b944-08bbc999ae75" id="BPMNShape_sid-112a533b-c58c-443d-b944-08bbc999ae75">
        <omgdc:Bounds height="82.0" width="102.0" x="1448.0" y="127.0"/>
      </bpmndi:BPMNShape>
      <bpmndi:BPMNShape bpmnElement="sid-f080f461-2d86-43cd-8e4c-5a3d4473768f" id="BPMNShape_sid-f080f461-2d86-43cd-8e4c-5a3d4473768f">
        <omgdc:Bounds height="82.0" width="102.0" x="1600.0" y="142.0"/>
      </bpmndi:BPMNShape>
      <bpmndi:BPMNShape bpmnElement="sid-fa98734c-c53b-407c-99e3-2f6ef3d8c115" id="BPMNShape_sid-fa98734c-c53b-407c-99e3-2f6ef3d8c115">
        <omgdc:Bounds height="82.0" width="102.0" x="992.0" y="0.0"/>
      </bpmndi:BPMNShape>
      <bpmndi:BPMNShape bpmnElement="sid-f24de77f-7a3c-4027-9a3f-3f6dc80d1ed3" id="BPMNShape_sid-f24de77f-7a3c-4027-9a3f-3f6dc80d1ed3">
        <omgdc:Bounds height="82.0" width="102.0" x="1296.0" y="127.0"/>
      </bpmndi:BPMNShape>
      <bpmndi:BPMNShape bpmnElement="sid-4ddb5ed3-3031-40b3-9361-955d8cb2648c" id="BPMNShape_sid-4ddb5ed3-3031-40b3-9361-955d8cb2648c">
        <omgdc:Bounds height="82.0" width="102.0" x="384.0" y="168.0"/>
      </bpmndi:BPMNShape>
      <bpmndi:BPMNShape bpmnElement="sid-37e121d0-5add-492f-9c20-e8ef4711e816" id="BPMNShape_sid-37e121d0-5add-492f-9c20-e8ef4711e816">
        <omgdc:Bounds height="30.0" width="30.0" x="0.0" y="189.0"/>
      </bpmndi:BPMNShape>
      <bpmndi:BPMNShape bpmnElement="sid-95a17be0-149b-47af-816e-28edae9ed136" id="BPMNShape_sid-95a17be0-149b-47af-816e-28edae9ed136">
        <omgdc:Bounds height="82.0" width="102.0" x="2056.0" y="157.0"/>
      </bpmndi:BPMNShape>
      <bpmndi:BPMNShape bpmnElement="sid-565ff8ef-a23a-4341-846e-83c88e16cc7c" id="BPMNShape_sid-565ff8ef-a23a-4341-846e-83c88e16cc7c">
        <omgdc:Bounds height="82.0" width="102.0" x="2208.0" y="147.0"/>
      </bpmndi:BPMNShape>
      <bpmndi:BPMNShape bpmnElement="sid-edad1e8f-f31e-4178-91b4-768e95db995b" id="BPMNShape_sid-edad1e8f-f31e-4178-91b4-768e95db995b">
        <omgdc:Bounds height="82.0" width="102.0" x="2360.0" y="139.0"/>
      </bpmndi:BPMNShape>
      <bpmndi:BPMNShape bpmnElement="sid-363abba5-7bcf-4573-ba8e-e716cd4cbd91" id="BPMNShape_sid-363abba5-7bcf-4573-ba8e-e716cd4cbd91">
        <omgdc:Bounds height="82.0" width="102.0" x="2512.0" y="134.0"/>
      </bpmndi:BPMNShape>
      <bpmndi:BPMNShape bpmnElement="sid-20b0e964-d3e0-4899-80f1-71784153f197" id="BPMNShape_sid-20b0e964-d3e0-4899-80f1-71784153f197">
        <omgdc:Bounds height="82.0" width="102.0" x="2664.0" y="129.0"/>
      </bpmndi:BPMNShape>
      <bpmndi:BPMNShape bpmnElement="sid-80be72e6-a22b-42a8-8b38-d92c8d936d4e" id="BPMNShape_sid-80be72e6-a22b-42a8-8b38-d92c8d936d4e">
        <omgdc:Bounds height="82.0" width="102.0" x="2816.0" y="127.0"/>
      </bpmndi:BPMNShape>
      <bpmndi:BPMNShape bpmnElement="sid-eb62b388-5c57-42db-8d8d-3af6e74d1d96" id="BPMNShape_sid-eb62b388-5c57-42db-8d8d-3af6e74d1d96">
        <omgdc:Bounds height="30.0" width="30.0" x="572.0" y="194.0"/>
      </bpmndi:BPMNShape>
      <bpmndi:BPMNShape bpmnElement="sid-c2ad6f7b-3a56-435c-95cb-1fabaa1d7b82" id="BPMNShape_sid-c2ad6f7b-3a56-435c-95cb-1fabaa1d7b82">
        <omgdc:Bounds height="82.0" width="102.0" x="2968.0" y="127.0"/>
      </bpmndi:BPMNShape>
      <bpmndi:BPMNEdge bpmnElement="sid-6ddeab5d-ff56-49d6-8773-f24390141d85" id="BPMNEdge_sid-6ddeab5d-ff56-49d6-8773-f24390141d85">
        <omgdi:waypoint x="1094.0" y="115.42105263157895"/>
        <omgdi:waypoint x="1119.0" y="97.0"/>
        <omgdi:waypoint x="1271.0" y="97.0"/>
        <omgdi:waypoint x="1271.0" y="97.0"/>
        <omgdi:waypoint x="1423.0" y="97.0"/>
        <omgdi:waypoint x="1423.0" y="97.0"/>
        <omgdi:waypoint x="1575.0" y="97.0"/>
        <omgdi:waypoint x="1575.0" y="97.0"/>
        <omgdi:waypoint x="1727.0" y="97.0"/>
        <omgdi:waypoint x="1727.0" y="97.0"/>
        <omgdi:waypoint x="1879.0" y="97.0"/>
        <omgdi:waypoint x="1879.0" y="97.0"/>
        <omgdi:waypoint x="2031.0" y="97.0"/>
        <omgdi:waypoint x="2092.2838895758537" y="109.0955045215501"/>
      </bpmndi:BPMNEdge>
      <bpmndi:BPMNEdge bpmnElement="sid-5c07c5c6-890a-4b7a-8de4-17ec08e4dd4f" id="BPMNEdge_sid-5c07c5c6-890a-4b7a-8de4-17ec08e4dd4f">
        <omgdi:waypoint x="4134.0" y="168.0"/>
        <omgdi:waypoint x="4184.0" y="168.0"/>
      </bpmndi:BPMNEdge>
      <bpmndi:BPMNEdge bpmnElement="sid-cbec7253-5d32-4013-9c66-2d4625542c83" id="BPMNEdge_sid-cbec7253-5d32-4013-9c66-2d4625542c83">
        <omgdi:waypoint x="942.0" y="187.92105263157896"/>
        <omgdi:waypoint x="992.0" y="226.07894736842104"/>
      </bpmndi:BPMNEdge>
      <bpmndi:BPMNEdge bpmnElement="sid-e04e262b-bcd9-4fdc-9e79-8f71f87a382b" id="BPMNEdge_sid-e04e262b-bcd9-4fdc-9e79-8f71f87a382b">
        <omgdi:waypoint x="1094.0" y="237.48684210526315"/>
        <omgdi:waypoint x="1144.0" y="210.51315789473685"/>
      </bpmndi:BPMNEdge>
      <bpmndi:BPMNEdge bpmnElement="sid-648ffd3a-8aee-4941-9d90-fd02478fd6dc" id="BPMNEdge_sid-648ffd3a-8aee-4941-9d90-fd02478fd6dc">
        <omgdi:waypoint x="2310.0" y="185.31578947368422"/>
        <omgdi:waypoint x="2360.0" y="182.68421052631578"/>
      </bpmndi:BPMNEdge>
      <bpmndi:BPMNEdge bpmnElement="sid-f807d06b-c83a-4297-bd8e-9788aee3b2f0" id="BPMNEdge_sid-f807d06b-c83a-4297-bd8e-9788aee3b2f0">
        <omgdi:waypoint x="182.0" y="204.67105263157896"/>
        <omgdi:waypoint x="232.0" y="205.32894736842104"/>
      </bpmndi:BPMNEdge>
      <bpmndi:BPMNEdge bpmnElement="sid-7cb75092-bf4b-42c4-8bb5-b3590657f8c6" id="BPMNEdge_sid-7cb75092-bf4b-42c4-8bb5-b3590657f8c6">
        <omgdi:waypoint x="4438.0" y="168.0"/>
        <omgdi:waypoint x="4488.0" y="168.0"/>
      </bpmndi:BPMNEdge>
      <bpmndi:BPMNEdge bpmnElement="sid-ae1cdce6-5700-418c-99eb-cc2c0d553f23" id="BPMNEdge_sid-ae1cdce6-5700-418c-99eb-cc2c0d553f23">
        <omgdi:waypoint x="3070.0" y="168.0"/>
        <omgdi:waypoint x="3120.0" y="168.0"/>
      </bpmndi:BPMNEdge>
      <bpmndi:BPMNEdge bpmnElement="sid-bd72cfa4-d4eb-4153-a5ed-8b1d0a0e6f6e" id="BPMNEdge_sid-bd72cfa4-d4eb-4153-a5ed-8b1d0a0e6f6e">
        <omgdi:waypoint x="1246.0" y="177.9671052631579"/>
        <omgdi:waypoint x="1296.0" y="173.0328947368421"/>
      </bpmndi:BPMNEdge>
      <bpmndi:BPMNEdge bpmnElement="sid-d5456805-eaf1-4390-98a3-25b155313e1f" id="BPMNEdge_sid-d5456805-eaf1-4390-98a3-25b155313e1f">
        <omgdi:waypoint x="2614.0" y="173.32236842105263"/>
        <omgdi:waypoint x="2664.0" y="171.67763157894737"/>
      </bpmndi:BPMNEdge>
      <bpmndi:BPMNEdge bpmnElement="sid-9e127b21-8768-4399-b247-948fe0aceaa0" id="BPMNEdge_sid-9e127b21-8768-4399-b247-948fe0aceaa0">
        <omgdi:waypoint x="1550.0" y="173.0328947368421"/>
        <omgdi:waypoint x="1600.0" y="177.9671052631579"/>
      </bpmndi:BPMNEdge>
      <bpmndi:BPMNEdge bpmnElement="sid-dd8cbfb4-1f48-45a1-9e4d-148b3c72d38e" id="BPMNEdge_sid-dd8cbfb4-1f48-45a1-9e4d-148b3c72d38e">
        <omgdi:waypoint x="3830.0" y="168.0"/>
        <omgdi:waypoint x="3880.0" y="168.0"/>
      </bpmndi:BPMNEdge>
      <bpmndi:BPMNEdge bpmnElement="sid-476bec52-4e81-4f2f-ba33-b37af9850676" id="BPMNEdge_sid-476bec52-4e81-4f2f-ba33-b37af9850676">
        <omgdi:waypoint x="790.0" y="138.3684210526316"/>
        <omgdi:waypoint x="840.0" y="143.6315789473684"/>
      </bpmndi:BPMNEdge>
      <bpmndi:BPMNEdge bpmnElement="sid-dc28ae36-a792-4ced-aad2-d15296f1ead2" id="BPMNEdge_sid-dc28ae36-a792-4ced-aad2-d15296f1ead2">
        <omgdi:waypoint x="2158.0" y="194.64473684210526"/>
        <omgdi:waypoint x="2208.0" y="191.35526315789474"/>
      </bpmndi:BPMNEdge>
      <bpmndi:BPMNEdge bpmnElement="sid-a4403583-b8b3-4fb0-9b7a-f5029c351b1a" id="BPMNEdge_sid-a4403583-b8b3-4fb0-9b7a-f5029c351b1a">
        <omgdi:waypoint x="1854.0" y="206.63815789473685"/>
        <omgdi:waypoint x="1904.0" y="202.36184210526315"/>
      </bpmndi:BPMNEdge>
      <bpmndi:BPMNEdge bpmnElement="sid-dbed03d3-9c39-48ad-ae27-808667b81a8e" id="BPMNEdge_sid-dbed03d3-9c39-48ad-ae27-808667b81a8e">
        <omgdi:waypoint x="2766.0" y="169.32894736842104"/>
        <omgdi:waypoint x="2816.0" y="168.67105263157896"/>
      </bpmndi:BPMNEdge>
      <bpmndi:BPMNEdge bpmnElement="sid-9145f33f-faa5-4dfb-b393-42f7afe3f7ef" id="BPMNEdge_sid-9145f33f-faa5-4dfb-b393-42f7afe3f7ef">
        <omgdi:waypoint x="3982.0" y="168.0"/>
        <omgdi:waypoint x="4032.0" y="168.0"/>
      </bpmndi:BPMNEdge>
      <bpmndi:BPMNEdge bpmnElement="sid-ff8fb17b-5c71-4d69-bd2e-143ee23fe797" id="BPMNEdge_sid-ff8fb17b-5c71-4d69-bd2e-143ee23fe797">
        <omgdi:waypoint x="3526.0" y="168.0"/>
        <omgdi:waypoint x="3576.0" y="168.0"/>
      </bpmndi:BPMNEdge>
      <bpmndi:BPMNEdge bpmnElement="sid-133ac538-dd51-45d3-b1a0-6bfd165216ab" id="BPMNEdge_sid-133ac538-dd51-45d3-b1a0-6bfd165216ab">
        <omgdi:waypoint x="1398.0" y="168.0"/>
        <omgdi:waypoint x="1448.0" y="168.0"/>
      </bpmndi:BPMNEdge>
      <bpmndi:BPMNEdge bpmnElement="sid-9fbe2740-d14b-412a-b16f-32d97bd23532" id="BPMNEdge_sid-9fbe2740-d14b-412a-b16f-32d97bd23532">
        <omgdi:waypoint x="2006.0" y="169.14473684210526"/>
        <omgdi:waypoint x="2093.944757977644" y="119.3865185126489"/>
      </bpmndi:BPMNEdge>
      <bpmndi:BPMNEdge bpmnElement="sid-b84f2406-7eb8-4ef9-a1b2-83648aea9a33" id="BPMNEdge_sid-b84f2406-7eb8-4ef9-a1b2-83648aea9a33">
        <omgdi:waypoint x="486.0" y="209.0"/>
        <omgdi:waypoint x="572.0" y="209.0"/>
      </bpmndi:BPMNEdge>
      <bpmndi:BPMNEdge bpmnElement="sid-10b653f5-f5a5-404a-8b85-93cf287bde90" id="BPMNEdge_sid-10b653f5-f5a5-404a-8b85-93cf287bde90">
        <omgdi:waypoint x="334.0" y="169.42763157894737"/>
        <omgdi:waypoint x="384.0" y="133.57236842105263"/>
      </bpmndi:BPMNEdge>
      <bpmndi:BPMNEdge bpmnElement="sid-4464a7fb-e90b-4438-9d31-18630219d5d7" id="BPMNEdge_sid-4464a7fb-e90b-4438-9d31-18630219d5d7">
        <omgdi:waypoint x="2918.0" y="168.0"/>
        <omgdi:waypoint x="2968.0" y="168.0"/>
      </bpmndi:BPMNEdge>
      <bpmndi:BPMNEdge bpmnElement="sid-9ef1cda5-3b62-4d80-a32f-7071202088d2" id="BPMNEdge_sid-9ef1cda5-3b62-4d80-a32f-7071202088d2">
        <omgdi:waypoint x="638.0" y="121.03947368421052"/>
        <omgdi:waypoint x="688.0" y="126.96052631578948"/>
      </bpmndi:BPMNEdge>
      <bpmndi:BPMNEdge bpmnElement="sid-b140d40a-c6c1-40a4-b84d-981ab983a110" id="BPMNEdge_sid-b140d40a-c6c1-40a4-b84d-981ab983a110">
        <omgdi:waypoint x="1231.2325581395348" y="224.0"/>
        <omgdi:waypoint x="1271.0" y="269.0"/>
        <omgdi:waypoint x="1423.0" y="269.0"/>
        <omgdi:waypoint x="1423.0" y="269.0"/>
        <omgdi:waypoint x="1575.0" y="269.0"/>
        <omgdi:waypoint x="1575.0" y="269.0"/>
        <omgdi:waypoint x="1727.0" y="269.0"/>
        <omgdi:waypoint x="1752.0" y="249.92105263157896"/>
      </bpmndi:BPMNEdge>
      <bpmndi:BPMNEdge bpmnElement="sid-1659a5a8-2095-4503-a857-49d85d14bb95" id="BPMNEdge_sid-1659a5a8-2095-4503-a857-49d85d14bb95">
        <omgdi:waypoint x="30.0" y="204.0"/>
        <omgdi:waypoint x="80.0" y="204.0"/>
      </bpmndi:BPMNEdge>
      <bpmndi:BPMNEdge bpmnElement="sid-e22dd2d5-c60a-41f2-9643-55e1a3314389" id="BPMNEdge_sid-e22dd2d5-c60a-41f2-9643-55e1a3314389">
        <omgdi:waypoint x="4286.0" y="168.0"/>
        <omgdi:waypoint x="4336.0" y="168.0"/>
      </bpmndi:BPMNEdge>
      <bpmndi:BPMNEdge bpmnElement="sid-9ad16ad0-cb9c-41ce-b5c5-bc20447a8421" id="BPMNEdge_sid-9ad16ad0-cb9c-41ce-b5c5-bc20447a8421">
        <omgdi:waypoint x="1702.0" y="192.39473684210526"/>
        <omgdi:waypoint x="1752.0" y="201.60526315789474"/>
      </bpmndi:BPMNEdge>
      <bpmndi:BPMNEdge bpmnElement="sid-8daf5598-712d-4afc-9e1d-7d59cf4d7af3" id="BPMNEdge_sid-8daf5598-712d-4afc-9e1d-7d59cf4d7af3">
        <omgdi:waypoint x="2462.0" y="178.32236842105263"/>
        <omgdi:waypoint x="2512.0" y="176.67763157894737"/>
      </bpmndi:BPMNEdge>
      <bpmndi:BPMNEdge bpmnElement="sid-6b6c8ad5-5526-4fbe-8f4b-18ef1fdb22b1" id="BPMNEdge_sid-6b6c8ad5-5526-4fbe-8f4b-18ef1fdb22b1">
        <omgdi:waypoint x="3222.0" y="168.0"/>
        <omgdi:waypoint x="3272.0" y="168.0"/>
      </bpmndi:BPMNEdge>
      <bpmndi:BPMNEdge bpmnElement="sid-17b97ca9-a3af-4f97-bf40-cbd888d1d768" id="BPMNEdge_sid-17b97ca9-a3af-4f97-bf40-cbd888d1d768">
        <omgdi:waypoint x="1600.0" y="220.57894736842104"/>
        <omgdi:waypoint x="1575.0" y="239.0"/>
        <omgdi:waypoint x="1423.0" y="239.0"/>
        <omgdi:waypoint x="1423.0" y="336.0"/>
        <omgdi:waypoint x="1271.0" y="336.0"/>
        <omgdi:waypoint x="1271.0" y="336.0"/>
        <omgdi:waypoint x="1119.0" y="336.0"/>
        <omgdi:waypoint x="1119.0" y="336.0"/>
        <omgdi:waypoint x="967.0" y="336.0"/>
        <omgdi:waypoint x="967.0" y="336.0"/>
        <omgdi:waypoint x="815.0" y="336.0"/>
        <omgdi:waypoint x="815.0" y="336.0"/>
        <omgdi:waypoint x="663.0" y="336.0"/>
        <omgdi:waypoint x="663.0" y="336.0"/>
        <omgdi:waypoint x="511.0" y="336.0"/>
        <omgdi:waypoint x="511.0" y="336.0"/>
        <omgdi:waypoint x="359.0" y="336.0"/>
        <omgdi:waypoint x="306.96923076923076" y="247.0"/>
      </bpmndi:BPMNEdge>
      <bpmndi:BPMNEdge bpmnElement="sid-2ab5196e-2ff6-4487-b81a-3f5bc7206395" id="BPMNEdge_sid-2ab5196e-2ff6-4487-b81a-3f5bc7206395">
        <omgdi:waypoint x="1094.0" y="49.72368421052632"/>
        <omgdi:waypoint x="1119.0" y="54.0"/>
        <omgdi:waypoint x="1271.0" y="54.0"/>
        <omgdi:waypoint x="1271.0" y="54.0"/>
        <omgdi:waypoint x="1423.0" y="54.0"/>
        <omgdi:waypoint x="1423.0" y="54.0"/>
        <omgdi:waypoint x="1575.0" y="54.0"/>
        <omgdi:waypoint x="1575.0" y="54.0"/>
        <omgdi:waypoint x="1727.0" y="54.0"/>
        <omgdi:waypoint x="1727.0" y="54.0"/>
        <omgdi:waypoint x="1879.0" y="54.0"/>
        <omgdi:waypoint x="1879.0" y="54.0"/>
        <omgdi:waypoint x="2031.0" y="54.0"/>
        <omgdi:waypoint x="2095.075731309324" y="102.89990020974714"/>
      </bpmndi:BPMNEdge>
      <bpmndi:BPMNEdge bpmnElement="sid-80e40a35-0a3a-4d4d-be66-23acbf65b81f" id="BPMNEdge_sid-80e40a35-0a3a-4d4d-be66-23acbf65b81f">
        <omgdi:waypoint x="334.0" y="207.0065789473684"/>
        <omgdi:waypoint x="384.0" y="207.9934210526316"/>
      </bpmndi:BPMNEdge>
      <bpmndi:BPMNEdge bpmnElement="sid-b1e7f407-ffcc-47b3-b10c-1bdb582fe6a2" id="BPMNEdge_sid-b1e7f407-ffcc-47b3-b10c-1bdb582fe6a2">
        <omgdi:waypoint x="942.0" y="112.76315789473684"/>
        <omgdi:waypoint x="992.0" y="77.23684210526316"/>
      </bpmndi:BPMNEdge>
      <bpmndi:BPMNEdge bpmnElement="sid-3f93f22d-5300-4e22-a450-94a9b208d259" id="BPMNEdge_sid-3f93f22d-5300-4e22-a450-94a9b208d259">
        <omgdi:waypoint x="2006.0" y="198.0"/>
        <omgdi:waypoint x="2056.0" y="198.0"/>
      </bpmndi:BPMNEdge>
      <bpmndi:BPMNEdge bpmnElement="sid-66fbcd16-9acf-45bb-a0af-c867705089fb" id="BPMNEdge_sid-66fbcd16-9acf-45bb-a0af-c867705089fb">
        <omgdi:waypoint x="486.0" y="103.03947368421052"/>
        <omgdi:waypoint x="536.0" y="108.96052631578948"/>
      </bpmndi:BPMNEdge>
      <bpmndi:BPMNEdge bpmnElement="sid-c5e3ca7b-c8df-4088-a3a6-d0332d89d87e" id="BPMNEdge_sid-c5e3ca7b-c8df-4088-a3a6-d0332d89d87e">
        <omgdi:waypoint x="942.0" y="150.3421052631579"/>
        <omgdi:waypoint x="992.0" y="151.6578947368421"/>
      </bpmndi:BPMNEdge>
      <bpmndi:BPMNEdge bpmnElement="sid-c16559e0-9874-496c-a44c-4213cd0e7fc1" id="BPMNEdge_sid-c16559e0-9874-496c-a44c-4213cd0e7fc1">
        <omgdi:waypoint x="3678.0" y="168.0"/>
        <omgdi:waypoint x="3728.0" y="168.0"/>
      </bpmndi:BPMNEdge>
      <bpmndi:BPMNEdge bpmnElement="sid-856c887f-0750-4d10-9936-339e1aed8c4e" id="BPMNEdge_sid-856c887f-0750-4d10-9936-339e1aed8c4e">
        <omgdi:waypoint x="3374.0" y="168.0"/>
        <omgdi:waypoint x="3424.0" y="168.0"/>
      </bpmndi:BPMNEdge>
      <bpmndi:BPMNEdge bpmnElement="sid-0ad7056e-049c-49ac-bea0-c6846c400810" id="BPMNEdge_sid-0ad7056e-049c-49ac-bea0-c6846c400810">
        <omgdi:waypoint x="4590.0" y="168.0"/>
        <omgdi:waypoint x="4640.0" y="168.0"/>
      </bpmndi:BPMNEdge>
    </bpmndi:BPMNPlane>
  </bpmndi:BPMNDiagram>
</definitions>