<?xml version='1.0' encoding='UTF-8'?>
<definitions xmlns="http://www.omg.org/spec/BPMN/20100524/MODEL" xmlns:xsi="http://www.w3.org/2001/XMLSchema-instance" xmlns:activiti="http://activiti.org/bpmn" xmlns:bpmndi="http://www.omg.org/spec/BPMN/20100524/DI" xmlns:omgdc="http://www.omg.org/spec/DD/20100524/DC" xmlns:omgdi="http://www.omg.org/spec/DD/20100524/DI" typeLanguage="http://www.w3.org/2001/XMLSchema" expressionLanguage="http://www.w3.org/1999/XPath" targetNamespace="http://www.activiti.org/test">
  <process id="invoice_number_lookup_4" name="invoice_number_lookup_4" isExecutable="true">
    <userTask id="sid-90f38b03-793d-433a-afc1-22f4b36e1033" name="Say Thank you for contacting Baker Hughes AP Helpdesk.." activiti:exclusive="false"/>
    <userTask id="sid-ded7d024-045a-435a-8d88-4cbd5aa25f88" name="silence the agent" activiti:exclusive="false"/>
    <userTask id="sid-765c5d6e-69bb-4c4e-a0de-32341b4f6122" name="Say Kindly hold on for a moment and while I review your request." activiti:exclusive="false"/>
    <userTask id="sid-9c65391c-287a-4982-acb1-0bb556c0793d" name="Say Please note that we will create a ticket for this query.." activiti:exclusive="false"/>
    <userTask id="sid-15677c03-0172-4c9e-9d3d-bd9cfed53880" name="Say Resolution will be provided under ticket number INC000020230656.." activiti:exclusive="false"/>
    <userTask id="sid-7a5863b4-89f4-4ae7-9e29-c5d31041e970" name="Say You may refer to our SS Portal to view the status of the above ticket.." activiti:exclusive="false"/>
    <userTask id="sid-86204b4f-6c7f-4e75-b836-d026a51cfa08" name="Ask whether is there anything else that I can help the user with." activiti:exclusive="false"/>
    <userTask id="sid-fed02d05-c43f-4717-af82-dc2ef061636d" name="Say yes.." activiti:exclusive="false"/>
    <userTask id="sid-2b8a5dc5-6108-417d-a941-9c82910f4e34" name="Say we will send the resolution after this conversation.." activiti:exclusive="false"/>
    <userTask id="sid-9c8f2e9b-c2b4-4cae-970f-8550a464d7b7" name="Say Should you need assistance, please feel free to ask Amelia or log a ticket thru Vendor Portal.." activiti:exclusive="false"/>
    <userTask id="sid-793be826-0b42-4d27-a599-893ea6cd566c" name="Say Thnak you1." activiti:exclusive="false"/>
    <userTask id="sid-62debf2f-a0d3-4726-91e2-0dd6c48d7c2f" name="ask what is the &quot;invoice_number&quot;" activiti:exclusive="false"/>
    <userTask id="sid-0aed2fcf-840b-49ff-90ec-2c7a229ce5ce" name="ask the user what is the invoice amount" activiti:exclusive="false"/>
    <userTask id="sid-ed350a5a-92ef-4d7e-a3d9-ab28c38c95ff" name="run the workflow ambiguous_invoice_date" activiti:exclusive="false"/>
    <userTask id="sid-5e380c63-541a-4eb8-a503-8445d411e575" name="execute the automaton invoice_detail" activiti:exclusive="false"/>
    <userTask id="sid-8794910f-d0e2-4e2f-a667-13a502303128" name="set the variable check_invoice_number to 1" activiti:exclusive="false"/>
    <userTask id="sid-9c85cd60-9b2b-4b45-9451-ec9e16a6b6b4" name="set the variable check_invoice_number to 0" activiti:exclusive="false"/>
    <userTask id="sid-c4d71479-83ae-4906-a961-8493f5dac0f6" name="say &quot;I couldn't find your invoice&quot;" activiti:exclusive="false"/>
    <userTask id="sid-eb51a3b5-c530-480a-94f1-68fac21868cf" name="set the variable count3 to 0" activiti:exclusive="false"/>
    <userTask id="sid-13eb38a9-1a65-4f44-8771-1d3a31796619" name="set the variable count3 to ${count3 + 1}" activiti:exclusive="false"/>
    <userTask id="sid-91c7f10d-0305-4289-bd59-3416f283f26d" name="say Thank you for the information" activiti:exclusive="false"/>
    <userTask id="sid-c8c291c6-b537-4b1b-9ec6-303505c5a4ee" name="escalate" activiti:exclusive="false"/>
    <userTask id="sid-5c04736a-9753-4e7e-9e1f-cc764fb062b5" name="say &quot;The invoice number is ${invoice_number}.&lt;br/> The invoice amount is ${fail_invoice_amount}.&lt;br/> The date is ${input2display}&quot; " activiti:exclusive="false"/>
    <userTask id="sid-2aa87a29-1046-4871-ba37-6a254989e2e2" name="ask whether the data is correct" activiti:exclusive="false"/>
    <userTask id="sid-f420340f-d0bf-468d-af37-dda9da5e3971" name="escalate" activiti:exclusive="false"/>
    <scriptTask id="sid-59767b73-e9f0-4859-9ed0-7dddd429b2b6" name="format input2display" activiti:exclusive="false" scriptFormat="groovy" activiti:autoStoreVariables="false">
      <script>import java.util.*
import java.text.*


SimpleDateFormat sdf = new SimpleDateFormat("yyyyMMdd")
Date date= sdf.parse(invoice_date)
input2display =DateFormat.getDateInstance().format(date)

execution.setVariable("input2display", input2display)</script>
    </scriptTask>
    <userTask id="sid-951efda4-2d0b-4cee-9b6e-0057d4ffc44f" name="escalate" activiti:exclusive="false"/>
    <endEvent id="sid-5247ceb2-e646-4e54-9b8f-6ae71d79769c"/>
    <startEvent id="sid-c760ffef-d7e3-4dc7-8942-7d0211f00546"/>
    <endEvent id="sid-2050c72d-e325-438e-8294-841f327ec3c4"/>
    <endEvent id="sid-240c4feb-6183-4e82-afb6-ec2717c826e8"/>
    <sequenceFlow id="sid-b9afd6b3-d012-47eb-9289-855ff1f411f4" name="Please check the status for the following invoices:" sourceRef="sid-90f38b03-793d-433a-afc1-22f4b36e1033" targetRef="sid-ded7d024-045a-435a-8d88-4cbd5aa25f88"/>
    <sequenceFlow id="sid-b5603995-c938-468d-baca-9be65e27f5da" name="726126&#x9;1250.6&#x9;10/30/2014&#xd;&#xa;727291&#x9;5877.2&#x9;11/10/2014&#xd;&#xa;727290&#x9;2228.5&#x9;11/10/2014&#xd;&#xa;727252&#x9;701.94&#x9;11/10/2014&#xd;&#xa;727223&#x9;1815&#x9;11/10/2014&#xd;&#xa;727222&#x9;883.68&#x9;11/10/2014&#xd;&#xa;727298&#x9;6794&#x9;11/11/2014&#xd;&#xa;727683&#x9;423&#x9;11/12/2014&#xd;&#xa;727841&#x9;303.61&#x9;11/13/2014&#xd;&#xa;727840&#x9;447.34&#x9;11/13/2014&#xd;&#xa;727838&#x9;393.69&#x9;11/13/2014&#xd;&#xa;728443&#x9;229.1&#x9;11/18/2014&#xd;&#xa;728494&#x9;176&#x9;11/19/2014&#xd;&#xa;728762&#x9;210.58&#x9;11/21/2014&#xd;&#xa;728757&#x9;200.59&#x9;11/21/2014&#xd;&#xa;728756&#x9;540.21&#x9;11/21/2014&#xd;&#xa;729198&#x9;481.01&#x9;11/25/2014&#xd;&#xa;729134&#x9;108.9&#x9;11/25/2014&#xd;&#xa;729662&#x9;4169.34&#x9;11/27/2014&#xd;&#xa;729660&#x9;229.1&#x9;11/27/2014&#xd;&#xa;729552&#x9;1124&#x9;11/27/2014&#xd;&#xa;729548&#x9;496.9&#x9;11/27/2014&#xd;&#xa;729546&#x9;1032.55&#x9;11/27/2014&#xd;&#xa;729975&#x9;211.8&#x9;11/28/2014&#xd;&#xa;730682&#x9;1040.85&#x9;12/03/2014&#xd;&#xa;731847&#x9;191.3&#x9;12/16/2014&#xd;&#xa;731835&#x9;233&#x9;12/16/2014&#xd;&#xa;731834&#x9;1453.1&#x9;12/16/2014&#xd;&#xa;731833&#x9;341.99&#x9;12/16/2014&#xd;&#xa;732732&#x9;1115.17&#x9;12/22/2014&#xd;&#xa;732727&#x9;526.01&#x9;12/22/2014&#xd;&#xa;732722&#x9;282.1&#x9;12/22/2014&#xd;&#xa;734884&#x9;217&#x9;01/08/2015&#xd;&#xa;737763&#x9;740.50&#x9;01/29/2015&#xd;&#xa;737761&#x9;311.58&#x9;01/29/2015" sourceRef="sid-ded7d024-045a-435a-8d88-4cbd5aa25f88" targetRef="sid-765c5d6e-69bb-4c4e-a0de-32341b4f6122"/>
    <sequenceFlow id="sid-fb55cca7-4847-4c53-a68f-f771cccfd4f7" sourceRef="sid-765c5d6e-69bb-4c4e-a0de-32341b4f6122" targetRef="sid-9c65391c-287a-4982-acb1-0bb556c0793d"/>
    <sequenceFlow id="sid-c3b007b3-c3a8-48ae-8d5c-1957a3b7157b" sourceRef="sid-9c65391c-287a-4982-acb1-0bb556c0793d" targetRef="sid-15677c03-0172-4c9e-9d3d-bd9cfed53880"/>
    <sequenceFlow id="sid-90cc34d5-f974-46c8-987d-d28c4b743ae4" sourceRef="sid-15677c03-0172-4c9e-9d3d-bd9cfed53880" targetRef="sid-7a5863b4-89f4-4ae7-9e29-c5d31041e970"/>
    <sequenceFlow id="sid-7223f70f-eb9d-4788-89a7-a1956bda7301" sourceRef="sid-7a5863b4-89f4-4ae7-9e29-c5d31041e970" targetRef="sid-86204b4f-6c7f-4e75-b836-d026a51cfa08"/>
    <sequenceFlow id="sid-a41b20fc-52d1-4003-ac87-c0b7dba55120" name="i should see the response today right?" sourceRef="sid-86204b4f-6c7f-4e75-b836-d026a51cfa08" targetRef="sid-fed02d05-c43f-4717-af82-dc2ef061636d"/>
    <sequenceFlow id="sid-fcea5374-0e4a-4213-b5fa-4d52079f56be" name="thanks." sourceRef="sid-fed02d05-c43f-4717-af82-dc2ef061636d" targetRef="sid-2b8a5dc5-6108-417d-a941-9c82910f4e34"/>
    <sequenceFlow id="sid-abaea42c-8705-43e5-9d85-bfa095d1538a" sourceRef="sid-2b8a5dc5-6108-417d-a941-9c82910f4e34" targetRef="sid-9c8f2e9b-c2b4-4cae-970f-8550a464d7b7"/>
    <sequenceFlow id="sid-624b1f6f-2789-4b16-b304-992b3c933d1d" sourceRef="sid-9c8f2e9b-c2b4-4cae-970f-8550a464d7b7" targetRef="sid-793be826-0b42-4d27-a599-893ea6cd566c"/>
    <sequenceFlow id="sid-9261ce79-34b8-4d45-b226-c58078c7dfc5" sourceRef="sid-793be826-0b42-4d27-a599-893ea6cd566c" targetRef="sid-240c4feb-6183-4e82-afb6-ec2717c826e8"/>
    <sequenceFlow id="sid-1a70285f-d554-43fd-b648-6059dd15f6ab" name="else" sourceRef="sid-62debf2f-a0d3-4726-91e2-0dd6c48d7c2f" targetRef="sid-0aed2fcf-840b-49ff-90ec-2c7a229ce5ce"/>
    <sequenceFlow id="sid-ee53f84d-20f6-4b87-896b-7a2389d95405" name="I don't know, I do not know, no idea, no clue, don't know, not a clue, dunno, i have no clue, i don't have a clue, not sure, I'm not sure, I can't say, couldn't tell you, beats me, I'm not certain, your guess is as good as mine, you tell me, i'm clueless, say what" sourceRef="sid-62debf2f-a0d3-4726-91e2-0dd6c48d7c2f" targetRef="sid-951efda4-2d0b-4cee-9b6e-0057d4ffc44f"/>
    <sequenceFlow id="sid-c5f3f183-f249-46e6-9812-a90ea1a92117" name="1250.6" sourceRef="sid-0aed2fcf-840b-49ff-90ec-2c7a229ce5ce" targetRef="sid-90f38b03-793d-433a-afc1-22f4b36e1033"/>
    <sequenceFlow id="sid-f34d5732-efb3-4ced-a2ca-99fafe4fdf65" sourceRef="sid-0aed2fcf-840b-49ff-90ec-2c7a229ce5ce" targetRef="sid-ed350a5a-92ef-4d7e-a3d9-ab28c38c95ff"/>
    <sequenceFlow id="sid-94630b5d-62f4-44c2-bcd9-81b9fa63f190" sourceRef="sid-ed350a5a-92ef-4d7e-a3d9-ab28c38c95ff" targetRef="sid-91c7f10d-0305-4289-bd59-3416f283f26d"/>
    <sequenceFlow id="sid-22f738a7-26f2-4a5c-88a6-25d5cc45765b" name="else" sourceRef="sid-5e380c63-541a-4eb8-a503-8445d411e575" targetRef="sid-8794910f-d0e2-4e2f-a667-13a502303128"/>
    <sequenceFlow id="sid-4849ad1f-0a87-4a03-a83b-a113e43de2ee" name="${multiple_invoice_flag eq 1}" sourceRef="sid-5e380c63-541a-4eb8-a503-8445d411e575" targetRef="sid-f420340f-d0bf-468d-af37-dda9da5e3971"/>
    <sequenceFlow id="sid-5c247af2-b09a-4f74-ad50-b53fad635eb8" name="${status eq 'no invoice found'}" sourceRef="sid-5e380c63-541a-4eb8-a503-8445d411e575" targetRef="sid-c4d71479-83ae-4906-a961-8493f5dac0f6"/>
    <sequenceFlow id="sid-0a9edef1-27f6-4f39-b267-636c67bb7d3c" sourceRef="sid-8794910f-d0e2-4e2f-a667-13a502303128" targetRef="sid-2050c72d-e325-438e-8294-841f327ec3c4"/>
    <sequenceFlow id="sid-bf4151c4-578f-4ae1-8dd1-7ac22b85ab44" sourceRef="sid-9c85cd60-9b2b-4b45-9451-ec9e16a6b6b4" targetRef="sid-c8c291c6-b537-4b1b-9ec6-303505c5a4ee"/>
    <sequenceFlow id="sid-59a40f54-ef70-4bb3-964e-cc964d909661" sourceRef="sid-c4d71479-83ae-4906-a961-8493f5dac0f6" targetRef="sid-13eb38a9-1a65-4f44-8771-1d3a31796619"/>
    <sequenceFlow id="sid-11d07b1e-0d88-464f-a2b8-143ab9a45d35" sourceRef="sid-eb51a3b5-c530-480a-94f1-68fac21868cf" targetRef="sid-62debf2f-a0d3-4726-91e2-0dd6c48d7c2f"/>
    <sequenceFlow id="sid-fd6b557d-f56e-47e3-8f2f-d3acd954e690" name="${count3 gt 1}" sourceRef="sid-13eb38a9-1a65-4f44-8771-1d3a31796619" targetRef="sid-9c85cd60-9b2b-4b45-9451-ec9e16a6b6b4"/>
    <sequenceFlow id="sid-22e99120-2d2c-4c6e-bc4a-66638701ade4" name="else" sourceRef="sid-13eb38a9-1a65-4f44-8771-1d3a31796619" targetRef="sid-59767b73-e9f0-4859-9ed0-7dddd429b2b6"/>
    <sequenceFlow id="sid-84b46c14-11d2-4ad4-9887-865e1098bc39" sourceRef="sid-91c7f10d-0305-4289-bd59-3416f283f26d" targetRef="sid-5e380c63-541a-4eb8-a503-8445d411e575"/>
    <sequenceFlow id="sid-e401b0da-6211-4b7c-8dcf-e7fe73596808" sourceRef="sid-c8c291c6-b537-4b1b-9ec6-303505c5a4ee" targetRef="sid-2050c72d-e325-438e-8294-841f327ec3c4"/>
    <sequenceFlow id="sid-9d4c8bcd-4238-439b-91a4-e1ad2f69d88b" sourceRef="sid-5c04736a-9753-4e7e-9e1f-cc764fb062b5" targetRef="sid-2aa87a29-1046-4871-ba37-6a254989e2e2"/>
    <sequenceFlow id="sid-b8ff1e9f-78ba-4e6c-8e85-14c4c9e6c34e" name="yes" sourceRef="sid-2aa87a29-1046-4871-ba37-6a254989e2e2" targetRef="sid-9c85cd60-9b2b-4b45-9451-ec9e16a6b6b4"/>
    <sequenceFlow id="sid-d037a19f-724f-4dbd-af63-feab526a7ab5" name="no" sourceRef="sid-2aa87a29-1046-4871-ba37-6a254989e2e2" targetRef="sid-62debf2f-a0d3-4726-91e2-0dd6c48d7c2f"/>
    <sequenceFlow id="sid-a82b6bf3-34f2-459a-b967-e4f091a427d4" sourceRef="sid-f420340f-d0bf-468d-af37-dda9da5e3971" targetRef="sid-2050c72d-e325-438e-8294-841f327ec3c4"/>
    <sequenceFlow id="sid-c7b80861-9ff0-44c2-9b62-49750c665444" sourceRef="sid-59767b73-e9f0-4859-9ed0-7dddd429b2b6" targetRef="sid-5c04736a-9753-4e7e-9e1f-cc764fb062b5"/>
    <sequenceFlow id="sid-3279f8a6-cbf1-40f4-a8a5-d59552b37522" sourceRef="sid-951efda4-2d0b-4cee-9b6e-0057d4ffc44f" targetRef="sid-5247ceb2-e646-4e54-9b8f-6ae71d79769c"/>
    <sequenceFlow id="sid-683631a6-68ef-40ed-8e70-bea189d51b07" sourceRef="sid-c760ffef-d7e3-4dc7-8942-7d0211f00546" targetRef="sid-eb51a3b5-c530-480a-94f1-68fac21868cf"/>
  </process>
  <bpmndi:BPMNDiagram id="BPMNDiagram_invoice_number_lookup_4">
    <bpmndi:BPMNPlane bpmnElement="invoice_number_lookup_4" id="BPMNPlane_invoice_number_lookup_4">
      <bpmndi:BPMNShape bpmnElement="sid-90f38b03-793d-433a-afc1-22f4b36e1033" id="BPMNShape_sid-90f38b03-793d-433a-afc1-22f4b36e1033">
        <omgdc:Bounds height="82.0" width="102.0" x="536.0" y="82.0"/>
      </bpmndi:BPMNShape>
      <bpmndi:BPMNShape bpmnElement="sid-ded7d024-045a-435a-8d88-4cbd5aa25f88" id="BPMNShape_sid-ded7d024-045a-435a-8d88-4cbd5aa25f88">
        <omgdc:Bounds height="82.0" width="102.0" x="688.0" y="55.0"/>
      </bpmndi:BPMNShape>
      <bpmndi:BPMNShape bpmnElement="sid-765c5d6e-69bb-4c4e-a0de-32341b4f6122" id="BPMNShape_sid-765c5d6e-69bb-4c4e-a0de-32341b4f6122">
        <omgdc:Bounds height="82.0" width="102.0" x="840.0" y="27.0"/>
      </bpmndi:BPMNShape>
      <bpmndi:BPMNShape bpmnElement="sid-9c65391c-287a-4982-acb1-0bb556c0793d" id="BPMNShape_sid-9c65391c-287a-4982-acb1-0bb556c0793d">
        <omgdc:Bounds height="82.0" width="102.0" x="992.0" y="0.0"/>
      </bpmndi:BPMNShape>
      <bpmndi:BPMNShape bpmnElement="sid-15677c03-0172-4c9e-9d3d-bd9cfed53880" id="BPMNShape_sid-15677c03-0172-4c9e-9d3d-bd9cfed53880">
        <omgdc:Bounds height="82.0" width="102.0" x="1144.0" y="14.0"/>
      </bpmndi:BPMNShape>
      <bpmndi:BPMNShape bpmnElement="sid-7a5863b4-89f4-4ae7-9e29-c5d31041e970" id="BPMNShape_sid-7a5863b4-89f4-4ae7-9e29-c5d31041e970">
        <omgdc:Bounds height="82.0" width="102.0" x="1296.0" y="26.0"/>
      </bpmndi:BPMNShape>
      <bpmndi:BPMNShape bpmnElement="sid-86204b4f-6c7f-4e75-b836-d026a51cfa08" id="BPMNShape_sid-86204b4f-6c7f-4e75-b836-d026a51cfa08">
        <omgdc:Bounds height="82.0" width="102.0" x="1448.0" y="36.0"/>
      </bpmndi:BPMNShape>
      <bpmndi:BPMNShape bpmnElement="sid-fed02d05-c43f-4717-af82-dc2ef061636d" id="BPMNShape_sid-fed02d05-c43f-4717-af82-dc2ef061636d">
        <omgdc:Bounds height="82.0" width="102.0" x="1600.0" y="44.0"/>
      </bpmndi:BPMNShape>
      <bpmndi:BPMNShape bpmnElement="sid-2b8a5dc5-6108-417d-a941-9c82910f4e34" id="BPMNShape_sid-2b8a5dc5-6108-417d-a941-9c82910f4e34">
        <omgdc:Bounds height="82.0" width="102.0" x="1752.0" y="50.0"/>
      </bpmndi:BPMNShape>
      <bpmndi:BPMNShape bpmnElement="sid-9c8f2e9b-c2b4-4cae-970f-8550a464d7b7" id="BPMNShape_sid-9c8f2e9b-c2b4-4cae-970f-8550a464d7b7">
        <omgdc:Bounds height="82.0" width="102.0" x="1904.0" y="54.0"/>
      </bpmndi:BPMNShape>
      <bpmndi:BPMNShape bpmnElement="sid-793be826-0b42-4d27-a599-893ea6cd566c" id="BPMNShape_sid-793be826-0b42-4d27-a599-893ea6cd566c">
        <omgdc:Bounds height="82.0" width="102.0" x="2056.0" y="56.0"/>
      </bpmndi:BPMNShape>
      <bpmndi:BPMNShape bpmnElement="sid-62debf2f-a0d3-4726-91e2-0dd6c48d7c2f" id="BPMNShape_sid-62debf2f-a0d3-4726-91e2-0dd6c48d7c2f">
        <omgdc:Bounds height="82.0" width="102.0" x="232.0" y="221.0"/>
      </bpmndi:BPMNShape>
      <bpmndi:BPMNShape bpmnElement="sid-0aed2fcf-840b-49ff-90ec-2c7a229ce5ce" id="BPMNShape_sid-0aed2fcf-840b-49ff-90ec-2c7a229ce5ce">
        <omgdc:Bounds height="82.0" width="102.0" x="384.0" y="112.0"/>
      </bpmndi:BPMNShape>
      <bpmndi:BPMNShape bpmnElement="sid-ed350a5a-92ef-4d7e-a3d9-ab28c38c95ff" id="BPMNShape_sid-ed350a5a-92ef-4d7e-a3d9-ab28c38c95ff">
        <omgdc:Bounds height="82.0" width="102.0" x="536.0" y="194.0"/>
      </bpmndi:BPMNShape>
      <bpmndi:BPMNShape bpmnElement="sid-5e380c63-541a-4eb8-a503-8445d411e575" id="BPMNShape_sid-5e380c63-541a-4eb8-a503-8445d411e575">
        <omgdc:Bounds height="82.0" width="102.0" x="840.0" y="220.0"/>
      </bpmndi:BPMNShape>
      <bpmndi:BPMNShape bpmnElement="sid-8794910f-d0e2-4e2f-a667-13a502303128" id="BPMNShape_sid-8794910f-d0e2-4e2f-a667-13a502303128">
        <omgdc:Bounds height="82.0" width="102.0" x="992.0" y="112.0"/>
      </bpmndi:BPMNShape>
      <bpmndi:BPMNShape bpmnElement="sid-9c85cd60-9b2b-4b45-9451-ec9e16a6b6b4" id="BPMNShape_sid-9c85cd60-9b2b-4b45-9451-ec9e16a6b6b4">
        <omgdc:Bounds height="82.0" width="102.0" x="1752.0" y="261.0"/>
      </bpmndi:BPMNShape>
      <bpmndi:BPMNShape bpmnElement="sid-c4d71479-83ae-4906-a961-8493f5dac0f6" id="BPMNShape_sid-c4d71479-83ae-4906-a961-8493f5dac0f6">
        <omgdc:Bounds height="82.0" width="102.0" x="992.0" y="336.0"/>
      </bpmndi:BPMNShape>
      <bpmndi:BPMNShape bpmnElement="sid-eb51a3b5-c530-480a-94f1-68fac21868cf" id="BPMNShape_sid-eb51a3b5-c530-480a-94f1-68fac21868cf">
        <omgdc:Bounds height="82.0" width="102.0" x="80.0" y="219.0"/>
      </bpmndi:BPMNShape>
      <bpmndi:BPMNShape bpmnElement="sid-13eb38a9-1a65-4f44-8771-1d3a31796619" id="BPMNShape_sid-13eb38a9-1a65-4f44-8771-1d3a31796619">
        <omgdc:Bounds height="82.0" width="102.0" x="1144.0" y="254.0"/>
      </bpmndi:BPMNShape>
      <bpmndi:BPMNShape bpmnElement="sid-91c7f10d-0305-4289-bd59-3416f283f26d" id="BPMNShape_sid-91c7f10d-0305-4289-bd59-3416f283f26d">
        <omgdc:Bounds height="82.0" width="102.0" x="688.0" y="207.0"/>
      </bpmndi:BPMNShape>
      <bpmndi:BPMNShape bpmnElement="sid-c8c291c6-b537-4b1b-9ec6-303505c5a4ee" id="BPMNShape_sid-c8c291c6-b537-4b1b-9ec6-303505c5a4ee">
        <omgdc:Bounds height="82.0" width="102.0" x="1904.0" y="269.0"/>
      </bpmndi:BPMNShape>
      <bpmndi:BPMNShape bpmnElement="sid-5c04736a-9753-4e7e-9e1f-cc764fb062b5" id="BPMNShape_sid-5c04736a-9753-4e7e-9e1f-cc764fb062b5">
        <omgdc:Bounds height="82.0" width="102.0" x="1448.0" y="269.0"/>
      </bpmndi:BPMNShape>
      <bpmndi:BPMNShape bpmnElement="sid-2aa87a29-1046-4871-ba37-6a254989e2e2" id="BPMNShape_sid-2aa87a29-1046-4871-ba37-6a254989e2e2">
        <omgdc:Bounds height="82.0" width="102.0" x="1600.0" y="289.0"/>
      </bpmndi:BPMNShape>
      <bpmndi:BPMNShape bpmnElement="sid-f420340f-d0bf-468d-af37-dda9da5e3971" id="BPMNShape_sid-f420340f-d0bf-468d-af37-dda9da5e3971">
        <omgdc:Bounds height="82.0" width="102.0" x="992.0" y="224.0"/>
      </bpmndi:BPMNShape>
      <bpmndi:BPMNShape bpmnElement="sid-59767b73-e9f0-4859-9ed0-7dddd429b2b6" id="BPMNShape_sid-59767b73-e9f0-4859-9ed0-7dddd429b2b6">
        <omgdc:Bounds height="82.0" width="102.0" x="1296.0" y="269.0"/>
      </bpmndi:BPMNShape>
      <bpmndi:BPMNShape bpmnElement="sid-951efda4-2d0b-4cee-9b6e-0057d4ffc44f" id="BPMNShape_sid-951efda4-2d0b-4cee-9b6e-0057d4ffc44f">
        <omgdc:Bounds height="82.0" width="102.0" x="384.0" y="224.0"/>
      </bpmndi:BPMNShape>
      <bpmndi:BPMNShape bpmnElement="sid-5247ceb2-e646-4e54-9b8f-6ae71d79769c" id="BPMNShape_sid-5247ceb2-e646-4e54-9b8f-6ae71d79769c">
        <omgdc:Bounds height="30.0" width="30.0" x="572.0" y="306.0"/>
      </bpmndi:BPMNShape>
      <bpmndi:BPMNShape bpmnElement="sid-c760ffef-d7e3-4dc7-8942-7d0211f00546" id="BPMNShape_sid-c760ffef-d7e3-4dc7-8942-7d0211f00546">
        <omgdc:Bounds height="30.0" width="30.0" x="0.0" y="245.0"/>
      </bpmndi:BPMNShape>
      <bpmndi:BPMNShape bpmnElement="sid-2050c72d-e325-438e-8294-841f327ec3c4" id="BPMNShape_sid-2050c72d-e325-438e-8294-841f327ec3c4">
        <omgdc:Bounds height="30.0" width="30.0" x="2092.0" y="237.0"/>
      </bpmndi:BPMNShape>
      <bpmndi:BPMNShape bpmnElement="sid-240c4feb-6183-4e82-afb6-ec2717c826e8" id="BPMNShape_sid-240c4feb-6183-4e82-afb6-ec2717c826e8">
        <omgdc:Bounds height="30.0" width="30.0" x="2208.0" y="82.0"/>
      </bpmndi:BPMNShape>
      <bpmndi:BPMNEdge bpmnElement="sid-5c247af2-b09a-4f74-ad50-b53fad635eb8" id="BPMNEdge_sid-5c247af2-b09a-4f74-ad50-b53fad635eb8">
        <omgdi:waypoint x="942.0" y="299.92105263157896"/>
        <omgdi:waypoint x="992.0" y="338.07894736842104"/>
      </bpmndi:BPMNEdge>
      <bpmndi:BPMNEdge bpmnElement="sid-59a40f54-ef70-4bb3-964e-cc964d909661" id="BPMNEdge_sid-59a40f54-ef70-4bb3-964e-cc964d909661">
        <omgdi:waypoint x="1094.0" y="349.4868421052632"/>
        <omgdi:waypoint x="1144.0" y="322.5131578947368"/>
      </bpmndi:BPMNEdge>
      <bpmndi:BPMNEdge bpmnElement="sid-9261ce79-34b8-4d45-b226-c58078c7dfc5" id="BPMNEdge_sid-9261ce79-34b8-4d45-b226-c58078c7dfc5">
        <omgdi:waypoint x="2158.0" y="97.0"/>
        <omgdi:waypoint x="2208.0" y="97.0"/>
      </bpmndi:BPMNEdge>
      <bpmndi:BPMNEdge bpmnElement="sid-94630b5d-62f4-44c2-bcd9-81b9fa63f190" id="BPMNEdge_sid-94630b5d-62f4-44c2-bcd9-81b9fa63f190">
        <omgdi:waypoint x="638.0" y="239.36184210526315"/>
        <omgdi:waypoint x="688.0" y="243.63815789473685"/>
      </bpmndi:BPMNEdge>
      <bpmndi:BPMNEdge bpmnElement="sid-a82b6bf3-34f2-459a-b967-e4f091a427d4" id="BPMNEdge_sid-a82b6bf3-34f2-459a-b967-e4f091a427d4">
        <omgdi:waypoint x="1094.0" y="227.42105263157896"/>
        <omgdi:waypoint x="1119.0" y="209.0"/>
        <omgdi:waypoint x="1271.0" y="209.0"/>
        <omgdi:waypoint x="1271.0" y="209.0"/>
        <omgdi:waypoint x="1423.0" y="209.0"/>
        <omgdi:waypoint x="1423.0" y="209.0"/>
        <omgdi:waypoint x="1575.0" y="209.0"/>
        <omgdi:waypoint x="1575.0" y="209.0"/>
        <omgdi:waypoint x="1727.0" y="209.0"/>
        <omgdi:waypoint x="1727.0" y="209.0"/>
        <omgdi:waypoint x="1879.0" y="209.0"/>
        <omgdi:waypoint x="1879.0" y="209.0"/>
        <omgdi:waypoint x="2031.0" y="209.0"/>
        <omgdi:waypoint x="2093.944757977644" y="244.6134814873511"/>
      </bpmndi:BPMNEdge>
      <bpmndi:BPMNEdge bpmnElement="sid-22f738a7-26f2-4a5c-88a6-25d5cc45765b" id="BPMNEdge_sid-22f738a7-26f2-4a5c-88a6-25d5cc45765b">
        <omgdi:waypoint x="942.0" y="224.76315789473685"/>
        <omgdi:waypoint x="992.0" y="189.23684210526315"/>
      </bpmndi:BPMNEdge>
      <bpmndi:BPMNEdge bpmnElement="sid-e401b0da-6211-4b7c-8dcf-e7fe73596808" id="BPMNEdge_sid-e401b0da-6211-4b7c-8dcf-e7fe73596808">
        <omgdi:waypoint x="2006.0" y="290.5394736842105"/>
        <omgdi:waypoint x="2092.9856072600764" y="257.3475972297077"/>
      </bpmndi:BPMNEdge>
      <bpmndi:BPMNEdge bpmnElement="sid-7223f70f-eb9d-4788-89a7-a1956bda7301" id="BPMNEdge_sid-7223f70f-eb9d-4788-89a7-a1956bda7301">
        <omgdi:waypoint x="1398.0" y="70.35526315789474"/>
        <omgdi:waypoint x="1448.0" y="73.64473684210526"/>
      </bpmndi:BPMNEdge>
      <bpmndi:BPMNEdge bpmnElement="sid-b5603995-c938-468d-baca-9be65e27f5da" id="BPMNEdge_sid-b5603995-c938-468d-baca-9be65e27f5da">
        <omgdi:waypoint x="790.0" y="86.60526315789474"/>
        <omgdi:waypoint x="840.0" y="77.39473684210526"/>
      </bpmndi:BPMNEdge>
      <bpmndi:BPMNEdge bpmnElement="sid-9d4c8bcd-4238-439b-91a4-e1ad2f69d88b" id="BPMNEdge_sid-9d4c8bcd-4238-439b-91a4-e1ad2f69d88b">
        <omgdi:waypoint x="1550.0" y="316.7105263157895"/>
        <omgdi:waypoint x="1600.0" y="323.2894736842105"/>
      </bpmndi:BPMNEdge>
      <bpmndi:BPMNEdge bpmnElement="sid-4849ad1f-0a87-4a03-a83b-a113e43de2ee" id="BPMNEdge_sid-4849ad1f-0a87-4a03-a83b-a113e43de2ee">
        <omgdi:waypoint x="942.0" y="262.3421052631579"/>
        <omgdi:waypoint x="992.0" y="263.6578947368421"/>
      </bpmndi:BPMNEdge>
      <bpmndi:BPMNEdge bpmnElement="sid-0a9edef1-27f6-4f39-b267-636c67bb7d3c" id="BPMNEdge_sid-0a9edef1-27f6-4f39-b267-636c67bb7d3c">
        <omgdi:waypoint x="1094.0" y="161.72368421052633"/>
        <omgdi:waypoint x="1119.0" y="166.0"/>
        <omgdi:waypoint x="1271.0" y="166.0"/>
        <omgdi:waypoint x="1271.0" y="166.0"/>
        <omgdi:waypoint x="1423.0" y="166.0"/>
        <omgdi:waypoint x="1423.0" y="166.0"/>
        <omgdi:waypoint x="1575.0" y="166.0"/>
        <omgdi:waypoint x="1575.0" y="166.0"/>
        <omgdi:waypoint x="1727.0" y="166.0"/>
        <omgdi:waypoint x="1727.0" y="166.0"/>
        <omgdi:waypoint x="1879.0" y="166.0"/>
        <omgdi:waypoint x="1879.0" y="166.0"/>
        <omgdi:waypoint x="2031.0" y="166.0"/>
        <omgdi:waypoint x="2097.067033052924" y="240.7600637177828"/>
      </bpmndi:BPMNEdge>
      <bpmndi:BPMNEdge bpmnElement="sid-1a70285f-d554-43fd-b648-6059dd15f6ab" id="BPMNEdge_sid-1a70285f-d554-43fd-b648-6059dd15f6ab">
        <omgdi:waypoint x="334.0" y="225.42763157894737"/>
        <omgdi:waypoint x="384.0" y="189.57236842105263"/>
      </bpmndi:BPMNEdge>
      <bpmndi:BPMNEdge bpmnElement="sid-683631a6-68ef-40ed-8e70-bea189d51b07" id="BPMNEdge_sid-683631a6-68ef-40ed-8e70-bea189d51b07">
        <omgdi:waypoint x="30.0" y="260.0"/>
        <omgdi:waypoint x="80.0" y="260.0"/>
      </bpmndi:BPMNEdge>
      <bpmndi:BPMNEdge bpmnElement="sid-abaea42c-8705-43e5-9d85-bfa095d1538a" id="BPMNEdge_sid-abaea42c-8705-43e5-9d85-bfa095d1538a">
        <omgdi:waypoint x="1854.0" y="92.34210526315789"/>
        <omgdi:waypoint x="1904.0" y="93.65789473684211"/>
      </bpmndi:BPMNEdge>
      <bpmndi:BPMNEdge bpmnElement="sid-c5f3f183-f249-46e6-9812-a90ea1a92117" id="BPMNEdge_sid-c5f3f183-f249-46e6-9812-a90ea1a92117">
        <omgdi:waypoint x="486.0" y="142.93421052631578"/>
        <omgdi:waypoint x="536.0" y="133.06578947368422"/>
      </bpmndi:BPMNEdge>
      <bpmndi:BPMNEdge bpmnElement="sid-90cc34d5-f974-46c8-987d-d28c4b743ae4" id="BPMNEdge_sid-90cc34d5-f974-46c8-987d-d28c4b743ae4">
        <omgdi:waypoint x="1246.0" y="59.026315789473685"/>
        <omgdi:waypoint x="1296.0" y="62.973684210526315"/>
      </bpmndi:BPMNEdge>
      <bpmndi:BPMNEdge bpmnElement="sid-ee53f84d-20f6-4b87-896b-7a2389d95405" id="BPMNEdge_sid-ee53f84d-20f6-4b87-896b-7a2389d95405">
        <omgdi:waypoint x="334.0" y="263.00657894736844"/>
        <omgdi:waypoint x="384.0" y="263.99342105263156"/>
      </bpmndi:BPMNEdge>
      <bpmndi:BPMNEdge bpmnElement="sid-c3b007b3-c3a8-48ae-8d5c-1957a3b7157b" id="BPMNEdge_sid-c3b007b3-c3a8-48ae-8d5c-1957a3b7157b">
        <omgdi:waypoint x="1094.0" y="45.69736842105263"/>
        <omgdi:waypoint x="1144.0" y="50.30263157894737"/>
      </bpmndi:BPMNEdge>
      <bpmndi:BPMNEdge bpmnElement="sid-a41b20fc-52d1-4003-ac87-c0b7dba55120" id="BPMNEdge_sid-a41b20fc-52d1-4003-ac87-c0b7dba55120">
        <omgdi:waypoint x="1550.0" y="79.6842105263158"/>
        <omgdi:waypoint x="1600.0" y="82.3157894736842"/>
      </bpmndi:BPMNEdge>
      <bpmndi:BPMNEdge bpmnElement="sid-b8ff1e9f-78ba-4e6c-8e85-14c4c9e6c34e" id="BPMNEdge_sid-b8ff1e9f-78ba-4e6c-8e85-14c4c9e6c34e">
        <omgdi:waypoint x="1702.0" y="320.60526315789474"/>
        <omgdi:waypoint x="1752.0" y="311.39473684210526"/>
      </bpmndi:BPMNEdge>
      <bpmndi:BPMNEdge bpmnElement="sid-624b1f6f-2789-4b16-b304-992b3c933d1d" id="BPMNEdge_sid-624b1f6f-2789-4b16-b304-992b3c933d1d">
        <omgdi:waypoint x="2006.0" y="95.67105263157895"/>
        <omgdi:waypoint x="2056.0" y="96.32894736842105"/>
      </bpmndi:BPMNEdge>
      <bpmndi:BPMNEdge bpmnElement="sid-bf4151c4-578f-4ae1-8dd1-7ac22b85ab44" id="BPMNEdge_sid-bf4151c4-578f-4ae1-8dd1-7ac22b85ab44">
        <omgdi:waypoint x="1854.0" y="304.6842105263158"/>
        <omgdi:waypoint x="1904.0" y="307.3157894736842"/>
      </bpmndi:BPMNEdge>
      <bpmndi:BPMNEdge bpmnElement="sid-f34d5732-efb3-4ced-a2ca-99fafe4fdf65" id="BPMNEdge_sid-f34d5732-efb3-4ced-a2ca-99fafe4fdf65">
        <omgdi:waypoint x="486.0" y="180.51315789473682"/>
        <omgdi:waypoint x="536.0" y="207.48684210526318"/>
      </bpmndi:BPMNEdge>
      <bpmndi:BPMNEdge bpmnElement="sid-84b46c14-11d2-4ad4-9887-865e1098bc39" id="BPMNEdge_sid-84b46c14-11d2-4ad4-9887-865e1098bc39">
        <omgdi:waypoint x="790.0" y="252.36184210526315"/>
        <omgdi:waypoint x="840.0" y="256.6381578947368"/>
      </bpmndi:BPMNEdge>
      <bpmndi:BPMNEdge bpmnElement="sid-b9afd6b3-d012-47eb-9289-855ff1f411f4" id="BPMNEdge_sid-b9afd6b3-d012-47eb-9289-855ff1f411f4">
        <omgdi:waypoint x="638.0" y="113.94078947368422"/>
        <omgdi:waypoint x="688.0" y="105.05921052631578"/>
      </bpmndi:BPMNEdge>
      <bpmndi:BPMNEdge bpmnElement="sid-11d07b1e-0d88-464f-a2b8-143ab9a45d35" id="BPMNEdge_sid-11d07b1e-0d88-464f-a2b8-143ab9a45d35">
        <omgdi:waypoint x="182.0" y="260.67105263157896"/>
        <omgdi:waypoint x="232.0" y="261.32894736842104"/>
      </bpmndi:BPMNEdge>
      <bpmndi:BPMNEdge bpmnElement="sid-fd6b557d-f56e-47e3-8f2f-d3acd954e690" id="BPMNEdge_sid-fd6b557d-f56e-47e3-8f2f-d3acd954e690">
        <omgdi:waypoint x="1246.0" y="257.42105263157896"/>
        <omgdi:waypoint x="1271.0" y="239.0"/>
        <omgdi:waypoint x="1423.0" y="239.0"/>
        <omgdi:waypoint x="1423.0" y="239.0"/>
        <omgdi:waypoint x="1575.0" y="239.0"/>
        <omgdi:waypoint x="1575.0" y="239.0"/>
        <omgdi:waypoint x="1727.0" y="239.0"/>
        <omgdi:waypoint x="1753.5396825396826" y="261.0"/>
      </bpmndi:BPMNEdge>
      <bpmndi:BPMNEdge bpmnElement="sid-fcea5374-0e4a-4213-b5fa-4d52079f56be" id="BPMNEdge_sid-fcea5374-0e4a-4213-b5fa-4d52079f56be">
        <omgdi:waypoint x="1702.0" y="87.01315789473685"/>
        <omgdi:waypoint x="1752.0" y="88.98684210526315"/>
      </bpmndi:BPMNEdge>
      <bpmndi:BPMNEdge bpmnElement="sid-22e99120-2d2c-4c6e-bc4a-66638701ade4" id="BPMNEdge_sid-22e99120-2d2c-4c6e-bc4a-66638701ade4">
        <omgdi:waypoint x="1246.0" y="300.0328947368421"/>
        <omgdi:waypoint x="1296.0" y="304.9671052631579"/>
      </bpmndi:BPMNEdge>
      <bpmndi:BPMNEdge bpmnElement="sid-d037a19f-724f-4dbd-af63-feab526a7ab5" id="BPMNEdge_sid-d037a19f-724f-4dbd-af63-feab526a7ab5">
        <omgdi:waypoint x="1624.593220338983" y="371.0"/>
        <omgdi:waypoint x="1575.0" y="448.0"/>
        <omgdi:waypoint x="1423.0" y="448.0"/>
        <omgdi:waypoint x="1423.0" y="448.0"/>
        <omgdi:waypoint x="1271.0" y="448.0"/>
        <omgdi:waypoint x="1271.0" y="448.0"/>
        <omgdi:waypoint x="1119.0" y="448.0"/>
        <omgdi:waypoint x="1119.0" y="448.0"/>
        <omgdi:waypoint x="967.0" y="448.0"/>
        <omgdi:waypoint x="967.0" y="448.0"/>
        <omgdi:waypoint x="815.0" y="448.0"/>
        <omgdi:waypoint x="815.0" y="448.0"/>
        <omgdi:waypoint x="663.0" y="448.0"/>
        <omgdi:waypoint x="663.0" y="448.0"/>
        <omgdi:waypoint x="511.0" y="448.0"/>
        <omgdi:waypoint x="511.0" y="448.0"/>
        <omgdi:waypoint x="359.0" y="448.0"/>
        <omgdi:waypoint x="299.752688172043" y="303.0"/>
      </bpmndi:BPMNEdge>
      <bpmndi:BPMNEdge bpmnElement="sid-c7b80861-9ff0-44c2-9b62-49750c665444" id="BPMNEdge_sid-c7b80861-9ff0-44c2-9b62-49750c665444">
        <omgdi:waypoint x="1398.0" y="310.0"/>
        <omgdi:waypoint x="1448.0" y="310.0"/>
      </bpmndi:BPMNEdge>
      <bpmndi:BPMNEdge bpmnElement="sid-fb55cca7-4847-4c53-a68f-f771cccfd4f7" id="BPMNEdge_sid-fb55cca7-4847-4c53-a68f-f771cccfd4f7">
        <omgdi:waypoint x="942.0" y="58.94078947368421"/>
        <omgdi:waypoint x="992.0" y="50.05921052631579"/>
      </bpmndi:BPMNEdge>
      <bpmndi:BPMNEdge bpmnElement="sid-3279f8a6-cbf1-40f4-a8a5-d59552b37522" id="BPMNEdge_sid-3279f8a6-cbf1-40f4-a8a5-d59552b37522">
        <omgdi:waypoint x="486.0" y="283.7894736842105"/>
        <omgdi:waypoint x="572.9248532477434" y="315.81441961758964"/>
      </bpmndi:BPMNEdge>
    </bpmndi:BPMNPlane>
  </bpmndi:BPMNDiagram>
</definitions>