<?xml version='1.0' encoding='UTF-8'?>
<definitions xmlns="http://www.omg.org/spec/BPMN/20100524/MODEL" xmlns:xsi="http://www.w3.org/2001/XMLSchema-instance" xmlns:activiti="http://activiti.org/bpmn" xmlns:bpmndi="http://www.omg.org/spec/BPMN/20100524/DI" xmlns:omgdc="http://www.omg.org/spec/DD/20100524/DC" xmlns:omgdi="http://www.omg.org/spec/DD/20100524/DI" typeLanguage="http://www.w3.org/2001/XMLSchema" expressionLanguage="http://www.w3.org/1999/XPath" targetNamespace="http://www.activiti.org/processdef">
  <process id="invoice_bpn" name="invoice_bpn" isExecutable="true">
    <startEvent id="sid-2C4795DA-B646-4B20-AED1-87BB67F62D1E"/>
    <userTask id="sid-CE00FC0F-3C20-4C75-AE77-DCE9FFD1B1C6" name="set the variable keyword to &quot;invoice&quot;"/>
    <sequenceFlow id="sid-A647E369-81F6-4E31-BB62-0B6B4E9CDCB9" sourceRef="sid-2C4795DA-B646-4B20-AED1-87BB67F62D1E" targetRef="sid-CE00FC0F-3C20-4C75-AE77-DCE9FFD1B1C6"/>
    <userTask id="sid-B244A4ED-2521-442C-9A55-E38B988E7B3A" name="run the workflow vendor_invoice_lookup"/>
    <sequenceFlow id="sid-DF806488-6950-4987-B90D-ABE8AF9BD0A9" sourceRef="sid-CE00FC0F-3C20-4C75-AE77-DCE9FFD1B1C6" targetRef="sid-B244A4ED-2521-442C-9A55-E38B988E7B3A"/>
    <endEvent id="sid-C8B4EB6F-CD15-415C-8F31-A1AF67783E49"/>
    <sequenceFlow id="sid-1D3FCA72-7AC0-4290-9AB0-29D07C663972" sourceRef="sid-B244A4ED-2521-442C-9A55-E38B988E7B3A" targetRef="sid-C8B4EB6F-CD15-415C-8F31-A1AF67783E49"/>
  </process>
  <bpmndi:BPMNDiagram id="BPMNDiagram_invoice_bpn">
    <bpmndi:BPMNPlane bpmnElement="invoice_bpn" id="BPMNPlane_invoice_bpn">
      <bpmndi:BPMNShape bpmnElement="sid-2C4795DA-B646-4B20-AED1-87BB67F62D1E" id="BPMNShape_sid-2C4795DA-B646-4B20-AED1-87BB67F62D1E">
        <omgdc:Bounds height="30.0" width="30.0" x="79.0" y="212.0"/>
      </bpmndi:BPMNShape>
      <bpmndi:BPMNShape bpmnElement="sid-CE00FC0F-3C20-4C75-AE77-DCE9FFD1B1C6" id="BPMNShape_sid-CE00FC0F-3C20-4C75-AE77-DCE9FFD1B1C6">
        <omgdc:Bounds height="80.0" width="100.0" x="154.0" y="187.0"/>
      </bpmndi:BPMNShape>
      <bpmndi:BPMNShape bpmnElement="sid-B244A4ED-2521-442C-9A55-E38B988E7B3A" id="BPMNShape_sid-B244A4ED-2521-442C-9A55-E38B988E7B3A">
        <omgdc:Bounds height="80.0" width="100.0" x="285.0" y="187.0"/>
      </bpmndi:BPMNShape>
      <bpmndi:BPMNShape bpmnElement="sid-C8B4EB6F-CD15-415C-8F31-A1AF67783E49" id="BPMNShape_sid-C8B4EB6F-CD15-415C-8F31-A1AF67783E49">
        <omgdc:Bounds height="28.0" width="28.0" x="430.0" y="213.0"/>
      </bpmndi:BPMNShape>
      <bpmndi:BPMNEdge bpmnElement="sid-DF806488-6950-4987-B90D-ABE8AF9BD0A9" id="BPMNEdge_sid-DF806488-6950-4987-B90D-ABE8AF9BD0A9">
        <omgdi:waypoint x="254.0" y="227.0"/>
        <omgdi:waypoint x="285.0" y="227.0"/>
      </bpmndi:BPMNEdge>
      <bpmndi:BPMNEdge bpmnElement="sid-1D3FCA72-7AC0-4290-9AB0-29D07C663972" id="BPMNEdge_sid-1D3FCA72-7AC0-4290-9AB0-29D07C663972">
        <omgdi:waypoint x="385.0" y="227.0"/>
        <omgdi:waypoint x="430.0" y="227.0"/>
      </bpmndi:BPMNEdge>
      <bpmndi:BPMNEdge bpmnElement="sid-A647E369-81F6-4E31-BB62-0B6B4E9CDCB9" id="BPMNEdge_sid-A647E369-81F6-4E31-BB62-0B6B4E9CDCB9">
        <omgdi:waypoint x="109.0" y="227.0"/>
        <omgdi:waypoint x="154.0" y="227.0"/>
      </bpmndi:BPMNEdge>
    </bpmndi:BPMNPlane>
  </bpmndi:BPMNDiagram>
</definitions>