<?xml version='1.0' encoding='UTF-8'?>
<definitions xmlns="http://www.omg.org/spec/BPMN/20100524/MODEL" xmlns:xsi="http://www.w3.org/2001/XMLSchema-instance" xmlns:activiti="http://activiti.org/bpmn" xmlns:bpmndi="http://www.omg.org/spec/BPMN/20100524/DI" xmlns:omgdc="http://www.omg.org/spec/DD/20100524/DC" xmlns:omgdi="http://www.omg.org/spec/DD/20100524/DI" typeLanguage="http://www.w3.org/2001/XMLSchema" expressionLanguage="http://www.w3.org/1999/XPath" targetNamespace="http://www.activiti.org/test">
  <process id="invoice_number_lookup_9" name="invoice_number_lookup_9" isExecutable="true">
    <userTask id="sid-6b7f8ee2-eebf-4e88-b743-c933a56633b2" name="Say Thank you for contacting Baker Hughes AP Helpdesk.." activiti:exclusive="false"/>
    <userTask id="sid-6582fb72-95d3-40f6-a5f7-09571c890b97" name="Say I see that you are looking for the status of Invoice Number 03135310.." activiti:exclusive="false"/>
    <userTask id="sid-e8712724-2ce6-4dea-acbf-f314c24f7af2" name="Say Per checking, Invoice Number 03135310 is not yet showing in the system.." activiti:exclusive="false"/>
    <userTask id="sid-c4606614-ba1b-4f21-97b5-dc5a0e8299c5" name="Say Please hold on for a moment as I will search for the status of your invoices.." activiti:exclusive="false"/>
    <startEvent id="sid-ea54c584-b617-4429-bc68-463d6c1c612a"/>
    <userTask id="sid-afb1c86d-839b-45ea-9353-d10c637847a8" name="Say Per checking, your invoices in question are not found in the system.." activiti:exclusive="false"/>
    <userTask id="sid-e8e9636b-dcbf-4ac0-9dac-9c068534c54f" name="Say Please send the copy of invoices via your normal invoice submission process.." activiti:exclusive="false"/>
    <userTask id="sid-376cc95a-9648-40c4-bc28-7fe1c049f024" name="Say Thank you.." activiti:exclusive="false"/>
    <userTask id="sid-ca682dfb-1674-415c-87e5-8b986cdac105" name="Ask whether is there anything else that I can help the user with." activiti:exclusive="false"/>
    <userTask id="sid-1499f083-5d86-45cd-bebe-3b34e1a5382b" name="Say Please be advised that we have created a new ticket for this query.." activiti:exclusive="false"/>
    <userTask id="sid-f96857c5-82d9-4572-be5b-46df1cfeceb8" name="Say For any follow up, please send your email to APServices@bakerhughes.com under Ticket Number INC000020389592.." activiti:exclusive="false"/>
    <userTask id="sid-93ca645a-41c6-45f8-8e2a-32f385671221" name="Say Should you need assistance, please feel free to ask Amelia or log a ticket thru Vendor Portal.." activiti:exclusive="false"/>
    <userTask id="sid-f7d24aab-d9dd-4be0-947e-a31020e61224" name="Say Thank you and may you have a great day!." activiti:exclusive="false"/>
    <userTask id="sid-88779387-cff2-4012-ac83-bcc5bb73cb99" name="ask what is the &quot;invoice_number&quot;" activiti:exclusive="false"/>
    <userTask id="sid-71fa3494-adc1-4b68-aa29-1be97777b013" name="ask the user what is the invoice amount" activiti:exclusive="false"/>
    <userTask id="sid-94c5e45c-2174-4b8c-8003-1204c6585185" name="run the workflow ambiguous_invoice_date" activiti:exclusive="false"/>
    <userTask id="sid-0735cb4b-afc9-4cdf-95ef-7338cbca3402" name="execute the automaton invoice_detail" activiti:exclusive="false"/>
    <userTask id="sid-a29cbc29-b4bf-4479-848d-53c84e8ed151" name="set the variable check_invoice_number to 1" activiti:exclusive="false"/>
    <userTask id="sid-95bd7b2c-2ab1-4fe8-8576-897709320c2c" name="set the variable check_invoice_number to 0" activiti:exclusive="false"/>
    <endEvent id="sid-b06ee60c-a4f2-4187-b5f7-a81fcebfef97"/>
    <userTask id="sid-b5b0dba5-41c8-47d5-b50a-186fba90eb60" name="say &quot;I couldn't find your invoice&quot;" activiti:exclusive="false"/>
    <userTask id="sid-c9a33de2-13df-4c55-bad6-844b4c406246" name="set the variable count3 to 0" activiti:exclusive="false"/>
    <userTask id="sid-f8485919-da95-4bd5-a28a-e1529e4138c2" name="set the variable count3 to ${count3 + 1}" activiti:exclusive="false"/>
    <userTask id="sid-4d747765-8b3a-4a5e-8a30-7932f56c9813" name="say Thank you for the information" activiti:exclusive="false"/>
    <userTask id="sid-1fbffbf0-17a0-4ffa-bbf2-0d77f04838eb" name="escalate" activiti:exclusive="false"/>
    <userTask id="sid-43a3c3aa-fb97-4245-95fb-8e939e47d081" name="say &quot;The invoice number is ${invoice_number}.&lt;br/> The invoice amount is ${fail_invoice_amount}.&lt;br/> The date is ${input2display}&quot; " activiti:exclusive="false"/>
    <userTask id="sid-799a4161-f19d-4649-9ebd-588b0e75c7e7" name="ask whether the data is correct" activiti:exclusive="false"/>
    <userTask id="sid-2af67c49-ac0b-440f-973e-725c86949557" name="escalate" activiti:exclusive="false"/>
    <scriptTask id="sid-fa0361c9-cf58-42b1-a3e4-3681041ab6ce" name="format input2display" activiti:exclusive="false" scriptFormat="groovy" activiti:autoStoreVariables="false">
      <script>import java.util.*
import java.text.*


SimpleDateFormat sdf = new SimpleDateFormat("yyyyMMdd")
Date date= sdf.parse(invoice_date)
input2display =DateFormat.getDateInstance().format(date)

execution.setVariable("input2display", input2display)</script>
    </scriptTask>
    <userTask id="sid-ac7a1ae0-c521-4ffd-be52-9f667960a643" name="escalate" activiti:exclusive="false"/>
    <endEvent id="sid-473b354a-9410-4b0a-85fb-ee73fd4e47a2"/>
    <endEvent id="sid-0bb471cb-98f0-4c56-972b-1560b3e0ebdf"/>
    <sequenceFlow id="sid-de58412e-2de8-4e1b-88b6-2b6e32a0b95e" sourceRef="sid-6b7f8ee2-eebf-4e88-b743-c933a56633b2" targetRef="sid-6582fb72-95d3-40f6-a5f7-09571c890b97"/>
    <sequenceFlow id="sid-1157da09-953f-4add-a00e-8e223fb3f5ac" name="Can you check these too please, 03135601&#x9;1,197.00&#x9;06/07/2014&#xd;&#xa;03136235 &#x9;25.20&#x9;06/21/2014&#xd;&#xa;03136219 &#x9;189.00&#x9;06/21/2014&#xd;&#xa;03136305 &#x9;63.00&#x9;06/24/2014&#xd;&#xa;03136432&#x9; 63.00&#x9;06/26/2014&#xd;&#xa;03136418&#x9; 346.50&#x9;06/26/2014&#xd;&#xa;03136944&#x9; 1,323.00&#x9;07/05/2014&#xd;&#xa;03137321&#x9; 1,380.00&#x9;07/17/2014&#xd;&#xa;03137797&#x9; 252.00&#x9;07/28/2014&#xd;&#xa;03138820&#x9; 63.00&#x9;08/16/2014&#xd;&#xa;03138812&#x9; 25.20&#x9;08/16/2014&#xd;&#xa;03138802&#x9; 25.20&#x9;08/16/2014&#xd;&#xa;03140604&#x9; 348.00&#x9;09/25/2014&#xd;&#xa;03140575&#x9; 469.20&#x9;09/25/2014&#xd;&#xa;03141665&#x9; 50.40&#x9;10/21/2014&#xd;&#xa;03141664&#x9; 63.00&#x9;10/21/2014&#xd;&#xa;03141663&#x9; 126.00&#x9;10/21/2014&#xd;&#xa;03144597&#x9; 6,540.00&#x9;12/31/2014&#xd;&#xa;750048&#x9;109.00&#x9;03/11/2015" sourceRef="sid-6582fb72-95d3-40f6-a5f7-09571c890b97" targetRef="sid-e8712724-2ce6-4dea-acbf-f314c24f7af2"/>
    <sequenceFlow id="sid-4c4554db-062c-4372-8a1a-71351c8d3326" sourceRef="sid-e8712724-2ce6-4dea-acbf-f314c24f7af2" targetRef="sid-c4606614-ba1b-4f21-97b5-dc5a0e8299c5"/>
    <sequenceFlow id="sid-4edf56f0-8152-4856-b864-5e8242696f75" sourceRef="sid-c4606614-ba1b-4f21-97b5-dc5a0e8299c5" targetRef="sid-afb1c86d-839b-45ea-9353-d10c637847a8"/>
    <sequenceFlow id="sid-d5b7aafd-08b9-41da-b23d-ca37c73bc716" sourceRef="sid-ea54c584-b617-4429-bc68-463d6c1c612a" targetRef="sid-c9a33de2-13df-4c55-bad6-844b4c406246"/>
    <sequenceFlow id="sid-8858ddc3-3958-4104-8105-6ff4a9a33bd9" sourceRef="sid-afb1c86d-839b-45ea-9353-d10c637847a8" targetRef="sid-e8e9636b-dcbf-4ac0-9dac-9c068534c54f"/>
    <sequenceFlow id="sid-806906db-f5d2-42fb-a1da-f1d7e47061e6" sourceRef="sid-e8e9636b-dcbf-4ac0-9dac-9c068534c54f" targetRef="sid-376cc95a-9648-40c4-bc28-7fe1c049f024"/>
    <sequenceFlow id="sid-a1e34911-c269-405e-b154-3bf879bb5442" sourceRef="sid-376cc95a-9648-40c4-bc28-7fe1c049f024" targetRef="sid-ca682dfb-1674-415c-87e5-8b986cdac105"/>
    <sequenceFlow id="sid-e3b3afd4-0597-40fd-889d-723faef38996" name="nothing else, thank you." sourceRef="sid-ca682dfb-1674-415c-87e5-8b986cdac105" targetRef="sid-1499f083-5d86-45cd-bebe-3b34e1a5382b"/>
    <sequenceFlow id="sid-279847f4-7f36-4cc4-897f-c3c7614f24d4" sourceRef="sid-1499f083-5d86-45cd-bebe-3b34e1a5382b" targetRef="sid-f96857c5-82d9-4572-be5b-46df1cfeceb8"/>
    <sequenceFlow id="sid-e85ffdd2-c9aa-4d24-9ace-1355a1b43949" sourceRef="sid-f96857c5-82d9-4572-be5b-46df1cfeceb8" targetRef="sid-93ca645a-41c6-45f8-8e2a-32f385671221"/>
    <sequenceFlow id="sid-5a810e73-8042-4c70-9b44-67bacfe23dd4" sourceRef="sid-93ca645a-41c6-45f8-8e2a-32f385671221" targetRef="sid-f7d24aab-d9dd-4be0-947e-a31020e61224"/>
    <sequenceFlow id="sid-e87937eb-6b4b-4b7a-888f-f1648a84563a" sourceRef="sid-f7d24aab-d9dd-4be0-947e-a31020e61224" targetRef="sid-0bb471cb-98f0-4c56-972b-1560b3e0ebdf"/>
    <sequenceFlow id="sid-86f63290-07e4-41a7-8bf4-211a204a281e" name="I don't know, I do not know, no idea, no clue, don't know, not a clue, dunno, i have no clue, i don't have a clue, not sure, I'm not sure, I can't say, couldn't tell you, beats me, I'm not certain, your guess is as good as mine, you tell me, i'm clueless, say what" sourceRef="sid-88779387-cff2-4012-ac83-bcc5bb73cb99" targetRef="sid-ac7a1ae0-c521-4ffd-be52-9f667960a643"/>
    <sequenceFlow id="sid-c56a686f-57d5-4afe-9469-0313cbbe653e" name="else" sourceRef="sid-88779387-cff2-4012-ac83-bcc5bb73cb99" targetRef="sid-71fa3494-adc1-4b68-aa29-1be97777b013"/>
    <sequenceFlow id="sid-4f867c34-c96f-4f62-85e3-f353648b8248" sourceRef="sid-71fa3494-adc1-4b68-aa29-1be97777b013" targetRef="sid-94c5e45c-2174-4b8c-8003-1204c6585185"/>
    <sequenceFlow id="sid-796040b6-543b-43e1-8bed-3c710ac2db17" sourceRef="sid-94c5e45c-2174-4b8c-8003-1204c6585185" targetRef="sid-4d747765-8b3a-4a5e-8a30-7932f56c9813"/>
    <sequenceFlow id="sid-dfc55bfe-ab0c-42ea-b34a-ce6cbda7ae30" name="${multiple_invoice_flag eq 1}" sourceRef="sid-0735cb4b-afc9-4cdf-95ef-7338cbca3402" targetRef="sid-2af67c49-ac0b-440f-973e-725c86949557"/>
    <sequenceFlow id="sid-e11b5376-185f-4e84-83c4-d4be8b0f5392" name="${status eq 'no invoice found'}" sourceRef="sid-0735cb4b-afc9-4cdf-95ef-7338cbca3402" targetRef="sid-b5b0dba5-41c8-47d5-b50a-186fba90eb60"/>
    <sequenceFlow id="sid-03c533f9-864d-4513-a795-3ce5b437b45c" name="else" sourceRef="sid-0735cb4b-afc9-4cdf-95ef-7338cbca3402" targetRef="sid-a29cbc29-b4bf-4479-848d-53c84e8ed151"/>
    <sequenceFlow id="sid-01d92b2d-8e38-4140-b275-5f73bebf8570" sourceRef="sid-a29cbc29-b4bf-4479-848d-53c84e8ed151" targetRef="sid-473b354a-9410-4b0a-85fb-ee73fd4e47a2"/>
    <sequenceFlow id="sid-5f40ece2-2add-4801-a32e-6ec486d5cd0a" sourceRef="sid-95bd7b2c-2ab1-4fe8-8576-897709320c2c" targetRef="sid-1fbffbf0-17a0-4ffa-bbf2-0d77f04838eb"/>
    <sequenceFlow id="sid-3ece8d60-3ac5-4eb7-a302-880f5a2c6360" sourceRef="sid-b5b0dba5-41c8-47d5-b50a-186fba90eb60" targetRef="sid-f8485919-da95-4bd5-a28a-e1529e4138c2"/>
    <sequenceFlow id="sid-269217ea-8888-4769-a4cf-08c6b958de96" sourceRef="sid-c9a33de2-13df-4c55-bad6-844b4c406246" targetRef="sid-88779387-cff2-4012-ac83-bcc5bb73cb99"/>
    <sequenceFlow id="sid-f35de432-6b97-4d7b-9722-e4d4de4c11b2" name="else" sourceRef="sid-f8485919-da95-4bd5-a28a-e1529e4138c2" targetRef="sid-fa0361c9-cf58-42b1-a3e4-3681041ab6ce"/>
    <sequenceFlow id="sid-019da92d-d98f-4335-b22c-92ed63313a9a" name="${count3 gt 1}" sourceRef="sid-f8485919-da95-4bd5-a28a-e1529e4138c2" targetRef="sid-95bd7b2c-2ab1-4fe8-8576-897709320c2c"/>
    <sequenceFlow id="sid-cd4ac63b-cabc-4e2d-8a65-c09a9d4dfdd5" sourceRef="sid-4d747765-8b3a-4a5e-8a30-7932f56c9813" targetRef="sid-0735cb4b-afc9-4cdf-95ef-7338cbca3402"/>
    <sequenceFlow id="sid-ad9f8272-302f-4d2c-9bd7-7f3b4bac0e0b" sourceRef="sid-1fbffbf0-17a0-4ffa-bbf2-0d77f04838eb" targetRef="sid-473b354a-9410-4b0a-85fb-ee73fd4e47a2"/>
    <sequenceFlow id="sid-4137b7ad-25c3-45b3-ace6-8eb83dbfa3d8" sourceRef="sid-1fbffbf0-17a0-4ffa-bbf2-0d77f04838eb" targetRef="sid-6b7f8ee2-eebf-4e88-b743-c933a56633b2"/>
    <sequenceFlow id="sid-cadf6865-0c8b-4fe0-9fa3-c89061f478cc" sourceRef="sid-43a3c3aa-fb97-4245-95fb-8e939e47d081" targetRef="sid-799a4161-f19d-4649-9ebd-588b0e75c7e7"/>
    <sequenceFlow id="sid-013e80d0-e757-49fb-b324-85c4a680d768" name="no" sourceRef="sid-799a4161-f19d-4649-9ebd-588b0e75c7e7" targetRef="sid-88779387-cff2-4012-ac83-bcc5bb73cb99"/>
    <sequenceFlow id="sid-02fc0b62-64d0-4672-bd1e-41e47f000615" name="yes" sourceRef="sid-799a4161-f19d-4649-9ebd-588b0e75c7e7" targetRef="sid-95bd7b2c-2ab1-4fe8-8576-897709320c2c"/>
    <sequenceFlow id="sid-444d1f84-05d1-4565-8045-857c076e36ff" sourceRef="sid-2af67c49-ac0b-440f-973e-725c86949557" targetRef="sid-473b354a-9410-4b0a-85fb-ee73fd4e47a2"/>
    <sequenceFlow id="sid-8e2e5043-db82-46e8-9e3b-a6f9549a97a6" sourceRef="sid-fa0361c9-cf58-42b1-a3e4-3681041ab6ce" targetRef="sid-43a3c3aa-fb97-4245-95fb-8e939e47d081"/>
    <sequenceFlow id="sid-8c06f912-3c8b-4745-8632-ecc6ce713880" sourceRef="sid-ac7a1ae0-c521-4ffd-be52-9f667960a643" targetRef="sid-b06ee60c-a4f2-4187-b5f7-a81fcebfef97"/>
  </process>
  <bpmndi:BPMNDiagram id="BPMNDiagram_invoice_number_lookup_9">
    <bpmndi:BPMNPlane bpmnElement="invoice_number_lookup_9" id="BPMNPlane_invoice_number_lookup_9">
      <bpmndi:BPMNShape bpmnElement="sid-6b7f8ee2-eebf-4e88-b743-c933a56633b2" id="BPMNShape_sid-6b7f8ee2-eebf-4e88-b743-c933a56633b2">
        <omgdc:Bounds height="82.0" width="102.0" x="2056.0" y="157.0"/>
      </bpmndi:BPMNShape>
      <bpmndi:BPMNShape bpmnElement="sid-6582fb72-95d3-40f6-a5f7-09571c890b97" id="BPMNShape_sid-6582fb72-95d3-40f6-a5f7-09571c890b97">
        <omgdc:Bounds height="82.0" width="102.0" x="2208.0" y="147.0"/>
      </bpmndi:BPMNShape>
      <bpmndi:BPMNShape bpmnElement="sid-e8712724-2ce6-4dea-acbf-f314c24f7af2" id="BPMNShape_sid-e8712724-2ce6-4dea-acbf-f314c24f7af2">
        <omgdc:Bounds height="82.0" width="102.0" x="2360.0" y="139.0"/>
      </bpmndi:BPMNShape>
      <bpmndi:BPMNShape bpmnElement="sid-c4606614-ba1b-4f21-97b5-dc5a0e8299c5" id="BPMNShape_sid-c4606614-ba1b-4f21-97b5-dc5a0e8299c5">
        <omgdc:Bounds height="82.0" width="102.0" x="2512.0" y="134.0"/>
      </bpmndi:BPMNShape>
      <bpmndi:BPMNShape bpmnElement="sid-ea54c584-b617-4429-bc68-463d6c1c612a" id="BPMNShape_sid-ea54c584-b617-4429-bc68-463d6c1c612a">
        <omgdc:Bounds height="30.0" width="30.0" x="0.0" y="189.0"/>
      </bpmndi:BPMNShape>
      <bpmndi:BPMNShape bpmnElement="sid-afb1c86d-839b-45ea-9353-d10c637847a8" id="BPMNShape_sid-afb1c86d-839b-45ea-9353-d10c637847a8">
        <omgdc:Bounds height="82.0" width="102.0" x="2664.0" y="129.0"/>
      </bpmndi:BPMNShape>
      <bpmndi:BPMNShape bpmnElement="sid-e8e9636b-dcbf-4ac0-9dac-9c068534c54f" id="BPMNShape_sid-e8e9636b-dcbf-4ac0-9dac-9c068534c54f">
        <omgdc:Bounds height="82.0" width="102.0" x="2816.0" y="127.0"/>
      </bpmndi:BPMNShape>
      <bpmndi:BPMNShape bpmnElement="sid-376cc95a-9648-40c4-bc28-7fe1c049f024" id="BPMNShape_sid-376cc95a-9648-40c4-bc28-7fe1c049f024">
        <omgdc:Bounds height="82.0" width="102.0" x="2968.0" y="127.0"/>
      </bpmndi:BPMNShape>
      <bpmndi:BPMNShape bpmnElement="sid-ca682dfb-1674-415c-87e5-8b986cdac105" id="BPMNShape_sid-ca682dfb-1674-415c-87e5-8b986cdac105">
        <omgdc:Bounds height="82.0" width="102.0" x="3120.0" y="127.0"/>
      </bpmndi:BPMNShape>
      <bpmndi:BPMNShape bpmnElement="sid-1499f083-5d86-45cd-bebe-3b34e1a5382b" id="BPMNShape_sid-1499f083-5d86-45cd-bebe-3b34e1a5382b">
        <omgdc:Bounds height="82.0" width="102.0" x="3272.0" y="127.0"/>
      </bpmndi:BPMNShape>
      <bpmndi:BPMNShape bpmnElement="sid-f96857c5-82d9-4572-be5b-46df1cfeceb8" id="BPMNShape_sid-f96857c5-82d9-4572-be5b-46df1cfeceb8">
        <omgdc:Bounds height="82.0" width="102.0" x="3424.0" y="127.0"/>
      </bpmndi:BPMNShape>
      <bpmndi:BPMNShape bpmnElement="sid-93ca645a-41c6-45f8-8e2a-32f385671221" id="BPMNShape_sid-93ca645a-41c6-45f8-8e2a-32f385671221">
        <omgdc:Bounds height="82.0" width="102.0" x="3576.0" y="127.0"/>
      </bpmndi:BPMNShape>
      <bpmndi:BPMNShape bpmnElement="sid-f7d24aab-d9dd-4be0-947e-a31020e61224" id="BPMNShape_sid-f7d24aab-d9dd-4be0-947e-a31020e61224">
        <omgdc:Bounds height="82.0" width="102.0" x="3728.0" y="127.0"/>
      </bpmndi:BPMNShape>
      <bpmndi:BPMNShape bpmnElement="sid-88779387-cff2-4012-ac83-bcc5bb73cb99" id="BPMNShape_sid-88779387-cff2-4012-ac83-bcc5bb73cb99">
        <omgdc:Bounds height="82.0" width="102.0" x="232.0" y="165.0"/>
      </bpmndi:BPMNShape>
      <bpmndi:BPMNShape bpmnElement="sid-71fa3494-adc1-4b68-aa29-1be97777b013" id="BPMNShape_sid-71fa3494-adc1-4b68-aa29-1be97777b013">
        <omgdc:Bounds height="82.0" width="102.0" x="384.0" y="168.0"/>
      </bpmndi:BPMNShape>
      <bpmndi:BPMNShape bpmnElement="sid-94c5e45c-2174-4b8c-8003-1204c6585185" id="BPMNShape_sid-94c5e45c-2174-4b8c-8003-1204c6585185">
        <omgdc:Bounds height="82.0" width="102.0" x="536.0" y="142.0"/>
      </bpmndi:BPMNShape>
      <bpmndi:BPMNShape bpmnElement="sid-0735cb4b-afc9-4cdf-95ef-7338cbca3402" id="BPMNShape_sid-0735cb4b-afc9-4cdf-95ef-7338cbca3402">
        <omgdc:Bounds height="82.0" width="102.0" x="840.0" y="112.0"/>
      </bpmndi:BPMNShape>
      <bpmndi:BPMNShape bpmnElement="sid-a29cbc29-b4bf-4479-848d-53c84e8ed151" id="BPMNShape_sid-a29cbc29-b4bf-4479-848d-53c84e8ed151">
        <omgdc:Bounds height="82.0" width="102.0" x="992.0" y="112.0"/>
      </bpmndi:BPMNShape>
      <bpmndi:BPMNShape bpmnElement="sid-95bd7b2c-2ab1-4fe8-8576-897709320c2c" id="BPMNShape_sid-95bd7b2c-2ab1-4fe8-8576-897709320c2c">
        <omgdc:Bounds height="82.0" width="102.0" x="1752.0" y="170.0"/>
      </bpmndi:BPMNShape>
      <bpmndi:BPMNShape bpmnElement="sid-b06ee60c-a4f2-4187-b5f7-a81fcebfef97" id="BPMNShape_sid-b06ee60c-a4f2-4187-b5f7-a81fcebfef97">
        <omgdc:Bounds height="30.0" width="30.0" x="572.0" y="82.0"/>
      </bpmndi:BPMNShape>
      <bpmndi:BPMNShape bpmnElement="sid-b5b0dba5-41c8-47d5-b50a-186fba90eb60" id="BPMNShape_sid-b5b0dba5-41c8-47d5-b50a-186fba90eb60">
        <omgdc:Bounds height="82.0" width="102.0" x="992.0" y="224.0"/>
      </bpmndi:BPMNShape>
      <bpmndi:BPMNShape bpmnElement="sid-c9a33de2-13df-4c55-bad6-844b4c406246" id="BPMNShape_sid-c9a33de2-13df-4c55-bad6-844b4c406246">
        <omgdc:Bounds height="82.0" width="102.0" x="80.0" y="163.0"/>
      </bpmndi:BPMNShape>
      <bpmndi:BPMNShape bpmnElement="sid-f8485919-da95-4bd5-a28a-e1529e4138c2" id="BPMNShape_sid-f8485919-da95-4bd5-a28a-e1529e4138c2">
        <omgdc:Bounds height="82.0" width="102.0" x="1144.0" y="142.0"/>
      </bpmndi:BPMNShape>
      <bpmndi:BPMNShape bpmnElement="sid-4d747765-8b3a-4a5e-8a30-7932f56c9813" id="BPMNShape_sid-4d747765-8b3a-4a5e-8a30-7932f56c9813">
        <omgdc:Bounds height="82.0" width="102.0" x="688.0" y="112.0"/>
      </bpmndi:BPMNShape>
      <bpmndi:BPMNShape bpmnElement="sid-1fbffbf0-17a0-4ffa-bbf2-0d77f04838eb" id="BPMNShape_sid-1fbffbf0-17a0-4ffa-bbf2-0d77f04838eb">
        <omgdc:Bounds height="82.0" width="102.0" x="1904.0" y="157.0"/>
      </bpmndi:BPMNShape>
      <bpmndi:BPMNShape bpmnElement="sid-43a3c3aa-fb97-4245-95fb-8e939e47d081" id="BPMNShape_sid-43a3c3aa-fb97-4245-95fb-8e939e47d081">
        <omgdc:Bounds height="82.0" width="102.0" x="1448.0" y="127.0"/>
      </bpmndi:BPMNShape>
      <bpmndi:BPMNShape bpmnElement="sid-799a4161-f19d-4649-9ebd-588b0e75c7e7" id="BPMNShape_sid-799a4161-f19d-4649-9ebd-588b0e75c7e7">
        <omgdc:Bounds height="82.0" width="102.0" x="1600.0" y="142.0"/>
      </bpmndi:BPMNShape>
      <bpmndi:BPMNShape bpmnElement="sid-2af67c49-ac0b-440f-973e-725c86949557" id="BPMNShape_sid-2af67c49-ac0b-440f-973e-725c86949557">
        <omgdc:Bounds height="82.0" width="102.0" x="992.0" y="0.0"/>
      </bpmndi:BPMNShape>
      <bpmndi:BPMNShape bpmnElement="sid-fa0361c9-cf58-42b1-a3e4-3681041ab6ce" id="BPMNShape_sid-fa0361c9-cf58-42b1-a3e4-3681041ab6ce">
        <omgdc:Bounds height="82.0" width="102.0" x="1296.0" y="127.0"/>
      </bpmndi:BPMNShape>
      <bpmndi:BPMNShape bpmnElement="sid-ac7a1ae0-c521-4ffd-be52-9f667960a643" id="BPMNShape_sid-ac7a1ae0-c521-4ffd-be52-9f667960a643">
        <omgdc:Bounds height="82.0" width="102.0" x="384.0" y="56.0"/>
      </bpmndi:BPMNShape>
      <bpmndi:BPMNShape bpmnElement="sid-473b354a-9410-4b0a-85fb-ee73fd4e47a2" id="BPMNShape_sid-473b354a-9410-4b0a-85fb-ee73fd4e47a2">
        <omgdc:Bounds height="30.0" width="30.0" x="2092.0" y="97.0"/>
      </bpmndi:BPMNShape>
      <bpmndi:BPMNShape bpmnElement="sid-0bb471cb-98f0-4c56-972b-1560b3e0ebdf" id="BPMNShape_sid-0bb471cb-98f0-4c56-972b-1560b3e0ebdf">
        <omgdc:Bounds height="30.0" width="30.0" x="3880.0" y="153.0"/>
      </bpmndi:BPMNShape>
      <bpmndi:BPMNEdge bpmnElement="sid-e85ffdd2-c9aa-4d24-9ace-1355a1b43949" id="BPMNEdge_sid-e85ffdd2-c9aa-4d24-9ace-1355a1b43949">
        <omgdi:waypoint x="3526.0" y="168.0"/>
        <omgdi:waypoint x="3576.0" y="168.0"/>
      </bpmndi:BPMNEdge>
      <bpmndi:BPMNEdge bpmnElement="sid-1157da09-953f-4add-a00e-8e223fb3f5ac" id="BPMNEdge_sid-1157da09-953f-4add-a00e-8e223fb3f5ac">
        <omgdi:waypoint x="2310.0" y="185.31578947368422"/>
        <omgdi:waypoint x="2360.0" y="182.68421052631578"/>
      </bpmndi:BPMNEdge>
      <bpmndi:BPMNEdge bpmnElement="sid-269217ea-8888-4769-a4cf-08c6b958de96" id="BPMNEdge_sid-269217ea-8888-4769-a4cf-08c6b958de96">
        <omgdi:waypoint x="182.0" y="204.67105263157896"/>
        <omgdi:waypoint x="232.0" y="205.32894736842104"/>
      </bpmndi:BPMNEdge>
      <bpmndi:BPMNEdge bpmnElement="sid-cadf6865-0c8b-4fe0-9fa3-c89061f478cc" id="BPMNEdge_sid-cadf6865-0c8b-4fe0-9fa3-c89061f478cc">
        <omgdi:waypoint x="1550.0" y="173.0328947368421"/>
        <omgdi:waypoint x="1600.0" y="177.9671052631579"/>
      </bpmndi:BPMNEdge>
      <bpmndi:BPMNEdge bpmnElement="sid-8c06f912-3c8b-4745-8632-ecc6ce713880" id="BPMNEdge_sid-8c06f912-3c8b-4745-8632-ecc6ce713880">
        <omgdi:waypoint x="486.0" y="97.0"/>
        <omgdi:waypoint x="572.0" y="97.0"/>
      </bpmndi:BPMNEdge>
      <bpmndi:BPMNEdge bpmnElement="sid-4edf56f0-8152-4856-b864-5e8242696f75" id="BPMNEdge_sid-4edf56f0-8152-4856-b864-5e8242696f75">
        <omgdi:waypoint x="2614.0" y="173.32236842105263"/>
        <omgdi:waypoint x="2664.0" y="171.67763157894737"/>
      </bpmndi:BPMNEdge>
      <bpmndi:BPMNEdge bpmnElement="sid-01d92b2d-8e38-4140-b275-5f73bebf8570" id="BPMNEdge_sid-01d92b2d-8e38-4140-b275-5f73bebf8570">
        <omgdi:waypoint x="1094.0" y="115.42105263157895"/>
        <omgdi:waypoint x="1119.0" y="97.0"/>
        <omgdi:waypoint x="1271.0" y="97.0"/>
        <omgdi:waypoint x="1271.0" y="97.0"/>
        <omgdi:waypoint x="1423.0" y="97.0"/>
        <omgdi:waypoint x="1423.0" y="97.0"/>
        <omgdi:waypoint x="1575.0" y="97.0"/>
        <omgdi:waypoint x="1575.0" y="97.0"/>
        <omgdi:waypoint x="1727.0" y="97.0"/>
        <omgdi:waypoint x="1727.0" y="97.0"/>
        <omgdi:waypoint x="1879.0" y="97.0"/>
        <omgdi:waypoint x="1879.0" y="97.0"/>
        <omgdi:waypoint x="2031.0" y="97.0"/>
        <omgdi:waypoint x="2092.2838895758537" y="109.0955045215501"/>
      </bpmndi:BPMNEdge>
      <bpmndi:BPMNEdge bpmnElement="sid-3ece8d60-3ac5-4eb7-a302-880f5a2c6360" id="BPMNEdge_sid-3ece8d60-3ac5-4eb7-a302-880f5a2c6360">
        <omgdi:waypoint x="1094.0" y="237.48684210526315"/>
        <omgdi:waypoint x="1144.0" y="210.51315789473685"/>
      </bpmndi:BPMNEdge>
      <bpmndi:BPMNEdge bpmnElement="sid-444d1f84-05d1-4565-8045-857c076e36ff" id="BPMNEdge_sid-444d1f84-05d1-4565-8045-857c076e36ff">
        <omgdi:waypoint x="1094.0" y="49.72368421052632"/>
        <omgdi:waypoint x="1119.0" y="54.0"/>
        <omgdi:waypoint x="1271.0" y="54.0"/>
        <omgdi:waypoint x="1271.0" y="54.0"/>
        <omgdi:waypoint x="1423.0" y="54.0"/>
        <omgdi:waypoint x="1423.0" y="54.0"/>
        <omgdi:waypoint x="1575.0" y="54.0"/>
        <omgdi:waypoint x="1575.0" y="54.0"/>
        <omgdi:waypoint x="1727.0" y="54.0"/>
        <omgdi:waypoint x="1727.0" y="54.0"/>
        <omgdi:waypoint x="1879.0" y="54.0"/>
        <omgdi:waypoint x="1879.0" y="54.0"/>
        <omgdi:waypoint x="2031.0" y="54.0"/>
        <omgdi:waypoint x="2095.075731309324" y="102.89990020974714"/>
      </bpmndi:BPMNEdge>
      <bpmndi:BPMNEdge bpmnElement="sid-dfc55bfe-ab0c-42ea-b34a-ce6cbda7ae30" id="BPMNEdge_sid-dfc55bfe-ab0c-42ea-b34a-ce6cbda7ae30">
        <omgdi:waypoint x="942.0" y="115.42105263157895"/>
        <omgdi:waypoint x="992.0" y="78.57894736842105"/>
      </bpmndi:BPMNEdge>
      <bpmndi:BPMNEdge bpmnElement="sid-5f40ece2-2add-4801-a32e-6ec486d5cd0a" id="BPMNEdge_sid-5f40ece2-2add-4801-a32e-6ec486d5cd0a">
        <omgdi:waypoint x="1854.0" y="206.63815789473685"/>
        <omgdi:waypoint x="1904.0" y="202.36184210526315"/>
      </bpmndi:BPMNEdge>
      <bpmndi:BPMNEdge bpmnElement="sid-4f867c34-c96f-4f62-85e3-f353648b8248" id="BPMNEdge_sid-4f867c34-c96f-4f62-85e3-f353648b8248">
        <omgdi:waypoint x="486.0" y="200.2763157894737"/>
        <omgdi:waypoint x="536.0" y="191.7236842105263"/>
      </bpmndi:BPMNEdge>
      <bpmndi:BPMNEdge bpmnElement="sid-279847f4-7f36-4cc4-897f-c3c7614f24d4" id="BPMNEdge_sid-279847f4-7f36-4cc4-897f-c3c7614f24d4">
        <omgdi:waypoint x="3374.0" y="168.0"/>
        <omgdi:waypoint x="3424.0" y="168.0"/>
      </bpmndi:BPMNEdge>
      <bpmndi:BPMNEdge bpmnElement="sid-e3b3afd4-0597-40fd-889d-723faef38996" id="BPMNEdge_sid-e3b3afd4-0597-40fd-889d-723faef38996">
        <omgdi:waypoint x="3222.0" y="168.0"/>
        <omgdi:waypoint x="3272.0" y="168.0"/>
      </bpmndi:BPMNEdge>
      <bpmndi:BPMNEdge bpmnElement="sid-de58412e-2de8-4e1b-88b6-2b6e32a0b95e" id="BPMNEdge_sid-de58412e-2de8-4e1b-88b6-2b6e32a0b95e">
        <omgdi:waypoint x="2158.0" y="194.64473684210526"/>
        <omgdi:waypoint x="2208.0" y="191.35526315789474"/>
      </bpmndi:BPMNEdge>
      <bpmndi:BPMNEdge bpmnElement="sid-ad9f8272-302f-4d2c-9bd7-7f3b4bac0e0b" id="BPMNEdge_sid-ad9f8272-302f-4d2c-9bd7-7f3b4bac0e0b">
        <omgdi:waypoint x="2006.0" y="169.14473684210526"/>
        <omgdi:waypoint x="2093.944757977644" y="119.3865185126489"/>
      </bpmndi:BPMNEdge>
      <bpmndi:BPMNEdge bpmnElement="sid-5a810e73-8042-4c70-9b44-67bacfe23dd4" id="BPMNEdge_sid-5a810e73-8042-4c70-9b44-67bacfe23dd4">
        <omgdi:waypoint x="3678.0" y="168.0"/>
        <omgdi:waypoint x="3728.0" y="168.0"/>
      </bpmndi:BPMNEdge>
      <bpmndi:BPMNEdge bpmnElement="sid-86f63290-07e4-41a7-8bf4-211a204a281e" id="BPMNEdge_sid-86f63290-07e4-41a7-8bf4-211a204a281e">
        <omgdi:waypoint x="334.0" y="169.42763157894737"/>
        <omgdi:waypoint x="384.0" y="133.57236842105263"/>
      </bpmndi:BPMNEdge>
      <bpmndi:BPMNEdge bpmnElement="sid-c56a686f-57d5-4afe-9469-0313cbbe653e" id="BPMNEdge_sid-c56a686f-57d5-4afe-9469-0313cbbe653e">
        <omgdi:waypoint x="334.0" y="207.0065789473684"/>
        <omgdi:waypoint x="384.0" y="207.9934210526316"/>
      </bpmndi:BPMNEdge>
      <bpmndi:BPMNEdge bpmnElement="sid-4137b7ad-25c3-45b3-ace6-8eb83dbfa3d8" id="BPMNEdge_sid-4137b7ad-25c3-45b3-ace6-8eb83dbfa3d8">
        <omgdi:waypoint x="2006.0" y="198.0"/>
        <omgdi:waypoint x="2056.0" y="198.0"/>
      </bpmndi:BPMNEdge>
      <bpmndi:BPMNEdge bpmnElement="sid-806906db-f5d2-42fb-a1da-f1d7e47061e6" id="BPMNEdge_sid-806906db-f5d2-42fb-a1da-f1d7e47061e6">
        <omgdi:waypoint x="2918.0" y="168.0"/>
        <omgdi:waypoint x="2968.0" y="168.0"/>
      </bpmndi:BPMNEdge>
      <bpmndi:BPMNEdge bpmnElement="sid-f35de432-6b97-4d7b-9722-e4d4de4c11b2" id="BPMNEdge_sid-f35de432-6b97-4d7b-9722-e4d4de4c11b2">
        <omgdi:waypoint x="1246.0" y="177.9671052631579"/>
        <omgdi:waypoint x="1296.0" y="173.0328947368421"/>
      </bpmndi:BPMNEdge>
      <bpmndi:BPMNEdge bpmnElement="sid-a1e34911-c269-405e-b154-3bf879bb5442" id="BPMNEdge_sid-a1e34911-c269-405e-b154-3bf879bb5442">
        <omgdi:waypoint x="3070.0" y="168.0"/>
        <omgdi:waypoint x="3120.0" y="168.0"/>
      </bpmndi:BPMNEdge>
      <bpmndi:BPMNEdge bpmnElement="sid-cd4ac63b-cabc-4e2d-8a65-c09a9d4dfdd5" id="BPMNEdge_sid-cd4ac63b-cabc-4e2d-8a65-c09a9d4dfdd5">
        <omgdi:waypoint x="790.0" y="153.0"/>
        <omgdi:waypoint x="840.0" y="153.0"/>
      </bpmndi:BPMNEdge>
      <bpmndi:BPMNEdge bpmnElement="sid-8e2e5043-db82-46e8-9e3b-a6f9549a97a6" id="BPMNEdge_sid-8e2e5043-db82-46e8-9e3b-a6f9549a97a6">
        <omgdi:waypoint x="1398.0" y="168.0"/>
        <omgdi:waypoint x="1448.0" y="168.0"/>
      </bpmndi:BPMNEdge>
      <bpmndi:BPMNEdge bpmnElement="sid-d5b7aafd-08b9-41da-b23d-ca37c73bc716" id="BPMNEdge_sid-d5b7aafd-08b9-41da-b23d-ca37c73bc716">
        <omgdi:waypoint x="30.0" y="204.0"/>
        <omgdi:waypoint x="80.0" y="204.0"/>
      </bpmndi:BPMNEdge>
      <bpmndi:BPMNEdge bpmnElement="sid-4c4554db-062c-4372-8a1a-71351c8d3326" id="BPMNEdge_sid-4c4554db-062c-4372-8a1a-71351c8d3326">
        <omgdi:waypoint x="2462.0" y="178.32236842105263"/>
        <omgdi:waypoint x="2512.0" y="176.67763157894737"/>
      </bpmndi:BPMNEdge>
      <bpmndi:BPMNEdge bpmnElement="sid-796040b6-543b-43e1-8bed-3c710ac2db17" id="BPMNEdge_sid-796040b6-543b-43e1-8bed-3c710ac2db17">
        <omgdi:waypoint x="638.0" y="172.93421052631578"/>
        <omgdi:waypoint x="688.0" y="163.06578947368422"/>
      </bpmndi:BPMNEdge>
      <bpmndi:BPMNEdge bpmnElement="sid-8858ddc3-3958-4104-8105-6ff4a9a33bd9" id="BPMNEdge_sid-8858ddc3-3958-4104-8105-6ff4a9a33bd9">
        <omgdi:waypoint x="2766.0" y="169.32894736842104"/>
        <omgdi:waypoint x="2816.0" y="168.67105263157896"/>
      </bpmndi:BPMNEdge>
      <bpmndi:BPMNEdge bpmnElement="sid-e87937eb-6b4b-4b7a-888f-f1648a84563a" id="BPMNEdge_sid-e87937eb-6b4b-4b7a-888f-f1648a84563a">
        <omgdi:waypoint x="3830.0" y="168.0"/>
        <omgdi:waypoint x="3880.0" y="168.0"/>
      </bpmndi:BPMNEdge>
      <bpmndi:BPMNEdge bpmnElement="sid-03c533f9-864d-4513-a795-3ce5b437b45c" id="BPMNEdge_sid-03c533f9-864d-4513-a795-3ce5b437b45c">
        <omgdi:waypoint x="942.0" y="153.0"/>
        <omgdi:waypoint x="992.0" y="153.0"/>
      </bpmndi:BPMNEdge>
      <bpmndi:BPMNEdge bpmnElement="sid-e11b5376-185f-4e84-83c4-d4be8b0f5392" id="BPMNEdge_sid-e11b5376-185f-4e84-83c4-d4be8b0f5392">
        <omgdi:waypoint x="942.0" y="190.57894736842104"/>
        <omgdi:waypoint x="992.0" y="227.42105263157896"/>
      </bpmndi:BPMNEdge>
      <bpmndi:BPMNEdge bpmnElement="sid-019da92d-d98f-4335-b22c-92ed63313a9a" id="BPMNEdge_sid-019da92d-d98f-4335-b22c-92ed63313a9a">
        <omgdi:waypoint x="1231.2325581395348" y="224.0"/>
        <omgdi:waypoint x="1271.0" y="269.0"/>
        <omgdi:waypoint x="1423.0" y="269.0"/>
        <omgdi:waypoint x="1423.0" y="269.0"/>
        <omgdi:waypoint x="1575.0" y="269.0"/>
        <omgdi:waypoint x="1575.0" y="269.0"/>
        <omgdi:waypoint x="1727.0" y="269.0"/>
        <omgdi:waypoint x="1752.0" y="249.92105263157896"/>
      </bpmndi:BPMNEdge>
      <bpmndi:BPMNEdge bpmnElement="sid-02fc0b62-64d0-4672-bd1e-41e47f000615" id="BPMNEdge_sid-02fc0b62-64d0-4672-bd1e-41e47f000615">
        <omgdi:waypoint x="1702.0" y="192.39473684210526"/>
        <omgdi:waypoint x="1752.0" y="201.60526315789474"/>
      </bpmndi:BPMNEdge>
      <bpmndi:BPMNEdge bpmnElement="sid-013e80d0-e757-49fb-b324-85c4a680d768" id="BPMNEdge_sid-013e80d0-e757-49fb-b324-85c4a680d768">
        <omgdi:waypoint x="1600.0" y="220.57894736842104"/>
        <omgdi:waypoint x="1575.0" y="239.0"/>
        <omgdi:waypoint x="1423.0" y="239.0"/>
        <omgdi:waypoint x="1423.0" y="336.0"/>
        <omgdi:waypoint x="1271.0" y="336.0"/>
        <omgdi:waypoint x="1271.0" y="336.0"/>
        <omgdi:waypoint x="1119.0" y="336.0"/>
        <omgdi:waypoint x="1119.0" y="336.0"/>
        <omgdi:waypoint x="967.0" y="336.0"/>
        <omgdi:waypoint x="967.0" y="336.0"/>
        <omgdi:waypoint x="815.0" y="336.0"/>
        <omgdi:waypoint x="815.0" y="336.0"/>
        <omgdi:waypoint x="663.0" y="336.0"/>
        <omgdi:waypoint x="663.0" y="336.0"/>
        <omgdi:waypoint x="511.0" y="336.0"/>
        <omgdi:waypoint x="511.0" y="336.0"/>
        <omgdi:waypoint x="359.0" y="336.0"/>
        <omgdi:waypoint x="306.96923076923076" y="247.0"/>
      </bpmndi:BPMNEdge>
    </bpmndi:BPMNPlane>
  </bpmndi:BPMNDiagram>
</definitions>