<?xml version='1.0' encoding='UTF-8'?>
<definitions xmlns="http://www.omg.org/spec/BPMN/20100524/MODEL" xmlns:xsi="http://www.w3.org/2001/XMLSchema-instance" xmlns:activiti="http://activiti.org/bpmn" xmlns:bpmndi="http://www.omg.org/spec/BPMN/20100524/DI" xmlns:omgdc="http://www.omg.org/spec/DD/20100524/DC" xmlns:omgdi="http://www.omg.org/spec/DD/20100524/DI" typeLanguage="http://www.w3.org/2001/XMLSchema" expressionLanguage="http://www.w3.org/1999/XPath" targetNamespace="http://www.activiti.org/processdef">
  <process id="remittance_details" name="remittance_details" isExecutable="true">
    <scriptTask id="sid-CAD553D8-F23D-4067-A44D-BCF03B21AC1B" name="format table" scriptFormat="groovy" activiti:autoStoreVariables="false">
      <script>import java.text.NumberFormat

def invoice_number = invoice_number.split(",")
def invoice_date = invoice_date.split(",")
def invoice_amount = invoice_amount.split(",")
def currency = currency.split(",")
def invoice_format =invoice_amount

def table = "&lt;table class='conv-basic-table'>&lt;tr>&lt;th>Invoice&lt;/th>&lt;th>Invoice Date&lt;/th>&lt;th>Invoice Amount&lt;/th>&lt;th>Currency&lt;/th>&lt;/tr>\n" 
def int i = 0



for (id in invoice_number) { 
    table += "&lt;tr>&lt;td>"+ id  +"&lt;/td>\n" 
    table += "&lt;td>"+ invoice_date[i] +"&lt;/td>\n" 
    table += "&lt;td style='text-align:right'>"+ invoice_format[i] +"&lt;/td>\n" 
    table += "&lt;td>"+ currency[i] +"&lt;/td>\n&lt;/tr>\n" 
    i++
}
table += "&lt;/table>\n" 
execution.setVariable("table", table)</script>
    </scriptTask>
    <userTask id="sid-6C011CB6-D84D-4848-9BE6-EBF21EDA83D3" name="say &quot;Upon checking, the payment made on ${date2display} with the clearing number ${reference_number} amounting to ${total_payment_amount_sap} ${currency_sap} was allocated to the following invoices: &lt;br/>&lt;br/>#nospeak#${table}#nospeakend#&quot;"/>
    <endEvent id="sid-69934C74-163C-4089-A8F5-BC94BA547F4B"/>
    <userTask id="sid-4B137C52-07AC-46B0-98CD-58E5113C4682" name="set the variable email_address to ${currentUser.email}"/>
    <userTask id="sid-76F7BEAD-CC9F-4F8E-8800-4F361EA2FF48" name="say &quot;Sure, ${currentUser.firstName}.  I will be glad to help you find the payment information.  I need a few more details from you.&quot;"/>
    <userTask id="sid-C8F4C01E-E4F7-4512-AFB8-FA9D54EFF596" name="run the workflow total_payment_lookup"/>
    <sequenceFlow id="sid-EB425E93-2518-43AE-9B6C-3A61F60EDF98" sourceRef="sid-76F7BEAD-CC9F-4F8E-8800-4F361EA2FF48" targetRef="sid-C8F4C01E-E4F7-4512-AFB8-FA9D54EFF596"/>
    <userTask id="sid-D5DD03D7-8A3E-458F-BD4D-375B1490FE33" name="say &quot;I am having trouble with your request. Let me obtain assistance from a live agent to investigate further.&quot;"/>
    <userTask id="sid-D3103EC2-9BEF-46FA-A257-F8661CB9CAEA" name="set the variable datum to datum"/>
    <sequenceFlow id="sid-C222AC1F-2ED0-440B-9364-D89BEC9E15BA" sourceRef="sid-CAD553D8-F23D-4067-A44D-BCF03B21AC1B" targetRef="sid-DC56FDD4-6BFF-4C54-9E60-F7A7F95FA9FA"/>
    <scriptTask id="sid-DC56FDD4-6BFF-4C54-9E60-F7A7F95FA9FA" name="format date2display" scriptFormat="groovy" activiti:autoStoreVariables="false">
      <script>import java.util.*
import java.text.*


SimpleDateFormat sdf = new SimpleDateFormat("MM-dd-yyyy")
Date date= sdf.parse(payment_date_sap)
date2display=DateFormat.getDateInstance().format(date)

execution.setVariable("date2display", date2display)</script>
    </scriptTask>
    <sequenceFlow id="sid-6351487A-7AF6-42A3-829D-7DB643F169E3" sourceRef="sid-DC56FDD4-6BFF-4C54-9E60-F7A7F95FA9FA" targetRef="sid-6C011CB6-D84D-4848-9BE6-EBF21EDA83D3"/>
    <sequenceFlow id="sid-11CB5DC8-7338-41A3-B676-B3EA1DBC6BF9" sourceRef="sid-4B137C52-07AC-46B0-98CD-58E5113C4682" targetRef="sid-76F7BEAD-CC9F-4F8E-8800-4F361EA2FF48"/>
    <startEvent id="sid-BEE58379-F9DF-45E2-924F-E3296CCB6721"/>
    <sequenceFlow id="sid-01A29917-17E0-4493-9214-DAB74110FBFF" sourceRef="sid-BEE58379-F9DF-45E2-924F-E3296CCB6721" targetRef="sid-D3103EC2-9BEF-46FA-A257-F8661CB9CAEA"/>
    <userTask id="sid-211CB5DB-CCB5-43A5-8F04-5963FEC8E803" name="set the variable uid to ${currentUser.personId}"/>
    <sequenceFlow id="sid-7533EFE0-08FC-4FF1-9783-9F4A85DF14A7" sourceRef="sid-211CB5DB-CCB5-43A5-8F04-5963FEC8E803" targetRef="sid-4B137C52-07AC-46B0-98CD-58E5113C4682"/>
    <userTask id="sid-32B0F8F3-CAB5-475A-84D4-36ADDC936A60" name="run the workflow wqm_total_payment_closing"/>
    <userTask id="sid-5A73945A-1840-4323-9347-74B4C3BF011E" name="set the variable xml to xml"/>
    <userTask id="sid-258A614A-D3E4-448E-B1A6-0F487A665107" name="set the variable response to response"/>
    <sequenceFlow id="sid-8A70DD67-5C62-46D0-ACF1-B8D6A6956BC5" sourceRef="sid-5A73945A-1840-4323-9347-74B4C3BF011E" targetRef="sid-258A614A-D3E4-448E-B1A6-0F487A665107"/>
    <userTask id="sid-17F7056C-92E5-427E-B9F3-C1DD3E0DC670" name="ask whether you were able to answer the user's request"/>
    <sequenceFlow id="sid-6DB9E539-529E-4AB8-B985-32C50D4DD3D0" sourceRef="sid-258A614A-D3E4-448E-B1A6-0F487A665107" targetRef="sid-17F7056C-92E5-427E-B9F3-C1DD3E0DC670"/>
    <userTask id="sid-95622A53-883E-43CD-966A-359E36ACB95E" name="escalate because &quot;I was chatting with ${currentUser.fullName}.  ${currentUser.firstName} said 'no' when I ask 'Was I able to answer your request'.  This is concerning total payment amount ${total_payment_amount_sap} made on ${date2display}.  Upon checking, this payment was made for clearing number ${reference_number} and the payment details are above.  Please note a ticket was created with reference number ${incident_number}&quot;"/>
    <sequenceFlow id="sid-E6C4EC94-58CA-4579-B24F-4AF69EE2CB1B" sourceRef="sid-32B0F8F3-CAB5-475A-84D4-36ADDC936A60" targetRef="sid-69934C74-163C-4089-A8F5-BC94BA547F4B"/>
    <sequenceFlow id="sid-2E5B3DA3-E493-47C7-9DF1-BB9E24A5FD54" sourceRef="sid-95622A53-883E-43CD-966A-359E36ACB95E" targetRef="sid-69934C74-163C-4089-A8F5-BC94BA547F4B"/>
    <sequenceFlow id="sid-CFE42D4B-19CD-41F8-A048-BCB699631752" name="yes" sourceRef="sid-17F7056C-92E5-427E-B9F3-C1DD3E0DC670" targetRef="sid-32B0F8F3-CAB5-475A-84D4-36ADDC936A60"/>
    <userTask id="sid-11AA80B6-7959-4508-BE34-E07094E9A519" name="run the workflow wqm_total_payment"/>
    <sequenceFlow id="sid-C1897271-79DD-42E3-9884-8ED7F853B26C" sourceRef="sid-6C011CB6-D84D-4848-9BE6-EBF21EDA83D3" targetRef="sid-11AA80B6-7959-4508-BE34-E07094E9A519"/>
    <sequenceFlow id="sid-E0455E14-7449-4FE9-B734-199C441E06F8" sourceRef="sid-11AA80B6-7959-4508-BE34-E07094E9A519" targetRef="sid-5A73945A-1840-4323-9347-74B4C3BF011E"/>
    <sequenceFlow id="sid-1EB06E1C-D09F-4EB1-BE89-DEDF5C01DDD2" sourceRef="sid-D3103EC2-9BEF-46FA-A257-F8661CB9CAEA" targetRef="sid-211CB5DB-CCB5-43A5-8F04-5963FEC8E803"/>
    <sequenceFlow id="sid-667B2C97-BC97-4FA3-842B-82F45B595C0C" name="no" sourceRef="sid-17F7056C-92E5-427E-B9F3-C1DD3E0DC670" targetRef="sid-95622A53-883E-43CD-966A-359E36ACB95E"/>
    <userTask id="sid-27022481-2DA8-49DD-8780-1E38898651C5" name="escalate"/>
    <sequenceFlow id="sid-48EDDB7E-CB15-4A94-B8C7-357BF44D0370" name="${escalation_flag eq 0}" sourceRef="sid-C8F4C01E-E4F7-4512-AFB8-FA9D54EFF596" targetRef="sid-CAD553D8-F23D-4067-A44D-BCF03B21AC1B"/>
    <sequenceFlow id="sid-6721541E-2356-40BF-BB42-B2A6E327DF8E" name="${escalation_flag eq 2}" sourceRef="sid-C8F4C01E-E4F7-4512-AFB8-FA9D54EFF596" targetRef="sid-D5DD03D7-8A3E-458F-BD4D-375B1490FE33"/>
    <sequenceFlow id="sid-3E006641-493C-423D-AEF9-F73332ED80CE" name="${escalation_flag eq 1}" sourceRef="sid-C8F4C01E-E4F7-4512-AFB8-FA9D54EFF596" targetRef="sid-27022481-2DA8-49DD-8780-1E38898651C5"/>
    <sequenceFlow id="sid-9E27DC94-2F13-4CBD-A821-373128872C66" sourceRef="sid-D5DD03D7-8A3E-458F-BD4D-375B1490FE33" targetRef="sid-27022481-2DA8-49DD-8780-1E38898651C5"/>
    <endEvent id="sid-6E8B31D1-E56C-4E2F-8018-7F2628CB92CF"/>
    <sequenceFlow id="sid-6505CA3C-13BB-4E2E-8FEE-1D5FAB2FA1BF" sourceRef="sid-27022481-2DA8-49DD-8780-1E38898651C5" targetRef="sid-6E8B31D1-E56C-4E2F-8018-7F2628CB92CF"/>
    <sequenceFlow id="sid-28AE0E80-91FC-4A8D-B243-B0346B9C20E9" name="else" sourceRef="sid-C8F4C01E-E4F7-4512-AFB8-FA9D54EFF596" targetRef="sid-27022481-2DA8-49DD-8780-1E38898651C5"/>
  </process>
  <bpmndi:BPMNDiagram id="BPMNDiagram_remittance_details">
    <bpmndi:BPMNPlane bpmnElement="remittance_details" id="BPMNPlane_remittance_details">
      <bpmndi:BPMNShape bpmnElement="sid-CAD553D8-F23D-4067-A44D-BCF03B21AC1B" id="BPMNShape_sid-CAD553D8-F23D-4067-A44D-BCF03B21AC1B">
        <omgdc:Bounds height="80.0" width="100.0" x="885.0" y="405.0"/>
      </bpmndi:BPMNShape>
      <bpmndi:BPMNShape bpmnElement="sid-6C011CB6-D84D-4848-9BE6-EBF21EDA83D3" id="BPMNShape_sid-6C011CB6-D84D-4848-9BE6-EBF21EDA83D3">
        <omgdc:Bounds height="80.0" width="100.0" x="1020.0" y="585.0"/>
      </bpmndi:BPMNShape>
      <bpmndi:BPMNShape bpmnElement="sid-69934C74-163C-4089-A8F5-BC94BA547F4B" id="BPMNShape_sid-69934C74-163C-4089-A8F5-BC94BA547F4B">
        <omgdc:Bounds height="28.0" width="28.0" x="1341.0" y="120.0"/>
      </bpmndi:BPMNShape>
      <bpmndi:BPMNShape bpmnElement="sid-4B137C52-07AC-46B0-98CD-58E5113C4682" id="BPMNShape_sid-4B137C52-07AC-46B0-98CD-58E5113C4682">
        <omgdc:Bounds height="80.0" width="100.0" x="215.0" y="180.0"/>
      </bpmndi:BPMNShape>
      <bpmndi:BPMNShape bpmnElement="sid-76F7BEAD-CC9F-4F8E-8800-4F361EA2FF48" id="BPMNShape_sid-76F7BEAD-CC9F-4F8E-8800-4F361EA2FF48">
        <omgdc:Bounds height="80.0" width="100.0" x="215.0" y="315.0"/>
      </bpmndi:BPMNShape>
      <bpmndi:BPMNShape bpmnElement="sid-C8F4C01E-E4F7-4512-AFB8-FA9D54EFF596" id="BPMNShape_sid-C8F4C01E-E4F7-4512-AFB8-FA9D54EFF596">
        <omgdc:Bounds height="80.0" width="100.0" x="465.0" y="405.0"/>
      </bpmndi:BPMNShape>
      <bpmndi:BPMNShape bpmnElement="sid-D5DD03D7-8A3E-458F-BD4D-375B1490FE33" id="BPMNShape_sid-D5DD03D7-8A3E-458F-BD4D-375B1490FE33">
        <omgdc:Bounds height="80.0" width="100.0" x="45.0" y="705.0"/>
      </bpmndi:BPMNShape>
      <bpmndi:BPMNShape bpmnElement="sid-D3103EC2-9BEF-46FA-A257-F8661CB9CAEA" id="BPMNShape_sid-D3103EC2-9BEF-46FA-A257-F8661CB9CAEA">
        <omgdc:Bounds height="80.0" width="100.0" x="10.0" y="75.0"/>
      </bpmndi:BPMNShape>
      <bpmndi:BPMNShape bpmnElement="sid-DC56FDD4-6BFF-4C54-9E60-F7A7F95FA9FA" id="BPMNShape_sid-DC56FDD4-6BFF-4C54-9E60-F7A7F95FA9FA">
        <omgdc:Bounds height="80.0" width="100.0" x="885.0" y="585.0"/>
      </bpmndi:BPMNShape>
      <bpmndi:BPMNShape bpmnElement="sid-BEE58379-F9DF-45E2-924F-E3296CCB6721" id="BPMNShape_sid-BEE58379-F9DF-45E2-924F-E3296CCB6721">
        <omgdc:Bounds height="30.0" width="30.0" x="45.0" y="25.0"/>
      </bpmndi:BPMNShape>
      <bpmndi:BPMNShape bpmnElement="sid-211CB5DB-CCB5-43A5-8F04-5963FEC8E803" id="BPMNShape_sid-211CB5DB-CCB5-43A5-8F04-5963FEC8E803">
        <omgdc:Bounds height="80.0" width="100.0" x="10.0" y="180.0"/>
      </bpmndi:BPMNShape>
      <bpmndi:BPMNShape bpmnElement="sid-32B0F8F3-CAB5-475A-84D4-36ADDC936A60" id="BPMNShape_sid-32B0F8F3-CAB5-475A-84D4-36ADDC936A60">
        <omgdc:Bounds height="80.0" width="100.0" x="1305.0" y="210.0"/>
      </bpmndi:BPMNShape>
      <bpmndi:BPMNShape bpmnElement="sid-5A73945A-1840-4323-9347-74B4C3BF011E" id="BPMNShape_sid-5A73945A-1840-4323-9347-74B4C3BF011E">
        <omgdc:Bounds height="80.0" width="100.0" x="1155.0" y="465.0"/>
      </bpmndi:BPMNShape>
      <bpmndi:BPMNShape bpmnElement="sid-258A614A-D3E4-448E-B1A6-0F487A665107" id="BPMNShape_sid-258A614A-D3E4-448E-B1A6-0F487A665107">
        <omgdc:Bounds height="80.0" width="100.0" x="1155.0" y="345.0"/>
      </bpmndi:BPMNShape>
      <bpmndi:BPMNShape bpmnElement="sid-17F7056C-92E5-427E-B9F3-C1DD3E0DC670" id="BPMNShape_sid-17F7056C-92E5-427E-B9F3-C1DD3E0DC670">
        <omgdc:Bounds height="80.0" width="100.0" x="1155.0" y="210.0"/>
      </bpmndi:BPMNShape>
      <bpmndi:BPMNShape bpmnElement="sid-95622A53-883E-43CD-966A-359E36ACB95E" id="BPMNShape_sid-95622A53-883E-43CD-966A-359E36ACB95E">
        <omgdc:Bounds height="80.0" width="100.0" x="1245.0" y="0.0"/>
      </bpmndi:BPMNShape>
      <bpmndi:BPMNShape bpmnElement="sid-11AA80B6-7959-4508-BE34-E07094E9A519" id="BPMNShape_sid-11AA80B6-7959-4508-BE34-E07094E9A519">
        <omgdc:Bounds height="80.0" width="100.0" x="1155.0" y="585.0"/>
      </bpmndi:BPMNShape>
      <bpmndi:BPMNShape bpmnElement="sid-27022481-2DA8-49DD-8780-1E38898651C5" id="BPMNShape_sid-27022481-2DA8-49DD-8780-1E38898651C5">
        <omgdc:Bounds height="80.0" width="100.0" x="285.0" y="855.0"/>
      </bpmndi:BPMNShape>
      <bpmndi:BPMNShape bpmnElement="sid-6E8B31D1-E56C-4E2F-8018-7F2628CB92CF" id="BPMNShape_sid-6E8B31D1-E56C-4E2F-8018-7F2628CB92CF">
        <omgdc:Bounds height="28.0" width="28.0" x="610.0" y="881.0"/>
      </bpmndi:BPMNShape>
      <bpmndi:BPMNEdge bpmnElement="sid-E6C4EC94-58CA-4579-B24F-4AF69EE2CB1B" id="BPMNEdge_sid-E6C4EC94-58CA-4579-B24F-4AF69EE2CB1B">
        <omgdi:waypoint x="1355.0" y="210.0"/>
        <omgdi:waypoint x="1355.0" y="148.0"/>
      </bpmndi:BPMNEdge>
      <bpmndi:BPMNEdge bpmnElement="sid-8A70DD67-5C62-46D0-ACF1-B8D6A6956BC5" id="BPMNEdge_sid-8A70DD67-5C62-46D0-ACF1-B8D6A6956BC5">
        <omgdi:waypoint x="1205.0" y="465.0"/>
        <omgdi:waypoint x="1205.0" y="425.0"/>
      </bpmndi:BPMNEdge>
      <bpmndi:BPMNEdge bpmnElement="sid-E0455E14-7449-4FE9-B734-199C441E06F8" id="BPMNEdge_sid-E0455E14-7449-4FE9-B734-199C441E06F8">
        <omgdi:waypoint x="1205.0" y="585.0"/>
        <omgdi:waypoint x="1205.0" y="545.0"/>
      </bpmndi:BPMNEdge>
      <bpmndi:BPMNEdge bpmnElement="sid-11CB5DC8-7338-41A3-B676-B3EA1DBC6BF9" id="BPMNEdge_sid-11CB5DC8-7338-41A3-B676-B3EA1DBC6BF9">
        <omgdi:waypoint x="265.0" y="260.0"/>
        <omgdi:waypoint x="265.0" y="315.0"/>
      </bpmndi:BPMNEdge>
      <bpmndi:BPMNEdge bpmnElement="sid-6721541E-2356-40BF-BB42-B2A6E327DF8E" id="BPMNEdge_sid-6721541E-2356-40BF-BB42-B2A6E327DF8E">
        <omgdi:waypoint x="465.0" y="445.0"/>
        <omgdi:waypoint x="95.0" y="445.0"/>
        <omgdi:waypoint x="95.0" y="705.0"/>
      </bpmndi:BPMNEdge>
      <bpmndi:BPMNEdge bpmnElement="sid-1EB06E1C-D09F-4EB1-BE89-DEDF5C01DDD2" id="BPMNEdge_sid-1EB06E1C-D09F-4EB1-BE89-DEDF5C01DDD2">
        <omgdi:waypoint x="60.0" y="155.0"/>
        <omgdi:waypoint x="60.0" y="180.0"/>
      </bpmndi:BPMNEdge>
      <bpmndi:BPMNEdge bpmnElement="sid-2E5B3DA3-E493-47C7-9DF1-BB9E24A5FD54" id="BPMNEdge_sid-2E5B3DA3-E493-47C7-9DF1-BB9E24A5FD54">
        <omgdi:waypoint x="1345.0" y="40.0"/>
        <omgdi:waypoint x="1355.0" y="40.0"/>
        <omgdi:waypoint x="1355.0" y="120.0"/>
      </bpmndi:BPMNEdge>
      <bpmndi:BPMNEdge bpmnElement="sid-EB425E93-2518-43AE-9B6C-3A61F60EDF98" id="BPMNEdge_sid-EB425E93-2518-43AE-9B6C-3A61F60EDF98">
        <omgdi:waypoint x="315.0" y="355.0"/>
        <omgdi:waypoint x="515.0" y="355.0"/>
        <omgdi:waypoint x="515.0" y="405.0"/>
      </bpmndi:BPMNEdge>
      <bpmndi:BPMNEdge bpmnElement="sid-6351487A-7AF6-42A3-829D-7DB643F169E3" id="BPMNEdge_sid-6351487A-7AF6-42A3-829D-7DB643F169E3">
        <omgdi:waypoint x="985.0" y="625.0"/>
        <omgdi:waypoint x="1020.0" y="625.0"/>
      </bpmndi:BPMNEdge>
      <bpmndi:BPMNEdge bpmnElement="sid-CFE42D4B-19CD-41F8-A048-BCB699631752" id="BPMNEdge_sid-CFE42D4B-19CD-41F8-A048-BCB699631752">
        <omgdi:waypoint x="1255.0" y="250.0"/>
        <omgdi:waypoint x="1305.0" y="250.0"/>
      </bpmndi:BPMNEdge>
      <bpmndi:BPMNEdge bpmnElement="sid-01A29917-17E0-4493-9214-DAB74110FBFF" id="BPMNEdge_sid-01A29917-17E0-4493-9214-DAB74110FBFF">
        <omgdi:waypoint x="60.0" y="55.0"/>
        <omgdi:waypoint x="60.0" y="75.0"/>
      </bpmndi:BPMNEdge>
      <bpmndi:BPMNEdge bpmnElement="sid-3E006641-493C-423D-AEF9-F73332ED80CE" id="BPMNEdge_sid-3E006641-493C-423D-AEF9-F73332ED80CE">
        <omgdi:waypoint x="465.0" y="445.0"/>
        <omgdi:waypoint x="335.0" y="445.0"/>
        <omgdi:waypoint x="335.0" y="855.0"/>
      </bpmndi:BPMNEdge>
      <bpmndi:BPMNEdge bpmnElement="sid-C1897271-79DD-42E3-9884-8ED7F853B26C" id="BPMNEdge_sid-C1897271-79DD-42E3-9884-8ED7F853B26C">
        <omgdi:waypoint x="1120.0" y="625.0"/>
        <omgdi:waypoint x="1155.0" y="625.0"/>
      </bpmndi:BPMNEdge>
      <bpmndi:BPMNEdge bpmnElement="sid-C222AC1F-2ED0-440B-9364-D89BEC9E15BA" id="BPMNEdge_sid-C222AC1F-2ED0-440B-9364-D89BEC9E15BA">
        <omgdi:waypoint x="935.0" y="485.0"/>
        <omgdi:waypoint x="935.0" y="585.0"/>
      </bpmndi:BPMNEdge>
      <bpmndi:BPMNEdge bpmnElement="sid-48EDDB7E-CB15-4A94-B8C7-357BF44D0370" id="BPMNEdge_sid-48EDDB7E-CB15-4A94-B8C7-357BF44D0370">
        <omgdi:waypoint x="565.0" y="445.0"/>
        <omgdi:waypoint x="885.0" y="445.0"/>
      </bpmndi:BPMNEdge>
      <bpmndi:BPMNEdge bpmnElement="sid-9E27DC94-2F13-4CBD-A821-373128872C66" id="BPMNEdge_sid-9E27DC94-2F13-4CBD-A821-373128872C66">
        <omgdi:waypoint x="95.0" y="785.0"/>
        <omgdi:waypoint x="95.0" y="895.0"/>
        <omgdi:waypoint x="285.0" y="895.0"/>
      </bpmndi:BPMNEdge>
      <bpmndi:BPMNEdge bpmnElement="sid-28AE0E80-91FC-4A8D-B243-B0346B9C20E9" id="BPMNEdge_sid-28AE0E80-91FC-4A8D-B243-B0346B9C20E9">
        <omgdi:waypoint x="523.6059730311183" y="485.0"/>
        <omgdi:waypoint x="552.5142211914062" y="619.3636474609375"/>
        <omgdi:waypoint x="366.56538957038777" y="855.0"/>
      </bpmndi:BPMNEdge>
      <bpmndi:BPMNEdge bpmnElement="sid-6DB9E539-529E-4AB8-B985-32C50D4DD3D0" id="BPMNEdge_sid-6DB9E539-529E-4AB8-B985-32C50D4DD3D0">
        <omgdi:waypoint x="1205.0" y="345.0"/>
        <omgdi:waypoint x="1205.0" y="290.0"/>
      </bpmndi:BPMNEdge>
      <bpmndi:BPMNEdge bpmnElement="sid-6505CA3C-13BB-4E2E-8FEE-1D5FAB2FA1BF" id="BPMNEdge_sid-6505CA3C-13BB-4E2E-8FEE-1D5FAB2FA1BF">
        <omgdi:waypoint x="385.0" y="895.0"/>
        <omgdi:waypoint x="610.0" y="895.0"/>
      </bpmndi:BPMNEdge>
      <bpmndi:BPMNEdge bpmnElement="sid-667B2C97-BC97-4FA3-842B-82F45B595C0C" id="BPMNEdge_sid-667B2C97-BC97-4FA3-842B-82F45B595C0C">
        <omgdi:waypoint x="1205.0" y="210.0"/>
        <omgdi:waypoint x="1205.0" y="40.0"/>
        <omgdi:waypoint x="1245.0" y="40.0"/>
      </bpmndi:BPMNEdge>
      <bpmndi:BPMNEdge bpmnElement="sid-7533EFE0-08FC-4FF1-9783-9F4A85DF14A7" id="BPMNEdge_sid-7533EFE0-08FC-4FF1-9783-9F4A85DF14A7">
        <omgdi:waypoint x="110.0" y="220.0"/>
        <omgdi:waypoint x="215.0" y="220.0"/>
      </bpmndi:BPMNEdge>
    </bpmndi:BPMNPlane>
  </bpmndi:BPMNDiagram>
</definitions>