<?xml version='1.0' encoding='UTF-8'?>
<definitions xmlns="http://www.omg.org/spec/BPMN/20100524/MODEL" xmlns:xsi="http://www.w3.org/2001/XMLSchema-instance" xmlns:activiti="http://activiti.org/bpmn" xmlns:bpmndi="http://www.omg.org/spec/BPMN/20100524/DI" xmlns:omgdc="http://www.omg.org/spec/DD/20100524/DC" xmlns:omgdi="http://www.omg.org/spec/DD/20100524/DI" typeLanguage="http://www.w3.org/2001/XMLSchema" expressionLanguage="http://www.w3.org/1999/XPath" targetNamespace="http://www.activiti.org/processdef">
  <process id="total_payment_lookup" name="total_payment_lookup" isExecutable="true">
    <startEvent id="sid-19081506-DD4D-47EF-B9B4-5EFE484DDD8B"/>
    <userTask id="sid-307404E1-762A-4F99-AD47-7062A5B8DEBD" name="set the variable count4 to 0"/>
    <sequenceFlow id="sid-EF943CA1-5C17-406F-96C4-9F789CBD4030" sourceRef="sid-19081506-DD4D-47EF-B9B4-5EFE484DDD8B" targetRef="sid-307404E1-762A-4F99-AD47-7062A5B8DEBD"/>
    <userTask id="sid-3D1D99FB-18CC-4219-ABE9-1404992E8D1B" name="ask the user what is the payment amount"/>
    <sequenceFlow id="sid-A8855A8C-6091-4FEF-8D50-6232305F1D83" sourceRef="sid-307404E1-762A-4F99-AD47-7062A5B8DEBD" targetRef="sid-3D1D99FB-18CC-4219-ABE9-1404992E8D1B"/>
    <userTask id="sid-BF148406-5AD6-4B34-A9E5-97B223AF97B4" name="run the workflow ambiguous_payment_date"/>
    <sequenceFlow id="sid-51096D07-4CB6-4EB8-A2BC-AB3A31C1F0D8" sourceRef="sid-3D1D99FB-18CC-4219-ABE9-1404992E8D1B" targetRef="sid-BF148406-5AD6-4B34-A9E5-97B223AF97B4"/>
    <userTask id="sid-DAD94669-CDB4-4728-8A31-DB2D54897401" name="say Thank you for the information"/>
    <sequenceFlow id="sid-2ED240DC-3A34-4503-B879-9D70925B2E0C" sourceRef="sid-BF148406-5AD6-4B34-A9E5-97B223AF97B4" targetRef="sid-DAD94669-CDB4-4728-8A31-DB2D54897401"/>
    <userTask id="sid-AFE28EAF-4D5D-4B2E-99F0-514A093C51FA" name="execute the automaton totalpayment_detail"/>
    <userTask id="sid-0E23D314-628D-41B0-B27A-DB2BED6EB0A0" name="say &quot;I couldn't find your payment&quot;"/>
    <userTask id="sid-39C0C1C5-9EFA-4216-96CB-D5EC99E79AEE" name="set the variable count4 to ${count4 + 1}"/>
    <userTask id="sid-A3EB6051-EBB9-44CE-8F36-56CD9AE5F9B6" name="ask whether the data is correct"/>
    <userTask id="sid-6F1078CA-77FF-43CE-A002-F1DDC1FE5D8B" name="escalate because &quot; I was unable to find the payment.  I was chatting with ${currentUser.fullName}.  This is concerning total payment amount ${total_payment_amount}, made on ${wdate2display}&quot;"/>
    <endEvent id="sid-F689DE85-56A4-401C-9396-A2104196E7D9"/>
    <sequenceFlow id="sid-571EC84C-8F3C-4952-A23C-B00501957DD3" sourceRef="sid-6F1078CA-77FF-43CE-A002-F1DDC1FE5D8B" targetRef="sid-F689DE85-56A4-401C-9396-A2104196E7D9"/>
    <sequenceFlow id="sid-D902175E-30C4-4E9C-B492-6CB3B7F67230" name="${count4 gt 1}" sourceRef="sid-39C0C1C5-9EFA-4216-96CB-D5EC99E79AEE" targetRef="sid-6F1078CA-77FF-43CE-A002-F1DDC1FE5D8B"/>
    <sequenceFlow id="sid-7CF160C4-264B-49D9-8D5F-594C771DB853" name="${status eq 'no payment found'}" sourceRef="sid-AFE28EAF-4D5D-4B2E-99F0-514A093C51FA" targetRef="sid-0E23D314-628D-41B0-B27A-DB2BED6EB0A0"/>
    <userTask id="sid-1BD1663D-7962-4614-9A6E-3BA27FB1D827" name="say &quot;The total payment is ${fail_total_payment}. &lt;br/>  The payment date is ${wdate2display}&quot;"/>
    <sequenceFlow id="sid-E66FA380-CAEB-4882-995F-6FE67A364206" sourceRef="sid-1BD1663D-7962-4614-9A6E-3BA27FB1D827" targetRef="sid-A3EB6051-EBB9-44CE-8F36-56CD9AE5F9B6"/>
    <sequenceFlow id="sid-DC51A7E1-E34F-4575-9D55-8BEEFF2DD7BA" name="no" sourceRef="sid-A3EB6051-EBB9-44CE-8F36-56CD9AE5F9B6" targetRef="sid-3D1D99FB-18CC-4219-ABE9-1404992E8D1B"/>
    <sequenceFlow id="sid-FD2E7BBB-C694-4F1D-ADEC-E4EA22CF50FF" name="yes" sourceRef="sid-A3EB6051-EBB9-44CE-8F36-56CD9AE5F9B6" targetRef="sid-6F1078CA-77FF-43CE-A002-F1DDC1FE5D8B"/>
    <scriptTask id="sid-86747766-C66F-4DD2-8537-204ADF42BBDE" name="format wdate2display" scriptFormat="groovy" activiti:autoStoreVariables="false">
      <script>import java.util.*
import java.text.*


SimpleDateFormat sdf = new SimpleDateFormat("yyyyMMdd")
Date date= sdf.parse(payment_date)
wdate2display=DateFormat.getDateInstance().format(date)

execution.setVariable("wdate2display", wdate2display)</script>
    </scriptTask>
    <sequenceFlow id="sid-49B6A7E4-E086-4A18-8ECC-BCE5BD612400" name="else" sourceRef="sid-AFE28EAF-4D5D-4B2E-99F0-514A093C51FA" targetRef="sid-F689DE85-56A4-401C-9396-A2104196E7D9"/>
    <sequenceFlow id="sid-F91074C4-75E3-422D-93F6-B9DA7C4823DD" sourceRef="sid-0E23D314-628D-41B0-B27A-DB2BED6EB0A0" targetRef="sid-86747766-C66F-4DD2-8537-204ADF42BBDE"/>
    <sequenceFlow id="sid-A3BBFAE5-8FDC-410E-80CD-BB7ACD2369E4" sourceRef="sid-86747766-C66F-4DD2-8537-204ADF42BBDE" targetRef="sid-39C0C1C5-9EFA-4216-96CB-D5EC99E79AEE"/>
    <sequenceFlow id="sid-1F0D5A18-E70B-4AA1-AFFD-277A75121321" name="else" sourceRef="sid-39C0C1C5-9EFA-4216-96CB-D5EC99E79AEE" targetRef="sid-1BD1663D-7962-4614-9A6E-3BA27FB1D827"/>
    <userTask id="sid-31A2E6D8-7848-43FB-ACCB-925519994D2F" name="set the variable date_range to 0"/>
    <sequenceFlow id="sid-2FE22A0B-7597-4163-9909-F66A136B0FD9" sourceRef="sid-DAD94669-CDB4-4728-8A31-DB2D54897401" targetRef="sid-31A2E6D8-7848-43FB-ACCB-925519994D2F"/>
    <sequenceFlow id="sid-E5D0D99E-EDAC-49DC-AE1E-CC036D3BF9AE" sourceRef="sid-31A2E6D8-7848-43FB-ACCB-925519994D2F" targetRef="sid-AFE28EAF-4D5D-4B2E-99F0-514A093C51FA"/>
  </process>
  <bpmndi:BPMNDiagram id="BPMNDiagram_total_payment_lookup">
    <bpmndi:BPMNPlane bpmnElement="total_payment_lookup" id="BPMNPlane_total_payment_lookup">
      <bpmndi:BPMNShape bpmnElement="sid-19081506-DD4D-47EF-B9B4-5EFE484DDD8B" id="BPMNShape_sid-19081506-DD4D-47EF-B9B4-5EFE484DDD8B">
        <omgdc:Bounds height="30.0" width="30.0" x="75.0" y="445.0"/>
      </bpmndi:BPMNShape>
      <bpmndi:BPMNShape bpmnElement="sid-307404E1-762A-4F99-AD47-7062A5B8DEBD" id="BPMNShape_sid-307404E1-762A-4F99-AD47-7062A5B8DEBD">
        <omgdc:Bounds height="80.0" width="100.0" x="150.0" y="420.0"/>
      </bpmndi:BPMNShape>
      <bpmndi:BPMNShape bpmnElement="sid-3D1D99FB-18CC-4219-ABE9-1404992E8D1B" id="BPMNShape_sid-3D1D99FB-18CC-4219-ABE9-1404992E8D1B">
        <omgdc:Bounds height="80.0" width="100.0" x="300.0" y="420.0"/>
      </bpmndi:BPMNShape>
      <bpmndi:BPMNShape bpmnElement="sid-BF148406-5AD6-4B34-A9E5-97B223AF97B4" id="BPMNShape_sid-BF148406-5AD6-4B34-A9E5-97B223AF97B4">
        <omgdc:Bounds height="80.0" width="100.0" x="445.0" y="420.0"/>
      </bpmndi:BPMNShape>
      <bpmndi:BPMNShape bpmnElement="sid-DAD94669-CDB4-4728-8A31-DB2D54897401" id="BPMNShape_sid-DAD94669-CDB4-4728-8A31-DB2D54897401">
        <omgdc:Bounds height="80.0" width="100.0" x="590.0" y="420.0"/>
      </bpmndi:BPMNShape>
      <bpmndi:BPMNShape bpmnElement="sid-AFE28EAF-4D5D-4B2E-99F0-514A093C51FA" id="BPMNShape_sid-AFE28EAF-4D5D-4B2E-99F0-514A093C51FA">
        <omgdc:Bounds height="80.0" width="100.0" x="870.0" y="420.0"/>
      </bpmndi:BPMNShape>
      <bpmndi:BPMNShape bpmnElement="sid-0E23D314-628D-41B0-B27A-DB2BED6EB0A0" id="BPMNShape_sid-0E23D314-628D-41B0-B27A-DB2BED6EB0A0">
        <omgdc:Bounds height="80.0" width="100.0" x="870.0" y="735.0"/>
      </bpmndi:BPMNShape>
      <bpmndi:BPMNShape bpmnElement="sid-39C0C1C5-9EFA-4216-96CB-D5EC99E79AEE" id="BPMNShape_sid-39C0C1C5-9EFA-4216-96CB-D5EC99E79AEE">
        <omgdc:Bounds height="80.0" width="100.0" x="590.0" y="735.0"/>
      </bpmndi:BPMNShape>
      <bpmndi:BPMNShape bpmnElement="sid-A3EB6051-EBB9-44CE-8F36-56CD9AE5F9B6" id="BPMNShape_sid-A3EB6051-EBB9-44CE-8F36-56CD9AE5F9B6">
        <omgdc:Bounds height="80.0" width="100.0" x="300.0" y="735.0"/>
      </bpmndi:BPMNShape>
      <bpmndi:BPMNShape bpmnElement="sid-6F1078CA-77FF-43CE-A002-F1DDC1FE5D8B" id="BPMNShape_sid-6F1078CA-77FF-43CE-A002-F1DDC1FE5D8B">
        <omgdc:Bounds height="80.0" width="100.0" x="590.0" y="915.0"/>
      </bpmndi:BPMNShape>
      <bpmndi:BPMNShape bpmnElement="sid-F689DE85-56A4-401C-9396-A2104196E7D9" id="BPMNShape_sid-F689DE85-56A4-401C-9396-A2104196E7D9">
        <omgdc:Bounds height="28.0" width="28.0" x="1217.5" y="941.0"/>
      </bpmndi:BPMNShape>
      <bpmndi:BPMNShape bpmnElement="sid-1BD1663D-7962-4614-9A6E-3BA27FB1D827" id="BPMNShape_sid-1BD1663D-7962-4614-9A6E-3BA27FB1D827">
        <omgdc:Bounds height="80.0" width="100.0" x="435.0" y="735.0"/>
      </bpmndi:BPMNShape>
      <bpmndi:BPMNShape bpmnElement="sid-86747766-C66F-4DD2-8537-204ADF42BBDE" id="BPMNShape_sid-86747766-C66F-4DD2-8537-204ADF42BBDE">
        <omgdc:Bounds height="80.0" width="100.0" x="735.0" y="735.0"/>
      </bpmndi:BPMNShape>
      <bpmndi:BPMNShape bpmnElement="sid-31A2E6D8-7848-43FB-ACCB-925519994D2F" id="BPMNShape_sid-31A2E6D8-7848-43FB-ACCB-925519994D2F">
        <omgdc:Bounds height="80.0" width="100.0" x="735.0" y="420.0"/>
      </bpmndi:BPMNShape>
      <bpmndi:BPMNEdge bpmnElement="sid-51096D07-4CB6-4EB8-A2BC-AB3A31C1F0D8" id="BPMNEdge_sid-51096D07-4CB6-4EB8-A2BC-AB3A31C1F0D8">
        <omgdi:waypoint x="400.0" y="460.0"/>
        <omgdi:waypoint x="445.0" y="460.0"/>
      </bpmndi:BPMNEdge>
      <bpmndi:BPMNEdge bpmnElement="sid-FD2E7BBB-C694-4F1D-ADEC-E4EA22CF50FF" id="BPMNEdge_sid-FD2E7BBB-C694-4F1D-ADEC-E4EA22CF50FF">
        <omgdi:waypoint x="350.0" y="815.0"/>
        <omgdi:waypoint x="350.0" y="955.0"/>
        <omgdi:waypoint x="590.0" y="955.0"/>
      </bpmndi:BPMNEdge>
      <bpmndi:BPMNEdge bpmnElement="sid-7CF160C4-264B-49D9-8D5F-594C771DB853" id="BPMNEdge_sid-7CF160C4-264B-49D9-8D5F-594C771DB853">
        <omgdi:waypoint x="920.0" y="500.0"/>
        <omgdi:waypoint x="920.0" y="735.0"/>
      </bpmndi:BPMNEdge>
      <bpmndi:BPMNEdge bpmnElement="sid-F91074C4-75E3-422D-93F6-B9DA7C4823DD" id="BPMNEdge_sid-F91074C4-75E3-422D-93F6-B9DA7C4823DD">
        <omgdi:waypoint x="870.0" y="775.0"/>
        <omgdi:waypoint x="835.0" y="775.0"/>
      </bpmndi:BPMNEdge>
      <bpmndi:BPMNEdge bpmnElement="sid-2FE22A0B-7597-4163-9909-F66A136B0FD9" id="BPMNEdge_sid-2FE22A0B-7597-4163-9909-F66A136B0FD9">
        <omgdi:waypoint x="690.0" y="460.0"/>
        <omgdi:waypoint x="735.0" y="460.0"/>
      </bpmndi:BPMNEdge>
      <bpmndi:BPMNEdge bpmnElement="sid-571EC84C-8F3C-4952-A23C-B00501957DD3" id="BPMNEdge_sid-571EC84C-8F3C-4952-A23C-B00501957DD3">
        <omgdi:waypoint x="690.0" y="955.0"/>
        <omgdi:waypoint x="1217.5" y="955.0"/>
      </bpmndi:BPMNEdge>
      <bpmndi:BPMNEdge bpmnElement="sid-EF943CA1-5C17-406F-96C4-9F789CBD4030" id="BPMNEdge_sid-EF943CA1-5C17-406F-96C4-9F789CBD4030">
        <omgdi:waypoint x="105.0" y="460.0"/>
        <omgdi:waypoint x="150.0" y="460.0"/>
      </bpmndi:BPMNEdge>
      <bpmndi:BPMNEdge bpmnElement="sid-49B6A7E4-E086-4A18-8ECC-BCE5BD612400" id="BPMNEdge_sid-49B6A7E4-E086-4A18-8ECC-BCE5BD612400">
        <omgdi:waypoint x="970.0" y="460.0"/>
        <omgdi:waypoint x="1231.5" y="460.0"/>
        <omgdi:waypoint x="1231.5" y="941.0"/>
      </bpmndi:BPMNEdge>
      <bpmndi:BPMNEdge bpmnElement="sid-A8855A8C-6091-4FEF-8D50-6232305F1D83" id="BPMNEdge_sid-A8855A8C-6091-4FEF-8D50-6232305F1D83">
        <omgdi:waypoint x="250.0" y="460.0"/>
        <omgdi:waypoint x="300.0" y="460.0"/>
      </bpmndi:BPMNEdge>
      <bpmndi:BPMNEdge bpmnElement="sid-DC51A7E1-E34F-4575-9D55-8BEEFF2DD7BA" id="BPMNEdge_sid-DC51A7E1-E34F-4575-9D55-8BEEFF2DD7BA">
        <omgdi:waypoint x="350.0" y="735.0"/>
        <omgdi:waypoint x="350.0" y="500.0"/>
      </bpmndi:BPMNEdge>
      <bpmndi:BPMNEdge bpmnElement="sid-E66FA380-CAEB-4882-995F-6FE67A364206" id="BPMNEdge_sid-E66FA380-CAEB-4882-995F-6FE67A364206">
        <omgdi:waypoint x="435.0" y="775.0"/>
        <omgdi:waypoint x="400.0" y="775.0"/>
      </bpmndi:BPMNEdge>
      <bpmndi:BPMNEdge bpmnElement="sid-2ED240DC-3A34-4503-B879-9D70925B2E0C" id="BPMNEdge_sid-2ED240DC-3A34-4503-B879-9D70925B2E0C">
        <omgdi:waypoint x="545.0" y="460.0"/>
        <omgdi:waypoint x="590.0" y="460.0"/>
      </bpmndi:BPMNEdge>
      <bpmndi:BPMNEdge bpmnElement="sid-E5D0D99E-EDAC-49DC-AE1E-CC036D3BF9AE" id="BPMNEdge_sid-E5D0D99E-EDAC-49DC-AE1E-CC036D3BF9AE">
        <omgdi:waypoint x="835.0" y="460.0"/>
        <omgdi:waypoint x="870.0" y="460.0"/>
      </bpmndi:BPMNEdge>
      <bpmndi:BPMNEdge bpmnElement="sid-A3BBFAE5-8FDC-410E-80CD-BB7ACD2369E4" id="BPMNEdge_sid-A3BBFAE5-8FDC-410E-80CD-BB7ACD2369E4">
        <omgdi:waypoint x="735.0" y="775.0"/>
        <omgdi:waypoint x="690.0" y="775.0"/>
      </bpmndi:BPMNEdge>
      <bpmndi:BPMNEdge bpmnElement="sid-D902175E-30C4-4E9C-B492-6CB3B7F67230" id="BPMNEdge_sid-D902175E-30C4-4E9C-B492-6CB3B7F67230">
        <omgdi:waypoint x="640.0" y="815.0"/>
        <omgdi:waypoint x="640.0" y="915.0"/>
      </bpmndi:BPMNEdge>
      <bpmndi:BPMNEdge bpmnElement="sid-1F0D5A18-E70B-4AA1-AFFD-277A75121321" id="BPMNEdge_sid-1F0D5A18-E70B-4AA1-AFFD-277A75121321">
        <omgdi:waypoint x="590.0" y="775.0"/>
        <omgdi:waypoint x="535.0" y="775.0"/>
      </bpmndi:BPMNEdge>
    </bpmndi:BPMNPlane>
  </bpmndi:BPMNDiagram>
</definitions>