<?xml version='1.0' encoding='UTF-8'?>
<definitions xmlns="http://www.omg.org/spec/BPMN/20100524/MODEL" xmlns:xsi="http://www.w3.org/2001/XMLSchema-instance" xmlns:activiti="http://activiti.org/bpmn" xmlns:bpmndi="http://www.omg.org/spec/BPMN/20100524/DI" xmlns:omgdc="http://www.omg.org/spec/DD/20100524/DC" xmlns:omgdi="http://www.omg.org/spec/DD/20100524/DI" typeLanguage="http://www.w3.org/2001/XMLSchema" expressionLanguage="http://www.w3.org/1999/XPath" targetNamespace="http://www.activiti.org/test">
  <process id="vendor_invoice_lookup_5" name="vendor_invoice_lookup_5" isExecutable="true">
    <userTask id="sid-7bbdfa5b-5d14-4567-8ad6-49ff72aba359" name="Say Should you need assistance, please feel free to ask Amelia or log a ticket thru Vendor Portal.." activiti:exclusive="false"/>
    <userTask id="sid-17c03323-9e17-4fa8-abdd-1eef2f488e61" name="say Sure, I will be glad to help you find the status of your ${keyword}" activiti:exclusive="false"/>
    <userTask id="sid-a07975d9-6323-470a-818f-fd2c86c16052" name="run the workflow invoice_number_lookup" activiti:exclusive="false"/>
    <userTask id="sid-f0637fd9-888b-43fb-a5bb-069212ea6cf8" name="set the variable email_address to ${currentUser.email}" activiti:exclusive="false"/>
    <userTask id="sid-c18df88e-6a91-427c-8aac-8addb684c302" name="run the workflow simple_remittance" activiti:exclusive="false"/>
    <userTask id="sid-77227647-574b-43aa-8354-2064b4cdab33" name="run the workflow simple_remittance_part" activiti:exclusive="false"/>
    <userTask id="sid-9e83a826-3d16-467d-949e-6e63487746cb" name="escalate" activiti:exclusive="false"/>
    <endEvent id="sid-11cce1ef-ebb2-4183-8c67-57a580a91b3d"/>
    <userTask id="sid-ce099af1-d179-4eef-b298-f3aaede4a17d" name="escalate" activiti:exclusive="false"/>
    <userTask id="sid-2b4aca35-6c18-4dbd-ace9-a0316107c828" name="run the workflow wqm_invoice_remittance_closing" activiti:exclusive="false"/>
    <userTask id="sid-fe9c3258-2950-4fb4-9644-c2fccf9fe600" name="run the workflow wqm_invoice_remittance_closing" activiti:exclusive="false"/>
    <userTask id="sid-46c078e1-4351-4996-9e5d-52e43f486fe2" name="set the variable uid to ${currentUser.personId}" activiti:exclusive="false"/>
    <scriptTask id="sid-30069abf-f906-4b91-bcd7-ee757be5b175" name="format date2display" activiti:exclusive="false" scriptFormat="groovy" activiti:autoStoreVariables="false">
      <script>import java.util.*
import java.text.*


SimpleDateFormat sdf = new SimpleDateFormat("MM-dd-yyyy")
Date date= sdf.parse(payment_date)
date2display=DateFormat.getDateInstance().format(date)

execution.setVariable("date2display", date2display)</script>
    </scriptTask>
    <userTask id="sid-f2b5fbc5-2f5b-4f68-b6ca-cfcd8a6023bc" name="set the variable dummy to dummy" activiti:exclusive="false"/>
    <scriptTask id="sid-83026e36-0ac8-4682-b3fc-257a24aa43a6" name="format date2display" activiti:exclusive="false" scriptFormat="groovy" activiti:autoStoreVariables="false">
      <script>import java.util.*
import java.text.*


SimpleDateFormat sdf = new SimpleDateFormat("MM-dd-yyyy")
Date date= sdf.parse(payment_date)
date2display=DateFormat.getDateInstance().format(date)

execution.setVariable("date2display", date2display)</script>
    </scriptTask>
    <startEvent id="sid-9f917f85-5811-453c-aacd-ab2f2158a67e"/>
    <endEvent id="sid-cebffe56-e255-45f0-bf1f-07ffcda9ff2b"/>
    <userTask id="sid-ee6ebdf7-39ce-4959-bd77-b0140529f618" name="Say Hello." activiti:exclusive="false"/>
    <endEvent id="sid-8c701fb3-303b-4486-b07d-aabf4cb13e86"/>
    <userTask id="sid-86960bde-e41a-48eb-8bac-9e19c9afd3c5" name="Say Thank you for contacting BHI AP Helpdesk." activiti:exclusive="false"/>
    <userTask id="sid-198f0d3f-6fc1-451b-91d5-e4bb13a17b9f" name="Say let me pull up you account." activiti:exclusive="false"/>
    <userTask id="sid-73a51aa2-3766-4db5-9249-21708e5a7e23" name="Say please give me a few minutes." activiti:exclusive="false"/>
    <userTask id="sid-1dce7084-6ba3-4fff-be91-a038b2b92436" name="Say Invoie Number 101927 is posted for payment." activiti:exclusive="false"/>
    <userTask id="sid-9957765c-b248-4c5a-818b-9746457ed17b" name="Say the net du date is March 23, 2015." activiti:exclusive="false"/>
    <userTask id="sid-c9d0c30a-dc74-4ae2-a3aa-4b1f75232c2d" name="Say The payment run date is March 25, 2015." activiti:exclusive="false"/>
    <userTask id="sid-4a22be0b-4404-43c3-993f-131168ace9e6" name="Say Invoice umber 101916 is also posted for payment." activiti:exclusive="false"/>
    <userTask id="sid-c28e7da2-f4d3-40cc-8590-ac401cd1d51b" name="Say the payment run date is also March 25, 2015." activiti:exclusive="false"/>
    <userTask id="sid-43951eef-c689-4cdb-a78a-81f1aa97dea9" name="Say we have created Incident Number INC000020405803 for this conversation." activiti:exclusive="false"/>
    <userTask id="sid-d493cf25-0a0c-4a1d-ae46-4b2582c49a23" name="Ask whether would there be anyhing else we can help the user with." activiti:exclusive="false"/>
    <userTask id="sid-ed129ef9-9fae-4343-aa14-b117700fd868" name="Say Invoice Number 101855 is also posted for payment." activiti:exclusive="false"/>
    <userTask id="sid-c2ff405b-6465-4144-aba6-81f3d3e992e5" name="Say payment run date is March 25, 2015." activiti:exclusive="false"/>
    <sequenceFlow id="sid-fad45231-3919-42b6-a8db-a950f8ab64a8" sourceRef="sid-7bbdfa5b-5d14-4567-8ad6-49ff72aba359" targetRef="sid-8c701fb3-303b-4486-b07d-aabf4cb13e86"/>
    <sequenceFlow id="sid-6738c564-b374-42c5-97a7-0cd6d7eb1150" sourceRef="sid-17c03323-9e17-4fa8-abdd-1eef2f488e61" targetRef="sid-a07975d9-6323-470a-818f-fd2c86c16052"/>
    <sequenceFlow id="sid-b67b8e42-3366-4c9e-bf14-3a5c180a12ec" name="else" sourceRef="sid-a07975d9-6323-470a-818f-fd2c86c16052" targetRef="sid-9e83a826-3d16-467d-949e-6e63487746cb"/>
    <sequenceFlow id="sid-2390c445-1dd4-4779-b935-1b33506da5ef" name="${check_invoice_number eq 1}" sourceRef="sid-a07975d9-6323-470a-818f-fd2c86c16052" targetRef="sid-f2b5fbc5-2f5b-4f68-b6ca-cfcd8a6023bc"/>
    <sequenceFlow id="sid-4446513f-6ad9-463f-a1b9-e3ba16badeab" sourceRef="sid-f0637fd9-888b-43fb-a5bb-069212ea6cf8" targetRef="sid-46c078e1-4351-4996-9e5d-52e43f486fe2"/>
    <sequenceFlow id="sid-a35e7fd3-4e99-4fc8-a1d3-042a0d6ace5c" sourceRef="sid-c18df88e-6a91-427c-8aac-8addb684c302" targetRef="sid-2b4aca35-6c18-4dbd-ace9-a0316107c828"/>
    <sequenceFlow id="sid-4338a20d-dc19-41e5-85e8-c21cd8fdd19f" sourceRef="sid-77227647-574b-43aa-8354-2064b4cdab33" targetRef="sid-fe9c3258-2950-4fb4-9644-c2fccf9fe600"/>
    <sequenceFlow id="sid-d7fcfc8f-04e4-4da4-9342-2967fb040839" sourceRef="sid-9e83a826-3d16-467d-949e-6e63487746cb" targetRef="sid-11cce1ef-ebb2-4183-8c67-57a580a91b3d"/>
    <sequenceFlow id="sid-c81808ed-8f48-49e9-8ca1-063652459a89" sourceRef="sid-ce099af1-d179-4eef-b298-f3aaede4a17d" targetRef="sid-cebffe56-e255-45f0-bf1f-07ffcda9ff2b"/>
    <sequenceFlow id="sid-d5a602b0-0590-482b-804e-c3dfd4a3e24a" sourceRef="sid-ce099af1-d179-4eef-b298-f3aaede4a17d" targetRef="sid-ee6ebdf7-39ce-4959-bd77-b0140529f618"/>
    <sequenceFlow id="sid-58c13521-7d87-41d2-ae6c-436bd098f36d" sourceRef="sid-2b4aca35-6c18-4dbd-ace9-a0316107c828" targetRef="sid-cebffe56-e255-45f0-bf1f-07ffcda9ff2b"/>
    <sequenceFlow id="sid-c3c1d08a-4111-4780-9301-b95c4b1035e1" sourceRef="sid-fe9c3258-2950-4fb4-9644-c2fccf9fe600" targetRef="sid-cebffe56-e255-45f0-bf1f-07ffcda9ff2b"/>
    <sequenceFlow id="sid-5639ce8d-f32b-4be5-8edc-3895eba3122e" sourceRef="sid-46c078e1-4351-4996-9e5d-52e43f486fe2" targetRef="sid-17c03323-9e17-4fa8-abdd-1eef2f488e61"/>
    <sequenceFlow id="sid-4da1da7a-ceb2-4ee2-bc20-8ef73e53cf6d" sourceRef="sid-30069abf-f906-4b91-bcd7-ee757be5b175" targetRef="sid-c18df88e-6a91-427c-8aac-8addb684c302"/>
    <sequenceFlow id="sid-f77ce7f1-07e8-451f-897f-45e8bd20e283" name="else" sourceRef="sid-f2b5fbc5-2f5b-4f68-b6ca-cfcd8a6023bc" targetRef="sid-ce099af1-d179-4eef-b298-f3aaede4a17d"/>
    <sequenceFlow id="sid-61b6971c-2bf2-4ff3-814b-5baa79d5730e" name="${status eq 'CLEARED' &amp;&amp; amount_equivalence_flag ne 1}" sourceRef="sid-f2b5fbc5-2f5b-4f68-b6ca-cfcd8a6023bc" targetRef="sid-83026e36-0ac8-4682-b3fc-257a24aa43a6"/>
    <sequenceFlow id="sid-b1ec25ad-f980-42b5-ad22-8fbcb5eb4bd1" name="${status eq 'CLEARED' &amp;&amp; amount_equivalence_flag eq 1}" sourceRef="sid-f2b5fbc5-2f5b-4f68-b6ca-cfcd8a6023bc" targetRef="sid-30069abf-f906-4b91-bcd7-ee757be5b175"/>
    <sequenceFlow id="sid-dedbdb02-f18a-4ae9-be10-e3275dfd19a2" sourceRef="sid-83026e36-0ac8-4682-b3fc-257a24aa43a6" targetRef="sid-77227647-574b-43aa-8354-2064b4cdab33"/>
    <sequenceFlow id="sid-99bb3ff4-56ce-4f01-998d-3c89723b3c9f" sourceRef="sid-9f917f85-5811-453c-aacd-ab2f2158a67e" targetRef="sid-f0637fd9-888b-43fb-a5bb-069212ea6cf8"/>
    <sequenceFlow id="sid-1ffa4d46-8308-40bf-b897-b776224e6bd0" sourceRef="sid-ee6ebdf7-39ce-4959-bd77-b0140529f618" targetRef="sid-86960bde-e41a-48eb-8bac-9e19c9afd3c5"/>
    <sequenceFlow id="sid-c72f7e33-eb99-4bf9-a27e-ae1801925e30" name="can you check these too please, 101927&#x9;1,100.00&#x9;02/02/2015&#xd;&#xa;101916&#x9;1,699.00&#x9;02/02/2015" sourceRef="sid-86960bde-e41a-48eb-8bac-9e19c9afd3c5" targetRef="sid-198f0d3f-6fc1-451b-91d5-e4bb13a17b9f"/>
    <sequenceFlow id="sid-fa13cb8d-cf89-4bd0-981d-dc6cf58fe2d7" sourceRef="sid-198f0d3f-6fc1-451b-91d5-e4bb13a17b9f" targetRef="sid-73a51aa2-3766-4db5-9249-21708e5a7e23"/>
    <sequenceFlow id="sid-a5c37252-53e3-40cd-b2e4-5ead90c9c36a" sourceRef="sid-73a51aa2-3766-4db5-9249-21708e5a7e23" targetRef="sid-1dce7084-6ba3-4fff-be91-a038b2b92436"/>
    <sequenceFlow id="sid-8eacb1cb-79a4-42de-9eee-c9cb516ae65f" sourceRef="sid-1dce7084-6ba3-4fff-be91-a038b2b92436" targetRef="sid-9957765c-b248-4c5a-818b-9746457ed17b"/>
    <sequenceFlow id="sid-41872b40-504b-41fe-b1e6-6d38c7ce7dae" sourceRef="sid-9957765c-b248-4c5a-818b-9746457ed17b" targetRef="sid-c9d0c30a-dc74-4ae2-a3aa-4b1f75232c2d"/>
    <sequenceFlow id="sid-74734b4c-7959-4b4f-8994-f3a13b94fb97" sourceRef="sid-c9d0c30a-dc74-4ae2-a3aa-4b1f75232c2d" targetRef="sid-4a22be0b-4404-43c3-993f-131168ace9e6"/>
    <sequenceFlow id="sid-4e618bb7-42fb-4bf8-9aec-51a8b88ea7f1" sourceRef="sid-4a22be0b-4404-43c3-993f-131168ace9e6" targetRef="sid-c28e7da2-f4d3-40cc-8590-ac401cd1d51b"/>
    <sequenceFlow id="sid-9432d08b-602b-4b63-9836-a933f98e60b4" sourceRef="sid-c28e7da2-f4d3-40cc-8590-ac401cd1d51b" targetRef="sid-43951eef-c689-4cdb-a78a-81f1aa97dea9"/>
    <sequenceFlow id="sid-e2fad739-47c4-42e1-8a0d-443dfb7f5eed" sourceRef="sid-43951eef-c689-4cdb-a78a-81f1aa97dea9" targetRef="sid-d493cf25-0a0c-4a1d-ae46-4b2582c49a23"/>
    <sequenceFlow id="sid-04e4e5f2-59b3-45ad-a12f-c090ca96776a" name="invoice 101855 please, details given earlier." sourceRef="sid-d493cf25-0a0c-4a1d-ae46-4b2582c49a23" targetRef="sid-ed129ef9-9fae-4343-aa14-b117700fd868"/>
    <sequenceFlow id="sid-bea07ca6-7bb0-41e8-a0fd-fc18dbbfdb44" sourceRef="sid-ed129ef9-9fae-4343-aa14-b117700fd868" targetRef="sid-c2ff405b-6465-4144-aba6-81f3d3e992e5"/>
    <sequenceFlow id="sid-9a869100-6411-4917-85c5-9d06d4b6410c" name="that would be all, thank you." sourceRef="sid-c2ff405b-6465-4144-aba6-81f3d3e992e5" targetRef="sid-7bbdfa5b-5d14-4567-8ad6-49ff72aba359"/>
  </process>
  <bpmndi:BPMNDiagram id="BPMNDiagram_vendor_invoice_lookup_5">
    <bpmndi:BPMNPlane bpmnElement="vendor_invoice_lookup_5" id="BPMNPlane_vendor_invoice_lookup_5">
      <bpmndi:BPMNShape bpmnElement="sid-7bbdfa5b-5d14-4567-8ad6-49ff72aba359" id="BPMNShape_sid-7bbdfa5b-5d14-4567-8ad6-49ff72aba359">
        <omgdc:Bounds height="82.0" width="102.0" x="2968.0" y="142.0"/>
      </bpmndi:BPMNShape>
      <bpmndi:BPMNShape bpmnElement="sid-17c03323-9e17-4fa8-abdd-1eef2f488e61" id="BPMNShape_sid-17c03323-9e17-4fa8-abdd-1eef2f488e61">
        <omgdc:Bounds height="82.0" width="102.0" x="384.0" y="105.0"/>
      </bpmndi:BPMNShape>
      <bpmndi:BPMNShape bpmnElement="sid-a07975d9-6323-470a-818f-fd2c86c16052" id="BPMNShape_sid-a07975d9-6323-470a-818f-fd2c86c16052">
        <omgdc:Bounds height="82.0" width="102.0" x="536.0" y="100.0"/>
      </bpmndi:BPMNShape>
      <bpmndi:BPMNShape bpmnElement="sid-f0637fd9-888b-43fb-a5bb-069212ea6cf8" id="BPMNShape_sid-f0637fd9-888b-43fb-a5bb-069212ea6cf8">
        <omgdc:Bounds height="82.0" width="102.0" x="80.0" y="109.0"/>
      </bpmndi:BPMNShape>
      <bpmndi:BPMNShape bpmnElement="sid-c18df88e-6a91-427c-8aac-8addb684c302" id="BPMNShape_sid-c18df88e-6a91-427c-8aac-8addb684c302">
        <omgdc:Bounds height="82.0" width="102.0" x="992.0" y="276.0"/>
      </bpmndi:BPMNShape>
      <bpmndi:BPMNShape bpmnElement="sid-77227647-574b-43aa-8354-2064b4cdab33" id="BPMNShape_sid-77227647-574b-43aa-8354-2064b4cdab33">
        <omgdc:Bounds height="82.0" width="102.0" x="992.0" y="157.0"/>
      </bpmndi:BPMNShape>
      <bpmndi:BPMNShape bpmnElement="sid-9e83a826-3d16-467d-949e-6e63487746cb" id="BPMNShape_sid-9e83a826-3d16-467d-949e-6e63487746cb">
        <omgdc:Bounds height="82.0" width="102.0" x="688.0" y="37.0"/>
      </bpmndi:BPMNShape>
      <bpmndi:BPMNShape bpmnElement="sid-11cce1ef-ebb2-4183-8c67-57a580a91b3d" id="BPMNShape_sid-11cce1ef-ebb2-4183-8c67-57a580a91b3d">
        <omgdc:Bounds height="30.0" width="30.0" x="876.0" y="0.0"/>
      </bpmndi:BPMNShape>
      <bpmndi:BPMNShape bpmnElement="sid-ce099af1-d179-4eef-b298-f3aaede4a17d" id="BPMNShape_sid-ce099af1-d179-4eef-b298-f3aaede4a17d">
        <omgdc:Bounds height="82.0" width="102.0" x="840.0" y="60.0"/>
      </bpmndi:BPMNShape>
      <bpmndi:BPMNShape bpmnElement="sid-2b4aca35-6c18-4dbd-ace9-a0316107c828" id="BPMNShape_sid-2b4aca35-6c18-4dbd-ace9-a0316107c828">
        <omgdc:Bounds height="82.0" width="102.0" x="1144.0" y="269.0"/>
      </bpmndi:BPMNShape>
      <bpmndi:BPMNShape bpmnElement="sid-fe9c3258-2950-4fb4-9644-c2fccf9fe600" id="BPMNShape_sid-fe9c3258-2950-4fb4-9644-c2fccf9fe600">
        <omgdc:Bounds height="82.0" width="102.0" x="1144.0" y="157.0"/>
      </bpmndi:BPMNShape>
      <bpmndi:BPMNShape bpmnElement="sid-46c078e1-4351-4996-9e5d-52e43f486fe2" id="BPMNShape_sid-46c078e1-4351-4996-9e5d-52e43f486fe2">
        <omgdc:Bounds height="82.0" width="102.0" x="232.0" y="108.0"/>
      </bpmndi:BPMNShape>
      <bpmndi:BPMNShape bpmnElement="sid-30069abf-f906-4b91-bcd7-ee757be5b175" id="BPMNShape_sid-30069abf-f906-4b91-bcd7-ee757be5b175">
        <omgdc:Bounds height="82.0" width="102.0" x="840.0" y="284.0"/>
      </bpmndi:BPMNShape>
      <bpmndi:BPMNShape bpmnElement="sid-f2b5fbc5-2f5b-4f68-b6ca-cfcd8a6023bc" id="BPMNShape_sid-f2b5fbc5-2f5b-4f68-b6ca-cfcd8a6023bc">
        <omgdc:Bounds height="82.0" width="102.0" x="688.0" y="155.0"/>
      </bpmndi:BPMNShape>
      <bpmndi:BPMNShape bpmnElement="sid-83026e36-0ac8-4682-b3fc-257a24aa43a6" id="BPMNShape_sid-83026e36-0ac8-4682-b3fc-257a24aa43a6">
        <omgdc:Bounds height="82.0" width="102.0" x="840.0" y="172.0"/>
      </bpmndi:BPMNShape>
      <bpmndi:BPMNShape bpmnElement="sid-9f917f85-5811-453c-aacd-ab2f2158a67e" id="BPMNShape_sid-9f917f85-5811-453c-aacd-ab2f2158a67e">
        <omgdc:Bounds height="30.0" width="30.0" x="0.0" y="135.0"/>
      </bpmndi:BPMNShape>
      <bpmndi:BPMNShape bpmnElement="sid-cebffe56-e255-45f0-bf1f-07ffcda9ff2b" id="BPMNShape_sid-cebffe56-e255-45f0-bf1f-07ffcda9ff2b">
        <omgdc:Bounds height="30.0" width="30.0" x="1332.0" y="183.0"/>
      </bpmndi:BPMNShape>
      <bpmndi:BPMNShape bpmnElement="sid-ee6ebdf7-39ce-4959-bd77-b0140529f618" id="BPMNShape_sid-ee6ebdf7-39ce-4959-bd77-b0140529f618">
        <omgdc:Bounds height="82.0" width="102.0" x="992.0" y="15.0"/>
      </bpmndi:BPMNShape>
      <bpmndi:BPMNShape bpmnElement="sid-8c701fb3-303b-4486-b07d-aabf4cb13e86" id="BPMNShape_sid-8c701fb3-303b-4486-b07d-aabf4cb13e86">
        <omgdc:Bounds height="30.0" width="30.0" x="3120.0" y="168.0"/>
      </bpmndi:BPMNShape>
      <bpmndi:BPMNShape bpmnElement="sid-86960bde-e41a-48eb-8bac-9e19c9afd3c5" id="BPMNShape_sid-86960bde-e41a-48eb-8bac-9e19c9afd3c5">
        <omgdc:Bounds height="82.0" width="102.0" x="1144.0" y="15.0"/>
      </bpmndi:BPMNShape>
      <bpmndi:BPMNShape bpmnElement="sid-198f0d3f-6fc1-451b-91d5-e4bb13a17b9f" id="BPMNShape_sid-198f0d3f-6fc1-451b-91d5-e4bb13a17b9f">
        <omgdc:Bounds height="82.0" width="102.0" x="1296.0" y="34.0"/>
      </bpmndi:BPMNShape>
      <bpmndi:BPMNShape bpmnElement="sid-73a51aa2-3766-4db5-9249-21708e5a7e23" id="BPMNShape_sid-73a51aa2-3766-4db5-9249-21708e5a7e23">
        <omgdc:Bounds height="82.0" width="102.0" x="1448.0" y="51.0"/>
      </bpmndi:BPMNShape>
      <bpmndi:BPMNShape bpmnElement="sid-1dce7084-6ba3-4fff-be91-a038b2b92436" id="BPMNShape_sid-1dce7084-6ba3-4fff-be91-a038b2b92436">
        <omgdc:Bounds height="82.0" width="102.0" x="1600.0" y="66.0"/>
      </bpmndi:BPMNShape>
      <bpmndi:BPMNShape bpmnElement="sid-9957765c-b248-4c5a-818b-9746457ed17b" id="BPMNShape_sid-9957765c-b248-4c5a-818b-9746457ed17b">
        <omgdc:Bounds height="82.0" width="102.0" x="1752.0" y="80.0"/>
      </bpmndi:BPMNShape>
      <bpmndi:BPMNShape bpmnElement="sid-c9d0c30a-dc74-4ae2-a3aa-4b1f75232c2d" id="BPMNShape_sid-c9d0c30a-dc74-4ae2-a3aa-4b1f75232c2d">
        <omgdc:Bounds height="82.0" width="102.0" x="1904.0" y="92.0"/>
      </bpmndi:BPMNShape>
      <bpmndi:BPMNShape bpmnElement="sid-4a22be0b-4404-43c3-993f-131168ace9e6" id="BPMNShape_sid-4a22be0b-4404-43c3-993f-131168ace9e6">
        <omgdc:Bounds height="82.0" width="102.0" x="2056.0" y="103.0"/>
      </bpmndi:BPMNShape>
      <bpmndi:BPMNShape bpmnElement="sid-c28e7da2-f4d3-40cc-8590-ac401cd1d51b" id="BPMNShape_sid-c28e7da2-f4d3-40cc-8590-ac401cd1d51b">
        <omgdc:Bounds height="82.0" width="102.0" x="2208.0" y="112.0"/>
      </bpmndi:BPMNShape>
      <bpmndi:BPMNShape bpmnElement="sid-43951eef-c689-4cdb-a78a-81f1aa97dea9" id="BPMNShape_sid-43951eef-c689-4cdb-a78a-81f1aa97dea9">
        <omgdc:Bounds height="82.0" width="102.0" x="2360.0" y="122.0"/>
      </bpmndi:BPMNShape>
      <bpmndi:BPMNShape bpmnElement="sid-d493cf25-0a0c-4a1d-ae46-4b2582c49a23" id="BPMNShape_sid-d493cf25-0a0c-4a1d-ae46-4b2582c49a23">
        <omgdc:Bounds height="82.0" width="102.0" x="2512.0" y="130.0"/>
      </bpmndi:BPMNShape>
      <bpmndi:BPMNShape bpmnElement="sid-ed129ef9-9fae-4343-aa14-b117700fd868" id="BPMNShape_sid-ed129ef9-9fae-4343-aa14-b117700fd868">
        <omgdc:Bounds height="82.0" width="102.0" x="2664.0" y="136.0"/>
      </bpmndi:BPMNShape>
      <bpmndi:BPMNShape bpmnElement="sid-c2ff405b-6465-4144-aba6-81f3d3e992e5" id="BPMNShape_sid-c2ff405b-6465-4144-aba6-81f3d3e992e5">
        <omgdc:Bounds height="82.0" width="102.0" x="2816.0" y="140.0"/>
      </bpmndi:BPMNShape>
      <bpmndi:BPMNEdge bpmnElement="sid-2390c445-1dd4-4779-b935-1b33506da5ef" id="BPMNEdge_sid-2390c445-1dd4-4779-b935-1b33506da5ef">
        <omgdi:waypoint x="638.0" y="159.45394736842104"/>
        <omgdi:waypoint x="688.0" y="177.54605263157896"/>
      </bpmndi:BPMNEdge>
      <bpmndi:BPMNEdge bpmnElement="sid-4da1da7a-ceb2-4ee2-bc20-8ef73e53cf6d" id="BPMNEdge_sid-4da1da7a-ceb2-4ee2-bc20-8ef73e53cf6d">
        <omgdi:waypoint x="942.0" y="322.3157894736842"/>
        <omgdi:waypoint x="992.0" y="319.6842105263158"/>
      </bpmndi:BPMNEdge>
      <bpmndi:BPMNEdge bpmnElement="sid-8eacb1cb-79a4-42de-9eee-c9cb516ae65f" id="BPMNEdge_sid-8eacb1cb-79a4-42de-9eee-c9cb516ae65f">
        <omgdi:waypoint x="1702.0" y="111.69736842105263"/>
        <omgdi:waypoint x="1752.0" y="116.30263157894737"/>
      </bpmndi:BPMNEdge>
      <bpmndi:BPMNEdge bpmnElement="sid-d7fcfc8f-04e4-4da4-9342-2967fb040839" id="BPMNEdge_sid-d7fcfc8f-04e4-4da4-9342-2967fb040839">
        <omgdi:waypoint x="790.0" y="56.86184210526316"/>
        <omgdi:waypoint x="877.1430817324618" y="20.743327966150673"/>
      </bpmndi:BPMNEdge>
      <bpmndi:BPMNEdge bpmnElement="sid-9a869100-6411-4917-85c5-9d06d4b6410c" id="BPMNEdge_sid-9a869100-6411-4917-85c5-9d06d4b6410c">
        <omgdi:waypoint x="2918.0" y="181.67105263157896"/>
        <omgdi:waypoint x="2968.0" y="182.32894736842104"/>
      </bpmndi:BPMNEdge>
      <bpmndi:BPMNEdge bpmnElement="sid-a35e7fd3-4e99-4fc8-a1d3-042a0d6ace5c" id="BPMNEdge_sid-a35e7fd3-4e99-4fc8-a1d3-042a0d6ace5c">
        <omgdi:waypoint x="1094.0" y="314.6513157894737"/>
        <omgdi:waypoint x="1144.0" y="312.3486842105263"/>
      </bpmndi:BPMNEdge>
      <bpmndi:BPMNEdge bpmnElement="sid-5639ce8d-f32b-4be5-8edc-3895eba3122e" id="BPMNEdge_sid-5639ce8d-f32b-4be5-8edc-3895eba3122e">
        <omgdi:waypoint x="334.0" y="147.99342105263156"/>
        <omgdi:waypoint x="384.0" y="147.00657894736844"/>
      </bpmndi:BPMNEdge>
      <bpmndi:BPMNEdge bpmnElement="sid-fad45231-3919-42b6-a8db-a950f8ab64a8" id="BPMNEdge_sid-fad45231-3919-42b6-a8db-a950f8ab64a8">
        <omgdi:waypoint x="3070.0" y="183.0"/>
        <omgdi:waypoint x="3120.0" y="183.0"/>
      </bpmndi:BPMNEdge>
      <bpmndi:BPMNEdge bpmnElement="sid-f77ce7f1-07e8-451f-897f-45e8bd20e283" id="BPMNEdge_sid-f77ce7f1-07e8-451f-897f-45e8bd20e283">
        <omgdi:waypoint x="790.0" y="164.125"/>
        <omgdi:waypoint x="840.0" y="132.875"/>
      </bpmndi:BPMNEdge>
      <bpmndi:BPMNEdge bpmnElement="sid-41872b40-504b-41fe-b1e6-6d38c7ce7dae" id="BPMNEdge_sid-41872b40-504b-41fe-b1e6-6d38c7ce7dae">
        <omgdi:waypoint x="1854.0" y="125.02631578947368"/>
        <omgdi:waypoint x="1904.0" y="128.9736842105263"/>
      </bpmndi:BPMNEdge>
      <bpmndi:BPMNEdge bpmnElement="sid-b67b8e42-3366-4c9e-bf14-3a5c180a12ec" id="BPMNEdge_sid-b67b8e42-3366-4c9e-bf14-3a5c180a12ec">
        <omgdi:waypoint x="638.0" y="119.86184210526315"/>
        <omgdi:waypoint x="688.0" y="99.13815789473685"/>
      </bpmndi:BPMNEdge>
      <bpmndi:BPMNEdge bpmnElement="sid-fa13cb8d-cf89-4bd0-981d-dc6cf58fe2d7" id="BPMNEdge_sid-fa13cb8d-cf89-4bd0-981d-dc6cf58fe2d7">
        <omgdi:waypoint x="1398.0" y="80.70394736842105"/>
        <omgdi:waypoint x="1448.0" y="86.29605263157895"/>
      </bpmndi:BPMNEdge>
      <bpmndi:BPMNEdge bpmnElement="sid-bea07ca6-7bb0-41e8-a0fd-fc18dbbfdb44" id="BPMNEdge_sid-bea07ca6-7bb0-41e8-a0fd-fc18dbbfdb44">
        <omgdi:waypoint x="2766.0" y="178.3421052631579"/>
        <omgdi:waypoint x="2816.0" y="179.6578947368421"/>
      </bpmndi:BPMNEdge>
      <bpmndi:BPMNEdge bpmnElement="sid-c72f7e33-eb99-4bf9-a27e-ae1801925e30" id="BPMNEdge_sid-c72f7e33-eb99-4bf9-a27e-ae1801925e30">
        <omgdi:waypoint x="1246.0" y="62.375"/>
        <omgdi:waypoint x="1296.0" y="68.625"/>
      </bpmndi:BPMNEdge>
      <bpmndi:BPMNEdge bpmnElement="sid-99bb3ff4-56ce-4f01-998d-3c89723b3c9f" id="BPMNEdge_sid-99bb3ff4-56ce-4f01-998d-3c89723b3c9f">
        <omgdi:waypoint x="30.0" y="150.0"/>
        <omgdi:waypoint x="80.0" y="150.0"/>
      </bpmndi:BPMNEdge>
      <bpmndi:BPMNEdge bpmnElement="sid-1ffa4d46-8308-40bf-b897-b776224e6bd0" id="BPMNEdge_sid-1ffa4d46-8308-40bf-b897-b776224e6bd0">
        <omgdi:waypoint x="1094.0" y="56.0"/>
        <omgdi:waypoint x="1144.0" y="56.0"/>
      </bpmndi:BPMNEdge>
      <bpmndi:BPMNEdge bpmnElement="sid-4e618bb7-42fb-4bf8-9aec-51a8b88ea7f1" id="BPMNEdge_sid-4e618bb7-42fb-4bf8-9aec-51a8b88ea7f1">
        <omgdi:waypoint x="2158.0" y="147.01973684210526"/>
        <omgdi:waypoint x="2208.0" y="149.98026315789474"/>
      </bpmndi:BPMNEdge>
      <bpmndi:BPMNEdge bpmnElement="sid-dedbdb02-f18a-4ae9-be10-e3275dfd19a2" id="BPMNEdge_sid-dedbdb02-f18a-4ae9-be10-e3275dfd19a2">
        <omgdi:waypoint x="942.0" y="207.9671052631579"/>
        <omgdi:waypoint x="992.0" y="203.0328947368421"/>
      </bpmndi:BPMNEdge>
      <bpmndi:BPMNEdge bpmnElement="sid-4446513f-6ad9-463f-a1b9-e3ba16badeab" id="BPMNEdge_sid-4446513f-6ad9-463f-a1b9-e3ba16badeab">
        <omgdi:waypoint x="182.0" y="149.66447368421052"/>
        <omgdi:waypoint x="232.0" y="149.33552631578948"/>
      </bpmndi:BPMNEdge>
      <bpmndi:BPMNEdge bpmnElement="sid-4338a20d-dc19-41e5-85e8-c21cd8fdd19f" id="BPMNEdge_sid-4338a20d-dc19-41e5-85e8-c21cd8fdd19f">
        <omgdi:waypoint x="1094.0" y="198.0"/>
        <omgdi:waypoint x="1144.0" y="198.0"/>
      </bpmndi:BPMNEdge>
      <bpmndi:BPMNEdge bpmnElement="sid-e2fad739-47c4-42e1-8a0d-443dfb7f5eed" id="BPMNEdge_sid-e2fad739-47c4-42e1-8a0d-443dfb7f5eed">
        <omgdi:waypoint x="2462.0" y="165.68421052631578"/>
        <omgdi:waypoint x="2512.0" y="168.31578947368422"/>
      </bpmndi:BPMNEdge>
      <bpmndi:BPMNEdge bpmnElement="sid-b1ec25ad-f980-42b5-ad22-8fbcb5eb4bd1" id="BPMNEdge_sid-b1ec25ad-f980-42b5-ad22-8fbcb5eb4bd1">
        <omgdi:waypoint x="787.3100775193799" y="237.0"/>
        <omgdi:waypoint x="842.6899224806201" y="284.0"/>
      </bpmndi:BPMNEdge>
      <bpmndi:BPMNEdge bpmnElement="sid-58c13521-7d87-41d2-ae6c-436bd098f36d" id="BPMNEdge_sid-58c13521-7d87-41d2-ae6c-436bd098f36d">
        <omgdi:waypoint x="1246.0" y="272.42105263157896"/>
        <omgdi:waypoint x="1334.9241624396996" y="206.89798557074775"/>
      </bpmndi:BPMNEdge>
      <bpmndi:BPMNEdge bpmnElement="sid-c3c1d08a-4111-4780-9301-b95c4b1035e1" id="BPMNEdge_sid-c3c1d08a-4111-4780-9301-b95c4b1035e1">
        <omgdi:waypoint x="1246.0" y="198.0"/>
        <omgdi:waypoint x="1332.0" y="198.0"/>
      </bpmndi:BPMNEdge>
      <bpmndi:BPMNEdge bpmnElement="sid-61b6971c-2bf2-4ff3-814b-5baa79d5730e" id="BPMNEdge_sid-61b6971c-2bf2-4ff3-814b-5baa79d5730e">
        <omgdi:waypoint x="790.0" y="201.70394736842104"/>
        <omgdi:waypoint x="840.0" y="207.29605263157896"/>
      </bpmndi:BPMNEdge>
      <bpmndi:BPMNEdge bpmnElement="sid-c81808ed-8f48-49e9-8ca1-063652459a89" id="BPMNEdge_sid-c81808ed-8f48-49e9-8ca1-063652459a89">
        <omgdi:waypoint x="942.0" y="118.44736842105263"/>
        <omgdi:waypoint x="967.0" y="127.0"/>
        <omgdi:waypoint x="1119.0" y="127.0"/>
        <omgdi:waypoint x="1119.0" y="127.0"/>
        <omgdi:waypoint x="1271.0" y="127.0"/>
        <omgdi:waypoint x="1336.0389682312514" y="187.7600887423532"/>
      </bpmndi:BPMNEdge>
      <bpmndi:BPMNEdge bpmnElement="sid-9432d08b-602b-4b63-9836-a933f98e60b4" id="BPMNEdge_sid-9432d08b-602b-4b63-9836-a933f98e60b4">
        <omgdi:waypoint x="2310.0" y="156.35526315789474"/>
        <omgdi:waypoint x="2360.0" y="159.64473684210526"/>
      </bpmndi:BPMNEdge>
      <bpmndi:BPMNEdge bpmnElement="sid-74734b4c-7959-4b4f-8994-f3a13b94fb97" id="BPMNEdge_sid-74734b4c-7959-4b4f-8994-f3a13b94fb97">
        <omgdi:waypoint x="2006.0" y="136.69078947368422"/>
        <omgdi:waypoint x="2056.0" y="140.30921052631578"/>
      </bpmndi:BPMNEdge>
      <bpmndi:BPMNEdge bpmnElement="sid-04e4e5f2-59b3-45ad-a12f-c090ca96776a" id="BPMNEdge_sid-04e4e5f2-59b3-45ad-a12f-c090ca96776a">
        <omgdi:waypoint x="2614.0" y="173.01315789473685"/>
        <omgdi:waypoint x="2664.0" y="174.98684210526315"/>
      </bpmndi:BPMNEdge>
      <bpmndi:BPMNEdge bpmnElement="sid-d5a602b0-0590-482b-804e-c3dfd4a3e24a" id="BPMNEdge_sid-d5a602b0-0590-482b-804e-c3dfd4a3e24a">
        <omgdi:waypoint x="942.0" y="85.90131578947368"/>
        <omgdi:waypoint x="992.0" y="71.09868421052632"/>
      </bpmndi:BPMNEdge>
      <bpmndi:BPMNEdge bpmnElement="sid-6738c564-b374-42c5-97a7-0cd6d7eb1150" id="BPMNEdge_sid-6738c564-b374-42c5-97a7-0cd6d7eb1150">
        <omgdi:waypoint x="486.0" y="144.32236842105263"/>
        <omgdi:waypoint x="536.0" y="142.67763157894737"/>
      </bpmndi:BPMNEdge>
      <bpmndi:BPMNEdge bpmnElement="sid-a5c37252-53e3-40cd-b2e4-5ead90c9c36a" id="BPMNEdge_sid-a5c37252-53e3-40cd-b2e4-5ead90c9c36a">
        <omgdi:waypoint x="1550.0" y="97.03289473684211"/>
        <omgdi:waypoint x="1600.0" y="101.96710526315789"/>
      </bpmndi:BPMNEdge>
    </bpmndi:BPMNPlane>
  </bpmndi:BPMNDiagram>
</definitions>