<?xml version='1.0' encoding='UTF-8'?>
<definitions xmlns="http://www.omg.org/spec/BPMN/20100524/MODEL" xmlns:xsi="http://www.w3.org/2001/XMLSchema-instance" xmlns:activiti="http://activiti.org/bpmn" xmlns:bpmndi="http://www.omg.org/spec/BPMN/20100524/DI" xmlns:omgdc="http://www.omg.org/spec/DD/20100524/DC" xmlns:omgdi="http://www.omg.org/spec/DD/20100524/DI" typeLanguage="http://www.w3.org/2001/XMLSchema" expressionLanguage="http://www.w3.org/1999/XPath" targetNamespace="http://www.activiti.org/processdef">
  <process id="vendor_invoice_lookup" name="vendor_invoice_lookup" isExecutable="true">
    <startEvent id="sid-7D0F9318-2DC2-40B3-B29E-980E2649C4D7"/>
    <userTask id="sid-8537E230-D5C7-4EDE-8ABA-ACAD96AFD73A" name="say Sure, I will be glad to help you find the status of your ${keyword}"/>
    <userTask id="sid-930E77B5-21DA-4862-8A43-B48CB9255B48" name="run the workflow invoice_number_lookup"/>
    <endEvent id="sid-7A4C8AE6-C034-4834-B9C1-262A82C67118"/>
    <userTask id="sid-3F98B194-00B9-4BEA-8586-420BC08403F5" name="set the variable email_address to ${currentUser.email}"/>
    <sequenceFlow id="sid-4374B3AE-8898-4BE4-AEA5-6FAF8C4AC778" sourceRef="sid-7D0F9318-2DC2-40B3-B29E-980E2649C4D7" targetRef="sid-3F98B194-00B9-4BEA-8586-420BC08403F5"/>
    <userTask id="sid-4974CF40-4701-4593-A22A-86577296FD28" name="run the workflow simple_remittance"/>
    <userTask id="sid-088DC23A-4D47-4743-8A71-0CE53A2C5789" name="run the workflow simple_remittance_part"/>
    <sequenceFlow id="sid-74527E4B-342D-4B61-BE94-BFF808FD6961" sourceRef="sid-8537E230-D5C7-4EDE-8ABA-ACAD96AFD73A" targetRef="sid-930E77B5-21DA-4862-8A43-B48CB9255B48"/>
    <userTask id="sid-FF1B8C44-8044-4429-8968-9D610EDC962D" name="escalate"/>
    <endEvent id="sid-831C0C88-1D86-4194-AD9D-65DABAF21B4D"/>
    <sequenceFlow id="sid-E399F4A4-ABED-483A-A9DF-BDE334EA8BC9" sourceRef="sid-FF1B8C44-8044-4429-8968-9D610EDC962D" targetRef="sid-831C0C88-1D86-4194-AD9D-65DABAF21B4D"/>
    <sequenceFlow id="sid-6AD334FA-E44E-4564-A558-5DA23D30E094" name="else" sourceRef="sid-930E77B5-21DA-4862-8A43-B48CB9255B48" targetRef="sid-FF1B8C44-8044-4429-8968-9D610EDC962D"/>
    <userTask id="sid-3E4CA926-6163-48CB-B831-F362153B8ED7" name="escalate because &quot;I have found this invoice but it is showing as not yet paid in my records. &lt;br/>&lt;br/>#nospeak#${other_status}#nospeakend#&quot;"/>
    <sequenceFlow id="sid-F94FC548-980A-4BE6-9377-D9C5AD62601A" sourceRef="sid-3E4CA926-6163-48CB-B831-F362153B8ED7" targetRef="sid-7A4C8AE6-C034-4834-B9C1-262A82C67118"/>
    <userTask id="sid-213DAEFC-B5E2-4BE7-83EA-DF5268CEC4C8" name="run the workflow wqm_invoice_remittance_closing"/>
    <sequenceFlow id="sid-AFEC4D0C-CEB1-4A4C-B785-C0FF998159A3" sourceRef="sid-4974CF40-4701-4593-A22A-86577296FD28" targetRef="sid-213DAEFC-B5E2-4BE7-83EA-DF5268CEC4C8"/>
    <sequenceFlow id="sid-1AC45B2F-4E68-4ACD-BFA1-44F11B4E6055" sourceRef="sid-213DAEFC-B5E2-4BE7-83EA-DF5268CEC4C8" targetRef="sid-7A4C8AE6-C034-4834-B9C1-262A82C67118"/>
    <userTask id="sid-2A9C18FC-4A0D-4400-91B2-630FEB31FF04" name="run the workflow wqm_invoice_remittance_closing"/>
    <sequenceFlow id="sid-AFC1D702-1321-4D44-BF3A-D48F71B83164" sourceRef="sid-088DC23A-4D47-4743-8A71-0CE53A2C5789" targetRef="sid-2A9C18FC-4A0D-4400-91B2-630FEB31FF04"/>
    <sequenceFlow id="sid-DBF76FDF-DA47-4361-8D2F-8AAEDEF7CB91" sourceRef="sid-2A9C18FC-4A0D-4400-91B2-630FEB31FF04" targetRef="sid-7A4C8AE6-C034-4834-B9C1-262A82C67118"/>
    <userTask id="sid-6006CFCE-AB7B-47F0-B032-BAE78C5809B6" name="set the variable uid to ${currentUser.personId}"/>
    <sequenceFlow id="sid-0ED52D09-3325-400D-9E2C-193448D915A0" sourceRef="sid-3F98B194-00B9-4BEA-8586-420BC08403F5" targetRef="sid-6006CFCE-AB7B-47F0-B032-BAE78C5809B6"/>
    <sequenceFlow id="sid-2195957D-8358-49FB-B173-10A844C22E95" sourceRef="sid-6006CFCE-AB7B-47F0-B032-BAE78C5809B6" targetRef="sid-8537E230-D5C7-4EDE-8ABA-ACAD96AFD73A"/>
    <scriptTask id="sid-76A0D55A-F58F-4DD2-896F-06DCF1DEBBD7" name="format date2display" scriptFormat="groovy" activiti:autoStoreVariables="false">
      <script>import java.util.*
import java.text.*


SimpleDateFormat sdf = new SimpleDateFormat("MM-dd-yyyy")
Date date= sdf.parse(payment_date)
date2display=DateFormat.getDateInstance().format(date)

execution.setVariable("date2display", date2display)</script>
    </scriptTask>
    <userTask id="sid-3F474345-5AFA-4548-8817-B202F66CEC8A" name="set the variable check to check"/>
    <sequenceFlow id="sid-876EE948-E432-491C-8AA4-C33F921C256F" name="else" sourceRef="sid-3F474345-5AFA-4548-8817-B202F66CEC8A" targetRef="sid-C884236E-465B-45EE-B6FB-76D3F0AA80EF"/>
    <sequenceFlow id="sid-74343EAB-63D2-46B6-88EB-01F93581573C" sourceRef="sid-76A0D55A-F58F-4DD2-896F-06DCF1DEBBD7" targetRef="sid-4974CF40-4701-4593-A22A-86577296FD28"/>
    <sequenceFlow id="sid-724A11C7-7DA8-414F-8ED4-215827A7FBB3" name="${check_invoice_number eq 1}" sourceRef="sid-930E77B5-21DA-4862-8A43-B48CB9255B48" targetRef="sid-3F474345-5AFA-4548-8817-B202F66CEC8A"/>
    <sequenceFlow id="sid-9A81075F-3B87-4EC4-9E30-EDC2925DCEF6" name="${status eq 'CLEARED' &amp;&amp; amount_equivalence_flag eq 1}" sourceRef="sid-3F474345-5AFA-4548-8817-B202F66CEC8A" targetRef="sid-76A0D55A-F58F-4DD2-896F-06DCF1DEBBD7"/>
    <scriptTask id="sid-54AD1D01-0456-40A2-BFEF-BD5BFE84C0DD" name="format date2display" scriptFormat="groovy" activiti:autoStoreVariables="false">
      <script>import java.util.*
import java.text.*


SimpleDateFormat sdf = new SimpleDateFormat("MM-dd-yyyy")
Date date= sdf.parse(payment_date)
date2display=DateFormat.getDateInstance().format(date)

execution.setVariable("date2display", date2display)</script>
    </scriptTask>
    <sequenceFlow id="sid-4E72A567-02AF-454F-8653-5EB8927D4C15" sourceRef="sid-54AD1D01-0456-40A2-BFEF-BD5BFE84C0DD" targetRef="sid-088DC23A-4D47-4743-8A71-0CE53A2C5789"/>
    <sequenceFlow id="sid-6139EAE5-44D5-4E57-BFE7-4C0C9BB3F852" name="${status eq 'CLEARED' &amp;&amp; amount_equivalence_flag ne 1}" sourceRef="sid-3F474345-5AFA-4548-8817-B202F66CEC8A" targetRef="sid-54AD1D01-0456-40A2-BFEF-BD5BFE84C0DD"/>
    <scriptTask id="sid-C884236E-465B-45EE-B6FB-76D3F0AA80EF" name="format other_status" scriptFormat="groovy" activiti:autoStoreVariables="false">
      <script>import java.text.NumberFormat

def invoice_number =  execution.getVariable("invoice_number")
def invoice_date_sap = execution.getVariable("invoice_date_sap")
def invoice_amount_sap = execution.getVariable("invoice_amount_sap")
def invoice_number_sap =  execution.getVariable("invoice_number_sap")
def status =  execution.getVariable("status")
def payment_due_date =execution.getVariable("payment_due_date")


def table = "&lt;table class='conv-basic-table'>&lt;tr>&lt;th>Invoice Number(User)&lt;/th>&lt;th>Invoice Date&lt;/th>&lt;th>Invoice Amount&lt;/th>&lt;th>Invoice Number (Vendor Portal)&lt;/th>&lt;th>Status&lt;/th>&lt;th>Due Date&lt;/th>&lt;/tr>\n"

table += "&lt;tr>&lt;td>"+ invoice_number +"&lt;/td>\n"
table += "&lt;td>"+ invoice_date_sap +"&lt;/td>\n"
table += "&lt;td>"+ invoice_amount_sap +"&lt;/td>\n"
table += "&lt;td>"+ invoice_number_sap +"&lt;/td>\n"
table += "&lt;td>"+ status +"&lt;/td>\n"
table += "&lt;td>"+ payment_due_date +"&lt;/td>\n&lt;/tr>\n"

table += "&lt;/table>\n"

execution.setVariable("other_status", table)</script>
    </scriptTask>
    <sequenceFlow id="sid-D26070FE-22A2-4440-9221-04CEC226A5D4" sourceRef="sid-C884236E-465B-45EE-B6FB-76D3F0AA80EF" targetRef="sid-3E4CA926-6163-48CB-B831-F362153B8ED7"/>
  </process>
  <bpmndi:BPMNDiagram id="BPMNDiagram_vendor_invoice_lookup">
    <bpmndi:BPMNPlane bpmnElement="vendor_invoice_lookup" id="BPMNPlane_vendor_invoice_lookup">
      <bpmndi:BPMNShape bpmnElement="sid-7D0F9318-2DC2-40B3-B29E-980E2649C4D7" id="BPMNShape_sid-7D0F9318-2DC2-40B3-B29E-980E2649C4D7">
        <omgdc:Bounds height="30.0" width="30.0" x="45.0" y="40.0"/>
      </bpmndi:BPMNShape>
      <bpmndi:BPMNShape bpmnElement="sid-8537E230-D5C7-4EDE-8ABA-ACAD96AFD73A" id="BPMNShape_sid-8537E230-D5C7-4EDE-8ABA-ACAD96AFD73A">
        <omgdc:Bounds height="80.0" width="100.0" x="120.0" y="150.0"/>
      </bpmndi:BPMNShape>
      <bpmndi:BPMNShape bpmnElement="sid-930E77B5-21DA-4862-8A43-B48CB9255B48" id="BPMNShape_sid-930E77B5-21DA-4862-8A43-B48CB9255B48">
        <omgdc:Bounds height="80.0" width="100.0" x="120.0" y="285.0"/>
      </bpmndi:BPMNShape>
      <bpmndi:BPMNShape bpmnElement="sid-7A4C8AE6-C034-4834-B9C1-262A82C67118" id="BPMNShape_sid-7A4C8AE6-C034-4834-B9C1-262A82C67118">
        <omgdc:Bounds height="28.0" width="28.0" x="1581.0" y="180.0"/>
      </bpmndi:BPMNShape>
      <bpmndi:BPMNShape bpmnElement="sid-3F98B194-00B9-4BEA-8586-420BC08403F5" id="BPMNShape_sid-3F98B194-00B9-4BEA-8586-420BC08403F5">
        <omgdc:Bounds height="80.0" width="100.0" x="120.0" y="15.0"/>
      </bpmndi:BPMNShape>
      <bpmndi:BPMNShape bpmnElement="sid-4974CF40-4701-4593-A22A-86577296FD28" id="BPMNShape_sid-4974CF40-4701-4593-A22A-86577296FD28">
        <omgdc:Bounds height="80.0" width="100.0" x="1230.0" y="154.0"/>
      </bpmndi:BPMNShape>
      <bpmndi:BPMNShape bpmnElement="sid-088DC23A-4D47-4743-8A71-0CE53A2C5789" id="BPMNShape_sid-088DC23A-4D47-4743-8A71-0CE53A2C5789">
        <omgdc:Bounds height="80.0" width="100.0" x="1545.0" y="405.0"/>
      </bpmndi:BPMNShape>
      <bpmndi:BPMNShape bpmnElement="sid-FF1B8C44-8044-4429-8968-9D610EDC962D" id="BPMNShape_sid-FF1B8C44-8044-4429-8968-9D610EDC962D">
        <omgdc:Bounds height="80.0" width="100.0" x="330.0" y="285.0"/>
      </bpmndi:BPMNShape>
      <bpmndi:BPMNShape bpmnElement="sid-831C0C88-1D86-4194-AD9D-65DABAF21B4D" id="BPMNShape_sid-831C0C88-1D86-4194-AD9D-65DABAF21B4D">
        <omgdc:Bounds height="28.0" width="28.0" x="475.0" y="311.0"/>
      </bpmndi:BPMNShape>
      <bpmndi:BPMNShape bpmnElement="sid-3E4CA926-6163-48CB-B831-F362153B8ED7" id="BPMNShape_sid-3E4CA926-6163-48CB-B831-F362153B8ED7">
        <omgdc:Bounds height="80.0" width="100.0" x="1365.0" y="330.0"/>
      </bpmndi:BPMNShape>
      <bpmndi:BPMNShape bpmnElement="sid-213DAEFC-B5E2-4BE7-83EA-DF5268CEC4C8" id="BPMNShape_sid-213DAEFC-B5E2-4BE7-83EA-DF5268CEC4C8">
        <omgdc:Bounds height="80.0" width="100.0" x="1380.0" y="154.0"/>
      </bpmndi:BPMNShape>
      <bpmndi:BPMNShape bpmnElement="sid-2A9C18FC-4A0D-4400-91B2-630FEB31FF04" id="BPMNShape_sid-2A9C18FC-4A0D-4400-91B2-630FEB31FF04">
        <omgdc:Bounds height="80.0" width="100.0" x="1545.0" y="285.0"/>
      </bpmndi:BPMNShape>
      <bpmndi:BPMNShape bpmnElement="sid-6006CFCE-AB7B-47F0-B032-BAE78C5809B6" id="BPMNShape_sid-6006CFCE-AB7B-47F0-B032-BAE78C5809B6">
        <omgdc:Bounds height="80.0" width="100.0" x="265.0" y="15.0"/>
      </bpmndi:BPMNShape>
      <bpmndi:BPMNShape bpmnElement="sid-76A0D55A-F58F-4DD2-896F-06DCF1DEBBD7" id="BPMNShape_sid-76A0D55A-F58F-4DD2-896F-06DCF1DEBBD7">
        <omgdc:Bounds height="80.0" width="100.0" x="1035.0" y="154.0"/>
      </bpmndi:BPMNShape>
      <bpmndi:BPMNShape bpmnElement="sid-3F474345-5AFA-4548-8817-B202F66CEC8A" id="BPMNShape_sid-3F474345-5AFA-4548-8817-B202F66CEC8A">
        <omgdc:Bounds height="80.0" width="100.0" x="1035.0" y="630.0"/>
      </bpmndi:BPMNShape>
      <bpmndi:BPMNShape bpmnElement="sid-54AD1D01-0456-40A2-BFEF-BD5BFE84C0DD" id="BPMNShape_sid-54AD1D01-0456-40A2-BFEF-BD5BFE84C0DD">
        <omgdc:Bounds height="80.0" width="100.0" x="1545.0" y="630.0"/>
      </bpmndi:BPMNShape>
      <bpmndi:BPMNShape bpmnElement="sid-C884236E-465B-45EE-B6FB-76D3F0AA80EF" id="BPMNShape_sid-C884236E-465B-45EE-B6FB-76D3F0AA80EF">
        <omgdc:Bounds height="80.0" width="100.0" x="1180.5" y="495.0"/>
      </bpmndi:BPMNShape>
      <bpmndi:BPMNEdge bpmnElement="sid-1AC45B2F-4E68-4ACD-BFA1-44F11B4E6055" id="BPMNEdge_sid-1AC45B2F-4E68-4ACD-BFA1-44F11B4E6055">
        <omgdi:waypoint x="1480.0" y="194.0"/>
        <omgdi:waypoint x="1581.0" y="194.0"/>
      </bpmndi:BPMNEdge>
      <bpmndi:BPMNEdge bpmnElement="sid-876EE948-E432-491C-8AA4-C33F921C256F" id="BPMNEdge_sid-876EE948-E432-491C-8AA4-C33F921C256F">
        <omgdi:waypoint x="1128.111111111111" y="630.0"/>
        <omgdi:waypoint x="1187.388888888889" y="575.0"/>
      </bpmndi:BPMNEdge>
      <bpmndi:BPMNEdge bpmnElement="sid-D26070FE-22A2-4440-9221-04CEC226A5D4" id="BPMNEdge_sid-D26070FE-22A2-4440-9221-04CEC226A5D4">
        <omgdi:waypoint x="1275.2272727272727" y="495.0"/>
        <omgdi:waypoint x="1370.2727272727273" y="410.0"/>
      </bpmndi:BPMNEdge>
      <bpmndi:BPMNEdge bpmnElement="sid-AFC1D702-1321-4D44-BF3A-D48F71B83164" id="BPMNEdge_sid-AFC1D702-1321-4D44-BF3A-D48F71B83164">
        <omgdi:waypoint x="1595.0" y="405.0"/>
        <omgdi:waypoint x="1595.0" y="365.0"/>
      </bpmndi:BPMNEdge>
      <bpmndi:BPMNEdge bpmnElement="sid-AFEC4D0C-CEB1-4A4C-B785-C0FF998159A3" id="BPMNEdge_sid-AFEC4D0C-CEB1-4A4C-B785-C0FF998159A3">
        <omgdi:waypoint x="1330.0" y="194.0"/>
        <omgdi:waypoint x="1380.0" y="194.0"/>
      </bpmndi:BPMNEdge>
      <bpmndi:BPMNEdge bpmnElement="sid-4E72A567-02AF-454F-8653-5EB8927D4C15" id="BPMNEdge_sid-4E72A567-02AF-454F-8653-5EB8927D4C15">
        <omgdi:waypoint x="1595.0" y="630.0"/>
        <omgdi:waypoint x="1595.0" y="485.0"/>
      </bpmndi:BPMNEdge>
      <bpmndi:BPMNEdge bpmnElement="sid-74343EAB-63D2-46B6-88EB-01F93581573C" id="BPMNEdge_sid-74343EAB-63D2-46B6-88EB-01F93581573C">
        <omgdi:waypoint x="1135.0" y="194.0"/>
        <omgdi:waypoint x="1230.0" y="194.0"/>
      </bpmndi:BPMNEdge>
      <bpmndi:BPMNEdge bpmnElement="sid-4374B3AE-8898-4BE4-AEA5-6FAF8C4AC778" id="BPMNEdge_sid-4374B3AE-8898-4BE4-AEA5-6FAF8C4AC778">
        <omgdi:waypoint x="75.0" y="55.0"/>
        <omgdi:waypoint x="120.0" y="55.0"/>
      </bpmndi:BPMNEdge>
      <bpmndi:BPMNEdge bpmnElement="sid-6AD334FA-E44E-4564-A558-5DA23D30E094" id="BPMNEdge_sid-6AD334FA-E44E-4564-A558-5DA23D30E094">
        <omgdi:waypoint x="220.0" y="325.0"/>
        <omgdi:waypoint x="330.0" y="325.0"/>
      </bpmndi:BPMNEdge>
      <bpmndi:BPMNEdge bpmnElement="sid-9A81075F-3B87-4EC4-9E30-EDC2925DCEF6" id="BPMNEdge_sid-9A81075F-3B87-4EC4-9E30-EDC2925DCEF6">
        <omgdi:waypoint x="1085.0" y="630.0"/>
        <omgdi:waypoint x="1085.0" y="234.0"/>
      </bpmndi:BPMNEdge>
      <bpmndi:BPMNEdge bpmnElement="sid-0ED52D09-3325-400D-9E2C-193448D915A0" id="BPMNEdge_sid-0ED52D09-3325-400D-9E2C-193448D915A0">
        <omgdi:waypoint x="220.0" y="55.0"/>
        <omgdi:waypoint x="265.0" y="55.0"/>
      </bpmndi:BPMNEdge>
      <bpmndi:BPMNEdge bpmnElement="sid-6139EAE5-44D5-4E57-BFE7-4C0C9BB3F852" id="BPMNEdge_sid-6139EAE5-44D5-4E57-BFE7-4C0C9BB3F852">
        <omgdi:waypoint x="1135.0" y="670.0"/>
        <omgdi:waypoint x="1545.0" y="670.0"/>
      </bpmndi:BPMNEdge>
      <bpmndi:BPMNEdge bpmnElement="sid-E399F4A4-ABED-483A-A9DF-BDE334EA8BC9" id="BPMNEdge_sid-E399F4A4-ABED-483A-A9DF-BDE334EA8BC9">
        <omgdi:waypoint x="430.0" y="325.0"/>
        <omgdi:waypoint x="475.0" y="325.0"/>
      </bpmndi:BPMNEdge>
      <bpmndi:BPMNEdge bpmnElement="sid-F94FC548-980A-4BE6-9377-D9C5AD62601A" id="BPMNEdge_sid-F94FC548-980A-4BE6-9377-D9C5AD62601A">
        <omgdi:waypoint x="1455.909090909091" y="330.0"/>
        <omgdi:waypoint x="1584.989906633817" y="203.7876468469343"/>
      </bpmndi:BPMNEdge>
      <bpmndi:BPMNEdge bpmnElement="sid-DBF76FDF-DA47-4361-8D2F-8AAEDEF7CB91" id="BPMNEdge_sid-DBF76FDF-DA47-4361-8D2F-8AAEDEF7CB91">
        <omgdi:waypoint x="1595.0" y="285.0"/>
        <omgdi:waypoint x="1595.0" y="208.0"/>
      </bpmndi:BPMNEdge>
      <bpmndi:BPMNEdge bpmnElement="sid-74527E4B-342D-4B61-BE94-BFF808FD6961" id="BPMNEdge_sid-74527E4B-342D-4B61-BE94-BFF808FD6961">
        <omgdi:waypoint x="170.0" y="230.0"/>
        <omgdi:waypoint x="170.0" y="285.0"/>
      </bpmndi:BPMNEdge>
      <bpmndi:BPMNEdge bpmnElement="sid-724A11C7-7DA8-414F-8ED4-215827A7FBB3" id="BPMNEdge_sid-724A11C7-7DA8-414F-8ED4-215827A7FBB3">
        <omgdi:waypoint x="170.0" y="365.0"/>
        <omgdi:waypoint x="170.0" y="670.0"/>
        <omgdi:waypoint x="1035.0" y="670.0"/>
      </bpmndi:BPMNEdge>
      <bpmndi:BPMNEdge bpmnElement="sid-2195957D-8358-49FB-B173-10A844C22E95" id="BPMNEdge_sid-2195957D-8358-49FB-B173-10A844C22E95">
        <omgdi:waypoint x="315.0" y="95.0"/>
        <omgdi:waypoint x="315.0" y="190.0"/>
        <omgdi:waypoint x="220.0" y="190.0"/>
      </bpmndi:BPMNEdge>
    </bpmndi:BPMNPlane>
  </bpmndi:BPMNDiagram>
</definitions>