<?xml version='1.0' encoding='UTF-8'?>
<definitions xmlns="http://www.omg.org/spec/BPMN/20100524/MODEL" xmlns:xsi="http://www.w3.org/2001/XMLSchema-instance" xmlns:activiti="http://activiti.org/bpmn" xmlns:bpmndi="http://www.omg.org/spec/BPMN/20100524/DI" xmlns:omgdc="http://www.omg.org/spec/DD/20100524/DC" xmlns:omgdi="http://www.omg.org/spec/DD/20100524/DI" typeLanguage="http://www.w3.org/2001/XMLSchema" expressionLanguage="http://www.w3.org/1999/XPath" targetNamespace="http://www.activiti.org/test">
  <process id="vendor_invoice_lookup_3" name="vendor_invoice_lookup_3" isExecutable="true">
    <userTask id="sid-b9e4ff9d-7fdb-4f43-b1f6-68c30724b64f" name="say Sure, I will be glad to help you find the status of your ${keyword}" activiti:exclusive="false"/>
    <endEvent id="sid-21a03954-c58a-4d5a-aeb6-3798a5c8e30b"/>
    <userTask id="sid-25c7bf96-b45d-40ab-8ea2-d31d69eab730" name="run the workflow invoice_number_lookup" activiti:exclusive="false"/>
    <userTask id="sid-a9743226-2200-4b1f-b521-5a58a89b1d7b" name="set the variable email_address to ${currentUser.email}" activiti:exclusive="false"/>
    <userTask id="sid-b15a14a6-5e56-4e45-a39f-72a8a5ed6d00" name="run the workflow simple_remittance" activiti:exclusive="false"/>
    <userTask id="sid-5b0594e8-85f3-440c-8aef-d44dd7b8194b" name="run the workflow simple_remittance_part" activiti:exclusive="false"/>
    <userTask id="sid-318b2b8d-3d95-4ed7-82c9-0739354454e9" name="escalate" activiti:exclusive="false"/>
    <userTask id="sid-e94a7b92-b020-43d9-b0e2-7457b6390c86" name="escalate" activiti:exclusive="false"/>
    <userTask id="sid-fbde1ddd-59e7-451c-b42b-b319b44234d0" name="run the workflow wqm_invoice_remittance_closing" activiti:exclusive="false"/>
    <userTask id="sid-311fbc68-0820-45a3-b093-a8f8d2d8b88a" name="run the workflow wqm_invoice_remittance_closing" activiti:exclusive="false"/>
    <userTask id="sid-97037250-0fd6-45ef-bd06-c0e9ec635436" name="set the variable uid to ${currentUser.personId}" activiti:exclusive="false"/>
    <scriptTask id="sid-3366030b-1f70-4102-8a22-3dbdde13c8cd" name="format date2display" activiti:exclusive="false" scriptFormat="groovy" activiti:autoStoreVariables="false">
      <script>import java.util.*
import java.text.*


SimpleDateFormat sdf = new SimpleDateFormat("MM-dd-yyyy")
Date date= sdf.parse(payment_date)
date2display=DateFormat.getDateInstance().format(date)

execution.setVariable("date2display", date2display)</script>
    </scriptTask>
    <userTask id="sid-fae45e1f-25fc-4f59-b45e-217794aedcb1" name="set the variable dummy to dummy" activiti:exclusive="false"/>
    <scriptTask id="sid-76c9d871-16e3-4320-8158-5af6237bb5f5" name="format date2display" activiti:exclusive="false" scriptFormat="groovy" activiti:autoStoreVariables="false">
      <script>import java.util.*
import java.text.*


SimpleDateFormat sdf = new SimpleDateFormat("MM-dd-yyyy")
Date date= sdf.parse(payment_date)
date2display=DateFormat.getDateInstance().format(date)

execution.setVariable("date2display", date2display)</script>
    </scriptTask>
    <startEvent id="sid-882a86a6-0627-41d6-9532-7b43b7dedc63"/>
    <endEvent id="sid-ade72e03-92a8-47e4-9dd0-833314112d63"/>
    <userTask id="sid-5f5e20c0-079c-4fd6-b874-2d8493ffdfc7" name="Say Thank you for contacting Baker Hughes AP Helpdesk.." activiti:exclusive="false"/>
    <userTask id="sid-051c6061-79a7-4179-8bf8-c6cdb0ad22db" name="Say I see that you are looking for the status of Invoice Number 730682.." activiti:exclusive="false"/>
    <userTask id="sid-a6aa466c-8d42-4507-9334-5277a2fef81a" name="Say Kindly hold on for a moment and I will now look into it.." activiti:exclusive="false"/>
    <endEvent id="sid-70c5bd43-281b-48a1-aeb9-0c5994e1432e"/>
    <userTask id="sid-87be7e61-0b42-4f49-9301-060010055038" name="Say Per checking the system, Invoice Number 730682 amounting to 1,040.85 GBP is currently pending with the business for coding and approval ; as soon as processed and this invoice should be paid on April 17, 2015.." activiti:exclusive="false"/>
    <userTask id="sid-d2b95e09-9727-4811-8f94-015457b95a6b" name="Ask whether is there anything else that I can help the user with." activiti:exclusive="false"/>
    <userTask id="sid-56bda44a-7c76-4e96-8e3a-6704cbac70ef" name="Say Per checking, Invoice Number 727252 is not showing in our system.." activiti:exclusive="false"/>
    <userTask id="sid-267ad737-da4d-442a-a40e-a4900574ba43" name="Say Invoice Number 729660 is also not showing in or system.." activiti:exclusive="false"/>
    <userTask id="sid-7ddc8666-e10b-4a93-a211-c8fb3a53aa56" name="Say Please submit the copy of the not showing invoices via your normal invoice submission for processing.." activiti:exclusive="false"/>
    <userTask id="sid-e312ca8f-5292-4cf9-b841-93bb016a3edb" name="Say Please be advised that we have created a new ticket for this query.." activiti:exclusive="false"/>
    <userTask id="sid-39d74616-95e6-4ef5-b726-87484c367946" name="Say For any follow up, please send your email to APServices@bakerhughes.com under Ticket Number INC000020305137.." activiti:exclusive="false"/>
    <userTask id="sid-1ccf3842-be1f-432a-9c0c-e8671d492d7c" name="Say Thank you and may you have a great day!." activiti:exclusive="false"/>
    <sequenceFlow id="sid-8418b963-5a46-4246-ace4-8b4e2ffcde89" sourceRef="sid-b9e4ff9d-7fdb-4f43-b1f6-68c30724b64f" targetRef="sid-25c7bf96-b45d-40ab-8ea2-d31d69eab730"/>
    <sequenceFlow id="sid-1f3a0c46-3c70-4f4d-ae12-bfbcdb1ee244" name="else" sourceRef="sid-25c7bf96-b45d-40ab-8ea2-d31d69eab730" targetRef="sid-318b2b8d-3d95-4ed7-82c9-0739354454e9"/>
    <sequenceFlow id="sid-1ec75e29-129c-454f-9840-11a29388c515" name="${check_invoice_number eq 1}" sourceRef="sid-25c7bf96-b45d-40ab-8ea2-d31d69eab730" targetRef="sid-fae45e1f-25fc-4f59-b45e-217794aedcb1"/>
    <sequenceFlow id="sid-db62ad5b-5804-4791-95d8-bbca25dce02f" sourceRef="sid-a9743226-2200-4b1f-b521-5a58a89b1d7b" targetRef="sid-97037250-0fd6-45ef-bd06-c0e9ec635436"/>
    <sequenceFlow id="sid-b1b1bc1e-eacf-46e8-97b1-8c7c887efc60" sourceRef="sid-b15a14a6-5e56-4e45-a39f-72a8a5ed6d00" targetRef="sid-fbde1ddd-59e7-451c-b42b-b319b44234d0"/>
    <sequenceFlow id="sid-055826f0-c658-4c7c-9451-25d7189184b6" sourceRef="sid-5b0594e8-85f3-440c-8aef-d44dd7b8194b" targetRef="sid-311fbc68-0820-45a3-b093-a8f8d2d8b88a"/>
    <sequenceFlow id="sid-2bfbe74b-b775-4720-b1e2-a29f43c06842" sourceRef="sid-318b2b8d-3d95-4ed7-82c9-0739354454e9" targetRef="sid-21a03954-c58a-4d5a-aeb6-3798a5c8e30b"/>
    <sequenceFlow id="sid-49eaa4e5-5c0c-41ce-be46-305db570f5d6" sourceRef="sid-e94a7b92-b020-43d9-b0e2-7457b6390c86" targetRef="sid-70c5bd43-281b-48a1-aeb9-0c5994e1432e"/>
    <sequenceFlow id="sid-64132d5e-9833-46f0-8ebd-ee2ba3782568" sourceRef="sid-e94a7b92-b020-43d9-b0e2-7457b6390c86" targetRef="sid-5f5e20c0-079c-4fd6-b874-2d8493ffdfc7"/>
    <sequenceFlow id="sid-01c34ec6-ffaf-46f1-b819-a7004ed986bf" sourceRef="sid-fbde1ddd-59e7-451c-b42b-b319b44234d0" targetRef="sid-70c5bd43-281b-48a1-aeb9-0c5994e1432e"/>
    <sequenceFlow id="sid-15fc9d34-e399-4f90-80a9-e17a9272d34c" sourceRef="sid-311fbc68-0820-45a3-b093-a8f8d2d8b88a" targetRef="sid-70c5bd43-281b-48a1-aeb9-0c5994e1432e"/>
    <sequenceFlow id="sid-77001528-f2d0-4be4-9321-d48669b114e9" sourceRef="sid-97037250-0fd6-45ef-bd06-c0e9ec635436" targetRef="sid-b9e4ff9d-7fdb-4f43-b1f6-68c30724b64f"/>
    <sequenceFlow id="sid-a47250f5-7c83-4e12-a27d-f3f8185943a9" sourceRef="sid-3366030b-1f70-4102-8a22-3dbdde13c8cd" targetRef="sid-b15a14a6-5e56-4e45-a39f-72a8a5ed6d00"/>
    <sequenceFlow id="sid-fe11e602-b92c-48c6-a35c-b8781ee14d03" name="else" sourceRef="sid-fae45e1f-25fc-4f59-b45e-217794aedcb1" targetRef="sid-e94a7b92-b020-43d9-b0e2-7457b6390c86"/>
    <sequenceFlow id="sid-f7d6ea31-9a9f-4b91-a7e4-3ccec6befcd0" name="${status eq 'CLEARED' &amp;&amp; amount_equivalence_flag ne 1}" sourceRef="sid-fae45e1f-25fc-4f59-b45e-217794aedcb1" targetRef="sid-76c9d871-16e3-4320-8158-5af6237bb5f5"/>
    <sequenceFlow id="sid-9cb28620-0977-4dd0-afdb-9e7d022d57aa" name="${status eq 'CLEARED' &amp;&amp; amount_equivalence_flag eq 1}" sourceRef="sid-fae45e1f-25fc-4f59-b45e-217794aedcb1" targetRef="sid-3366030b-1f70-4102-8a22-3dbdde13c8cd"/>
    <sequenceFlow id="sid-3d5b1b33-5267-4ce9-8ead-54a5c0873cfd" sourceRef="sid-76c9d871-16e3-4320-8158-5af6237bb5f5" targetRef="sid-5b0594e8-85f3-440c-8aef-d44dd7b8194b"/>
    <sequenceFlow id="sid-8356a24b-77db-448a-8ba7-b8b31fa44775" sourceRef="sid-882a86a6-0627-41d6-9532-7b43b7dedc63" targetRef="sid-a9743226-2200-4b1f-b521-5a58a89b1d7b"/>
    <sequenceFlow id="sid-4fbd8d1c-26ee-4fb8-b56b-0f0af2c19abe" sourceRef="sid-5f5e20c0-079c-4fd6-b874-2d8493ffdfc7" targetRef="sid-051c6061-79a7-4179-8bf8-c6cdb0ad22db"/>
    <sequenceFlow id="sid-2994a1a8-205a-4751-82d7-82bff6301b92" sourceRef="sid-051c6061-79a7-4179-8bf8-c6cdb0ad22db" targetRef="sid-a6aa466c-8d42-4507-9334-5277a2fef81a"/>
    <sequenceFlow id="sid-f986805b-4b90-42a6-b8b2-9bbf91cdcbf1" sourceRef="sid-a6aa466c-8d42-4507-9334-5277a2fef81a" targetRef="sid-87be7e61-0b42-4f49-9301-060010055038"/>
    <sequenceFlow id="sid-21ed9afe-15cd-4eb3-9c97-a522f1ee203d" sourceRef="sid-87be7e61-0b42-4f49-9301-060010055038" targetRef="sid-d2b95e09-9727-4811-8f94-015457b95a6b"/>
    <sequenceFlow id="sid-31f57a8f-fde4-4bff-9462-96aa19c006e0" name="please check invoice 727252" sourceRef="sid-d2b95e09-9727-4811-8f94-015457b95a6b" targetRef="sid-56bda44a-7c76-4e96-8e3a-6704cbac70ef"/>
    <sequenceFlow id="sid-3cbe6575-c279-4ec9-b7ec-8406551e8fa5" name="and invoice 729660" sourceRef="sid-56bda44a-7c76-4e96-8e3a-6704cbac70ef" targetRef="sid-267ad737-da4d-442a-a40e-a4900574ba43"/>
    <sequenceFlow id="sid-e41ccca4-a7e3-48cb-8897-52e822a56e72" sourceRef="sid-267ad737-da4d-442a-a40e-a4900574ba43" targetRef="sid-7ddc8666-e10b-4a93-a211-c8fb3a53aa56"/>
    <sequenceFlow id="sid-524c3df0-ced5-4f71-8bb3-f6a20cd52dcc" name="Thanks for your help." sourceRef="sid-7ddc8666-e10b-4a93-a211-c8fb3a53aa56" targetRef="sid-e312ca8f-5292-4cf9-b841-93bb016a3edb"/>
    <sequenceFlow id="sid-a7a5bcfc-9345-4836-8524-f2c04413f9f7" sourceRef="sid-e312ca8f-5292-4cf9-b841-93bb016a3edb" targetRef="sid-39d74616-95e6-4ef5-b726-87484c367946"/>
    <sequenceFlow id="sid-ff443eb4-addd-4f95-aa2f-32426a8cc1f8" sourceRef="sid-39d74616-95e6-4ef5-b726-87484c367946" targetRef="sid-1ccf3842-be1f-432a-9c0c-e8671d492d7c"/>
    <sequenceFlow id="sid-0ec6e12b-09ae-478f-9140-0aa472ee6dca" sourceRef="sid-1ccf3842-be1f-432a-9c0c-e8671d492d7c" targetRef="sid-ade72e03-92a8-47e4-9dd0-833314112d63"/>
  </process>
  <bpmndi:BPMNDiagram id="BPMNDiagram_vendor_invoice_lookup_3">
    <bpmndi:BPMNPlane bpmnElement="vendor_invoice_lookup_3" id="BPMNPlane_vendor_invoice_lookup_3">
      <bpmndi:BPMNShape bpmnElement="sid-b9e4ff9d-7fdb-4f43-b1f6-68c30724b64f" id="BPMNShape_sid-b9e4ff9d-7fdb-4f43-b1f6-68c30724b64f">
        <omgdc:Bounds height="82.0" width="102.0" x="384.0" y="105.0"/>
      </bpmndi:BPMNShape>
      <bpmndi:BPMNShape bpmnElement="sid-21a03954-c58a-4d5a-aeb6-3798a5c8e30b" id="BPMNShape_sid-21a03954-c58a-4d5a-aeb6-3798a5c8e30b">
        <omgdc:Bounds height="30.0" width="30.0" x="876.0" y="0.0"/>
      </bpmndi:BPMNShape>
      <bpmndi:BPMNShape bpmnElement="sid-25c7bf96-b45d-40ab-8ea2-d31d69eab730" id="BPMNShape_sid-25c7bf96-b45d-40ab-8ea2-d31d69eab730">
        <omgdc:Bounds height="82.0" width="102.0" x="536.0" y="100.0"/>
      </bpmndi:BPMNShape>
      <bpmndi:BPMNShape bpmnElement="sid-a9743226-2200-4b1f-b521-5a58a89b1d7b" id="BPMNShape_sid-a9743226-2200-4b1f-b521-5a58a89b1d7b">
        <omgdc:Bounds height="82.0" width="102.0" x="80.0" y="109.0"/>
      </bpmndi:BPMNShape>
      <bpmndi:BPMNShape bpmnElement="sid-b15a14a6-5e56-4e45-a39f-72a8a5ed6d00" id="BPMNShape_sid-b15a14a6-5e56-4e45-a39f-72a8a5ed6d00">
        <omgdc:Bounds height="82.0" width="102.0" x="992.0" y="276.0"/>
      </bpmndi:BPMNShape>
      <bpmndi:BPMNShape bpmnElement="sid-5b0594e8-85f3-440c-8aef-d44dd7b8194b" id="BPMNShape_sid-5b0594e8-85f3-440c-8aef-d44dd7b8194b">
        <omgdc:Bounds height="82.0" width="102.0" x="992.0" y="157.0"/>
      </bpmndi:BPMNShape>
      <bpmndi:BPMNShape bpmnElement="sid-318b2b8d-3d95-4ed7-82c9-0739354454e9" id="BPMNShape_sid-318b2b8d-3d95-4ed7-82c9-0739354454e9">
        <omgdc:Bounds height="82.0" width="102.0" x="688.0" y="37.0"/>
      </bpmndi:BPMNShape>
      <bpmndi:BPMNShape bpmnElement="sid-e94a7b92-b020-43d9-b0e2-7457b6390c86" id="BPMNShape_sid-e94a7b92-b020-43d9-b0e2-7457b6390c86">
        <omgdc:Bounds height="82.0" width="102.0" x="840.0" y="60.0"/>
      </bpmndi:BPMNShape>
      <bpmndi:BPMNShape bpmnElement="sid-fbde1ddd-59e7-451c-b42b-b319b44234d0" id="BPMNShape_sid-fbde1ddd-59e7-451c-b42b-b319b44234d0">
        <omgdc:Bounds height="82.0" width="102.0" x="1144.0" y="269.0"/>
      </bpmndi:BPMNShape>
      <bpmndi:BPMNShape bpmnElement="sid-311fbc68-0820-45a3-b093-a8f8d2d8b88a" id="BPMNShape_sid-311fbc68-0820-45a3-b093-a8f8d2d8b88a">
        <omgdc:Bounds height="82.0" width="102.0" x="1144.0" y="157.0"/>
      </bpmndi:BPMNShape>
      <bpmndi:BPMNShape bpmnElement="sid-97037250-0fd6-45ef-bd06-c0e9ec635436" id="BPMNShape_sid-97037250-0fd6-45ef-bd06-c0e9ec635436">
        <omgdc:Bounds height="82.0" width="102.0" x="232.0" y="108.0"/>
      </bpmndi:BPMNShape>
      <bpmndi:BPMNShape bpmnElement="sid-3366030b-1f70-4102-8a22-3dbdde13c8cd" id="BPMNShape_sid-3366030b-1f70-4102-8a22-3dbdde13c8cd">
        <omgdc:Bounds height="82.0" width="102.0" x="840.0" y="284.0"/>
      </bpmndi:BPMNShape>
      <bpmndi:BPMNShape bpmnElement="sid-fae45e1f-25fc-4f59-b45e-217794aedcb1" id="BPMNShape_sid-fae45e1f-25fc-4f59-b45e-217794aedcb1">
        <omgdc:Bounds height="82.0" width="102.0" x="688.0" y="155.0"/>
      </bpmndi:BPMNShape>
      <bpmndi:BPMNShape bpmnElement="sid-76c9d871-16e3-4320-8158-5af6237bb5f5" id="BPMNShape_sid-76c9d871-16e3-4320-8158-5af6237bb5f5">
        <omgdc:Bounds height="82.0" width="102.0" x="840.0" y="172.0"/>
      </bpmndi:BPMNShape>
      <bpmndi:BPMNShape bpmnElement="sid-882a86a6-0627-41d6-9532-7b43b7dedc63" id="BPMNShape_sid-882a86a6-0627-41d6-9532-7b43b7dedc63">
        <omgdc:Bounds height="30.0" width="30.0" x="0.0" y="135.0"/>
      </bpmndi:BPMNShape>
      <bpmndi:BPMNShape bpmnElement="sid-ade72e03-92a8-47e4-9dd0-833314112d63" id="BPMNShape_sid-ade72e03-92a8-47e4-9dd0-833314112d63">
        <omgdc:Bounds height="30.0" width="30.0" x="2664.0" y="129.0"/>
      </bpmndi:BPMNShape>
      <bpmndi:BPMNShape bpmnElement="sid-5f5e20c0-079c-4fd6-b874-2d8493ffdfc7" id="BPMNShape_sid-5f5e20c0-079c-4fd6-b874-2d8493ffdfc7">
        <omgdc:Bounds height="82.0" width="102.0" x="992.0" y="15.0"/>
      </bpmndi:BPMNShape>
      <bpmndi:BPMNShape bpmnElement="sid-051c6061-79a7-4179-8bf8-c6cdb0ad22db" id="BPMNShape_sid-051c6061-79a7-4179-8bf8-c6cdb0ad22db">
        <omgdc:Bounds height="82.0" width="102.0" x="1144.0" y="15.0"/>
      </bpmndi:BPMNShape>
      <bpmndi:BPMNShape bpmnElement="sid-a6aa466c-8d42-4507-9334-5277a2fef81a" id="BPMNShape_sid-a6aa466c-8d42-4507-9334-5277a2fef81a">
        <omgdc:Bounds height="82.0" width="102.0" x="1296.0" y="32.0"/>
      </bpmndi:BPMNShape>
      <bpmndi:BPMNShape bpmnElement="sid-70c5bd43-281b-48a1-aeb9-0c5994e1432e" id="BPMNShape_sid-70c5bd43-281b-48a1-aeb9-0c5994e1432e">
        <omgdc:Bounds height="30.0" width="30.0" x="1332.0" y="183.0"/>
      </bpmndi:BPMNShape>
      <bpmndi:BPMNShape bpmnElement="sid-87be7e61-0b42-4f49-9301-060010055038" id="BPMNShape_sid-87be7e61-0b42-4f49-9301-060010055038">
        <omgdc:Bounds height="82.0" width="102.0" x="1448.0" y="47.0"/>
      </bpmndi:BPMNShape>
      <bpmndi:BPMNShape bpmnElement="sid-d2b95e09-9727-4811-8f94-015457b95a6b" id="BPMNShape_sid-d2b95e09-9727-4811-8f94-015457b95a6b">
        <omgdc:Bounds height="82.0" width="102.0" x="1600.0" y="60.0"/>
      </bpmndi:BPMNShape>
      <bpmndi:BPMNShape bpmnElement="sid-56bda44a-7c76-4e96-8e3a-6704cbac70ef" id="BPMNShape_sid-56bda44a-7c76-4e96-8e3a-6704cbac70ef">
        <omgdc:Bounds height="82.0" width="102.0" x="1752.0" y="71.0"/>
      </bpmndi:BPMNShape>
      <bpmndi:BPMNShape bpmnElement="sid-267ad737-da4d-442a-a40e-a4900574ba43" id="BPMNShape_sid-267ad737-da4d-442a-a40e-a4900574ba43">
        <omgdc:Bounds height="82.0" width="102.0" x="1904.0" y="80.0"/>
      </bpmndi:BPMNShape>
      <bpmndi:BPMNShape bpmnElement="sid-7ddc8666-e10b-4a93-a211-c8fb3a53aa56" id="BPMNShape_sid-7ddc8666-e10b-4a93-a211-c8fb3a53aa56">
        <omgdc:Bounds height="82.0" width="102.0" x="2056.0" y="87.0"/>
      </bpmndi:BPMNShape>
      <bpmndi:BPMNShape bpmnElement="sid-e312ca8f-5292-4cf9-b841-93bb016a3edb" id="BPMNShape_sid-e312ca8f-5292-4cf9-b841-93bb016a3edb">
        <omgdc:Bounds height="82.0" width="102.0" x="2208.0" y="95.0"/>
      </bpmndi:BPMNShape>
      <bpmndi:BPMNShape bpmnElement="sid-39d74616-95e6-4ef5-b726-87484c367946" id="BPMNShape_sid-39d74616-95e6-4ef5-b726-87484c367946">
        <omgdc:Bounds height="82.0" width="102.0" x="2360.0" y="99.0"/>
      </bpmndi:BPMNShape>
      <bpmndi:BPMNShape bpmnElement="sid-1ccf3842-be1f-432a-9c0c-e8671d492d7c" id="BPMNShape_sid-1ccf3842-be1f-432a-9c0c-e8671d492d7c">
        <omgdc:Bounds height="82.0" width="102.0" x="2512.0" y="103.0"/>
      </bpmndi:BPMNShape>
      <bpmndi:BPMNEdge bpmnElement="sid-3cbe6575-c279-4ec9-b7ec-8406551e8fa5" id="BPMNEdge_sid-3cbe6575-c279-4ec9-b7ec-8406551e8fa5">
        <omgdi:waypoint x="1854.0" y="115.01973684210526"/>
        <omgdi:waypoint x="1904.0" y="117.98026315789474"/>
      </bpmndi:BPMNEdge>
      <bpmndi:BPMNEdge bpmnElement="sid-fe11e602-b92c-48c6-a35c-b8781ee14d03" id="BPMNEdge_sid-fe11e602-b92c-48c6-a35c-b8781ee14d03">
        <omgdi:waypoint x="790.0" y="164.125"/>
        <omgdi:waypoint x="840.0" y="132.875"/>
      </bpmndi:BPMNEdge>
      <bpmndi:BPMNEdge bpmnElement="sid-1ec75e29-129c-454f-9840-11a29388c515" id="BPMNEdge_sid-1ec75e29-129c-454f-9840-11a29388c515">
        <omgdi:waypoint x="638.0" y="159.45394736842104"/>
        <omgdi:waypoint x="688.0" y="177.54605263157896"/>
      </bpmndi:BPMNEdge>
      <bpmndi:BPMNEdge bpmnElement="sid-524c3df0-ced5-4f71-8bb3-f6a20cd52dcc" id="BPMNEdge_sid-524c3df0-ced5-4f71-8bb3-f6a20cd52dcc">
        <omgdi:waypoint x="2158.0" y="130.68421052631578"/>
        <omgdi:waypoint x="2208.0" y="133.31578947368422"/>
      </bpmndi:BPMNEdge>
      <bpmndi:BPMNEdge bpmnElement="sid-15fc9d34-e399-4f90-80a9-e17a9272d34c" id="BPMNEdge_sid-15fc9d34-e399-4f90-80a9-e17a9272d34c">
        <omgdi:waypoint x="1246.0" y="198.0"/>
        <omgdi:waypoint x="1332.0" y="198.0"/>
      </bpmndi:BPMNEdge>
      <bpmndi:BPMNEdge bpmnElement="sid-0ec6e12b-09ae-478f-9140-0aa472ee6dca" id="BPMNEdge_sid-0ec6e12b-09ae-478f-9140-0aa472ee6dca">
        <omgdi:waypoint x="2614.0" y="144.0"/>
        <omgdi:waypoint x="2664.0" y="144.0"/>
      </bpmndi:BPMNEdge>
      <bpmndi:BPMNEdge bpmnElement="sid-f986805b-4b90-42a6-b8b2-9bbf91cdcbf1" id="BPMNEdge_sid-f986805b-4b90-42a6-b8b2-9bbf91cdcbf1">
        <omgdi:waypoint x="1398.0" y="78.03289473684211"/>
        <omgdi:waypoint x="1448.0" y="82.96710526315789"/>
      </bpmndi:BPMNEdge>
      <bpmndi:BPMNEdge bpmnElement="sid-f7d6ea31-9a9f-4b91-a7e4-3ccec6befcd0" id="BPMNEdge_sid-f7d6ea31-9a9f-4b91-a7e4-3ccec6befcd0">
        <omgdi:waypoint x="790.0" y="201.70394736842104"/>
        <omgdi:waypoint x="840.0" y="207.29605263157896"/>
      </bpmndi:BPMNEdge>
      <bpmndi:BPMNEdge bpmnElement="sid-64132d5e-9833-46f0-8ebd-ee2ba3782568" id="BPMNEdge_sid-64132d5e-9833-46f0-8ebd-ee2ba3782568">
        <omgdi:waypoint x="942.0" y="85.90131578947368"/>
        <omgdi:waypoint x="992.0" y="71.09868421052632"/>
      </bpmndi:BPMNEdge>
      <bpmndi:BPMNEdge bpmnElement="sid-055826f0-c658-4c7c-9451-25d7189184b6" id="BPMNEdge_sid-055826f0-c658-4c7c-9451-25d7189184b6">
        <omgdi:waypoint x="1094.0" y="198.0"/>
        <omgdi:waypoint x="1144.0" y="198.0"/>
      </bpmndi:BPMNEdge>
      <bpmndi:BPMNEdge bpmnElement="sid-a7a5bcfc-9345-4836-8524-f2c04413f9f7" id="BPMNEdge_sid-a7a5bcfc-9345-4836-8524-f2c04413f9f7">
        <omgdi:waypoint x="2310.0" y="137.3421052631579"/>
        <omgdi:waypoint x="2360.0" y="138.6578947368421"/>
      </bpmndi:BPMNEdge>
      <bpmndi:BPMNEdge bpmnElement="sid-db62ad5b-5804-4791-95d8-bbca25dce02f" id="BPMNEdge_sid-db62ad5b-5804-4791-95d8-bbca25dce02f">
        <omgdi:waypoint x="182.0" y="149.66447368421052"/>
        <omgdi:waypoint x="232.0" y="149.33552631578948"/>
      </bpmndi:BPMNEdge>
      <bpmndi:BPMNEdge bpmnElement="sid-b1b1bc1e-eacf-46e8-97b1-8c7c887efc60" id="BPMNEdge_sid-b1b1bc1e-eacf-46e8-97b1-8c7c887efc60">
        <omgdi:waypoint x="1094.0" y="314.6513157894737"/>
        <omgdi:waypoint x="1144.0" y="312.3486842105263"/>
      </bpmndi:BPMNEdge>
      <bpmndi:BPMNEdge bpmnElement="sid-ff443eb4-addd-4f95-aa2f-32426a8cc1f8" id="BPMNEdge_sid-ff443eb4-addd-4f95-aa2f-32426a8cc1f8">
        <omgdi:waypoint x="2462.0" y="141.3421052631579"/>
        <omgdi:waypoint x="2512.0" y="142.6578947368421"/>
      </bpmndi:BPMNEdge>
      <bpmndi:BPMNEdge bpmnElement="sid-9cb28620-0977-4dd0-afdb-9e7d022d57aa" id="BPMNEdge_sid-9cb28620-0977-4dd0-afdb-9e7d022d57aa">
        <omgdi:waypoint x="787.3100775193799" y="237.0"/>
        <omgdi:waypoint x="842.6899224806201" y="284.0"/>
      </bpmndi:BPMNEdge>
      <bpmndi:BPMNEdge bpmnElement="sid-e41ccca4-a7e3-48cb-8897-52e822a56e72" id="BPMNEdge_sid-e41ccca4-a7e3-48cb-8897-52e822a56e72">
        <omgdi:waypoint x="2006.0" y="123.34868421052632"/>
        <omgdi:waypoint x="2056.0" y="125.65131578947368"/>
      </bpmndi:BPMNEdge>
      <bpmndi:BPMNEdge bpmnElement="sid-2994a1a8-205a-4751-82d7-82bff6301b92" id="BPMNEdge_sid-2994a1a8-205a-4751-82d7-82bff6301b92">
        <omgdi:waypoint x="1246.0" y="61.703947368421055"/>
        <omgdi:waypoint x="1296.0" y="67.29605263157895"/>
      </bpmndi:BPMNEdge>
      <bpmndi:BPMNEdge bpmnElement="sid-3d5b1b33-5267-4ce9-8ead-54a5c0873cfd" id="BPMNEdge_sid-3d5b1b33-5267-4ce9-8ead-54a5c0873cfd">
        <omgdi:waypoint x="942.0" y="207.9671052631579"/>
        <omgdi:waypoint x="992.0" y="203.0328947368421"/>
      </bpmndi:BPMNEdge>
      <bpmndi:BPMNEdge bpmnElement="sid-8418b963-5a46-4246-ace4-8b4e2ffcde89" id="BPMNEdge_sid-8418b963-5a46-4246-ace4-8b4e2ffcde89">
        <omgdi:waypoint x="486.0" y="144.32236842105263"/>
        <omgdi:waypoint x="536.0" y="142.67763157894737"/>
      </bpmndi:BPMNEdge>
      <bpmndi:BPMNEdge bpmnElement="sid-21ed9afe-15cd-4eb3-9c97-a522f1ee203d" id="BPMNEdge_sid-21ed9afe-15cd-4eb3-9c97-a522f1ee203d">
        <omgdi:waypoint x="1550.0" y="92.36184210526315"/>
        <omgdi:waypoint x="1600.0" y="96.63815789473685"/>
      </bpmndi:BPMNEdge>
      <bpmndi:BPMNEdge bpmnElement="sid-31f57a8f-fde4-4bff-9462-96aa19c006e0" id="BPMNEdge_sid-31f57a8f-fde4-4bff-9462-96aa19c006e0">
        <omgdi:waypoint x="1702.0" y="104.69078947368422"/>
        <omgdi:waypoint x="1752.0" y="108.30921052631578"/>
      </bpmndi:BPMNEdge>
      <bpmndi:BPMNEdge bpmnElement="sid-8356a24b-77db-448a-8ba7-b8b31fa44775" id="BPMNEdge_sid-8356a24b-77db-448a-8ba7-b8b31fa44775">
        <omgdi:waypoint x="30.0" y="150.0"/>
        <omgdi:waypoint x="80.0" y="150.0"/>
      </bpmndi:BPMNEdge>
      <bpmndi:BPMNEdge bpmnElement="sid-49eaa4e5-5c0c-41ce-be46-305db570f5d6" id="BPMNEdge_sid-49eaa4e5-5c0c-41ce-be46-305db570f5d6">
        <omgdi:waypoint x="942.0" y="118.44736842105263"/>
        <omgdi:waypoint x="967.0" y="127.0"/>
        <omgdi:waypoint x="1119.0" y="127.0"/>
        <omgdi:waypoint x="1119.0" y="127.0"/>
        <omgdi:waypoint x="1271.0" y="127.0"/>
        <omgdi:waypoint x="1336.0389682312514" y="187.7600887423532"/>
      </bpmndi:BPMNEdge>
      <bpmndi:BPMNEdge bpmnElement="sid-4fbd8d1c-26ee-4fb8-b56b-0f0af2c19abe" id="BPMNEdge_sid-4fbd8d1c-26ee-4fb8-b56b-0f0af2c19abe">
        <omgdi:waypoint x="1094.0" y="56.0"/>
        <omgdi:waypoint x="1144.0" y="56.0"/>
      </bpmndi:BPMNEdge>
      <bpmndi:BPMNEdge bpmnElement="sid-77001528-f2d0-4be4-9321-d48669b114e9" id="BPMNEdge_sid-77001528-f2d0-4be4-9321-d48669b114e9">
        <omgdi:waypoint x="334.0" y="147.99342105263156"/>
        <omgdi:waypoint x="384.0" y="147.00657894736844"/>
      </bpmndi:BPMNEdge>
      <bpmndi:BPMNEdge bpmnElement="sid-a47250f5-7c83-4e12-a27d-f3f8185943a9" id="BPMNEdge_sid-a47250f5-7c83-4e12-a27d-f3f8185943a9">
        <omgdi:waypoint x="942.0" y="322.3157894736842"/>
        <omgdi:waypoint x="992.0" y="319.6842105263158"/>
      </bpmndi:BPMNEdge>
      <bpmndi:BPMNEdge bpmnElement="sid-2bfbe74b-b775-4720-b1e2-a29f43c06842" id="BPMNEdge_sid-2bfbe74b-b775-4720-b1e2-a29f43c06842">
        <omgdi:waypoint x="790.0" y="56.86184210526316"/>
        <omgdi:waypoint x="877.1430817324618" y="20.743327966150673"/>
      </bpmndi:BPMNEdge>
      <bpmndi:BPMNEdge bpmnElement="sid-01c34ec6-ffaf-46f1-b819-a7004ed986bf" id="BPMNEdge_sid-01c34ec6-ffaf-46f1-b819-a7004ed986bf">
        <omgdi:waypoint x="1246.0" y="272.42105263157896"/>
        <omgdi:waypoint x="1334.9241624396996" y="206.89798557074775"/>
      </bpmndi:BPMNEdge>
      <bpmndi:BPMNEdge bpmnElement="sid-1f3a0c46-3c70-4f4d-ae12-bfbcdb1ee244" id="BPMNEdge_sid-1f3a0c46-3c70-4f4d-ae12-bfbcdb1ee244">
        <omgdi:waypoint x="638.0" y="119.86184210526315"/>
        <omgdi:waypoint x="688.0" y="99.13815789473685"/>
      </bpmndi:BPMNEdge>
    </bpmndi:BPMNPlane>
  </bpmndi:BPMNDiagram>
</definitions>