<?xml version='1.0' encoding='UTF-8'?>
<definitions xmlns="http://www.omg.org/spec/BPMN/20100524/MODEL" xmlns:xsi="http://www.w3.org/2001/XMLSchema-instance" xmlns:activiti="http://activiti.org/bpmn" xmlns:bpmndi="http://www.omg.org/spec/BPMN/20100524/DI" xmlns:omgdc="http://www.omg.org/spec/DD/20100524/DC" xmlns:omgdi="http://www.omg.org/spec/DD/20100524/DI" typeLanguage="http://www.w3.org/2001/XMLSchema" expressionLanguage="http://www.w3.org/1999/XPath" targetNamespace="http://www.activiti.org/test">
  <process id="vendor_invoice_lookup_4" name="vendor_invoice_lookup_4" isExecutable="true">
    <endEvent id="sid-303466ec-8d0d-4a04-88df-a527367644fb"/>
    <userTask id="sid-bd9d2299-de1d-41d2-bf52-b89bb51e32e9" name="say Sure, I will be glad to help you find the status of your ${keyword}" activiti:exclusive="false"/>
    <userTask id="sid-d8e6c79c-a837-4898-a35f-f8ece17d179c" name="run the workflow invoice_number_lookup" activiti:exclusive="false"/>
    <userTask id="sid-6945e832-0a46-4277-bbca-ba5f822559fa" name="set the variable email_address to ${currentUser.email}" activiti:exclusive="false"/>
    <userTask id="sid-29a16ca9-2aaa-480c-a656-2961227c1f6b" name="run the workflow simple_remittance" activiti:exclusive="false"/>
    <userTask id="sid-5633d60f-ba9a-4c0a-9acb-c97c3298a698" name="run the workflow simple_remittance_part" activiti:exclusive="false"/>
    <userTask id="sid-82ca2f67-c7f1-4deb-a7c9-e0a36057e7b0" name="escalate" activiti:exclusive="false"/>
    <userTask id="sid-5980e2f9-479a-4f9c-ad30-882ee3fbe7b3" name="escalate" activiti:exclusive="false"/>
    <userTask id="sid-9fef2fb4-3125-4b23-9b97-ce162e12ad0b" name="run the workflow wqm_invoice_remittance_closing" activiti:exclusive="false"/>
    <userTask id="sid-54a945f9-6689-487c-83b3-dd6006527224" name="run the workflow wqm_invoice_remittance_closing" activiti:exclusive="false"/>
    <userTask id="sid-26c7e86c-c9aa-4395-ac60-45b8b0d4701b" name="set the variable uid to ${currentUser.personId}" activiti:exclusive="false"/>
    <scriptTask id="sid-edd87f85-dae3-4d97-a505-714128de0aa3" name="format date2display" activiti:exclusive="false" scriptFormat="groovy" activiti:autoStoreVariables="false">
      <script>import java.util.*
import java.text.*


SimpleDateFormat sdf = new SimpleDateFormat("MM-dd-yyyy")
Date date= sdf.parse(payment_date)
date2display=DateFormat.getDateInstance().format(date)

execution.setVariable("date2display", date2display)</script>
    </scriptTask>
    <userTask id="sid-f7ed6ca5-bd35-4d44-a10c-bb8c89deb8db" name="set the variable dummy to dummy" activiti:exclusive="false"/>
    <scriptTask id="sid-a87fbdf7-1e01-4ccf-84cf-d43648739fe0" name="format date2display" activiti:exclusive="false" scriptFormat="groovy" activiti:autoStoreVariables="false">
      <script>import java.util.*
import java.text.*


SimpleDateFormat sdf = new SimpleDateFormat("MM-dd-yyyy")
Date date= sdf.parse(payment_date)
date2display=DateFormat.getDateInstance().format(date)

execution.setVariable("date2display", date2display)</script>
    </scriptTask>
    <userTask id="sid-1cb4e675-31a1-45de-b727-1ad9b859c0a4" name="Say Thank you for contacting Baker Hughes AP Helpdesk.." activiti:exclusive="false"/>
    <userTask id="sid-8dd4074f-8105-460d-9e48-d2af5cb66cb7" name="Say Kindly hold on for a moment and I will now look into it.." activiti:exclusive="false"/>
    <userTask id="sid-2e0629b6-8822-4638-bf3b-0904e41b9e25" name="Say Please hold for a moment while I review your request.." activiti:exclusive="false"/>
    <endEvent id="sid-43ee93fd-b765-4cfd-a3c5-c10307a1ca59"/>
    <userTask id="sid-8d371220-bf1c-4807-9e57-dd3cc4292483" name="Say Invoice Number 101855 amounting to 138.82 GBP is now posted for payment.." activiti:exclusive="false"/>
    <userTask id="sid-15350b75-f919-42fd-aa29-af0446f005a7" name="Say This invoice has a due date of 03/23/2015 and the next payment run is 03/25/2015.." activiti:exclusive="false"/>
    <userTask id="sid-8f15ca5f-fc75-4a31-9b62-0f6cbe7ffb18" name="Say Please hold while i check on Invoice Numbers 101927 and 101916.." activiti:exclusive="false"/>
    <userTask id="sid-ce1af5ba-3367-4461-b20c-1034538c210c" name="Say Invoice Number 101927 amounting to 1,100.00 GBP is also posted for payment.." activiti:exclusive="false"/>
    <userTask id="sid-0de0bcad-dc95-496d-83cd-acd1f6fdac5c" name="Say This invoice has a due date of 03/23/2015 and the next payment run is 03/25/2015.." activiti:exclusive="false"/>
    <userTask id="sid-82fbf3ac-7b51-47a2-b693-3ff0a94556ed" name="Say Lastly, Invoice Number 101916 amounting to 1,699.00 GBP is now posted for payment.." activiti:exclusive="false"/>
    <endEvent id="sid-532ad9f4-9615-45eb-9d34-fe0b03c46e6c"/>
    <startEvent id="sid-25d76880-0d48-4053-83e2-cd39ae65f1d5"/>
    <userTask id="sid-f157d843-bb32-4716-8740-f7481af80f6d" name="Say This invoice has a due date of 03/23/2015 and the next payment run is 03/25/2015.." activiti:exclusive="false"/>
    <userTask id="sid-3dde4053-49ac-40fc-940e-88182d1ab198" name="Say Please allow additional 3-5 business days after the given payment date for the fund to reflect on your account.." activiti:exclusive="false"/>
    <userTask id="sid-4657dc81-2500-4f97-8f19-64cba7405e19" name="Ask whether is there anything else that I can help the user with." activiti:exclusive="false"/>
    <userTask id="sid-71578dcb-a2ad-46db-94f2-1d1361abde5e" name="Say This has been documented under Reference Number INC000020405133.." activiti:exclusive="false"/>
    <sequenceFlow id="sid-c209b817-c79d-447f-88b6-8c74538df598" sourceRef="sid-bd9d2299-de1d-41d2-bf52-b89bb51e32e9" targetRef="sid-d8e6c79c-a837-4898-a35f-f8ece17d179c"/>
    <sequenceFlow id="sid-190e11d3-bce7-40ee-9fdd-0ad4bee26799" name="else" sourceRef="sid-d8e6c79c-a837-4898-a35f-f8ece17d179c" targetRef="sid-82ca2f67-c7f1-4deb-a7c9-e0a36057e7b0"/>
    <sequenceFlow id="sid-3bdb63dd-e2e3-4cfb-8cca-90483b11fb19" name="${check_invoice_number eq 1}" sourceRef="sid-d8e6c79c-a837-4898-a35f-f8ece17d179c" targetRef="sid-f7ed6ca5-bd35-4d44-a10c-bb8c89deb8db"/>
    <sequenceFlow id="sid-6089911c-94f6-44c9-9317-4924f7613195" sourceRef="sid-6945e832-0a46-4277-bbca-ba5f822559fa" targetRef="sid-26c7e86c-c9aa-4395-ac60-45b8b0d4701b"/>
    <sequenceFlow id="sid-c568c0d7-3338-4486-87a0-fa3a462ca059" sourceRef="sid-29a16ca9-2aaa-480c-a656-2961227c1f6b" targetRef="sid-9fef2fb4-3125-4b23-9b97-ce162e12ad0b"/>
    <sequenceFlow id="sid-c1c1344c-ebdc-4aed-91ea-644488c53a59" sourceRef="sid-5633d60f-ba9a-4c0a-9acb-c97c3298a698" targetRef="sid-54a945f9-6689-487c-83b3-dd6006527224"/>
    <sequenceFlow id="sid-68128967-a3bf-412c-9f5f-e216a483db7d" sourceRef="sid-82ca2f67-c7f1-4deb-a7c9-e0a36057e7b0" targetRef="sid-43ee93fd-b765-4cfd-a3c5-c10307a1ca59"/>
    <sequenceFlow id="sid-f71f53d0-c369-450e-ac00-a826ae69fd2e" sourceRef="sid-5980e2f9-479a-4f9c-ad30-882ee3fbe7b3" targetRef="sid-303466ec-8d0d-4a04-88df-a527367644fb"/>
    <sequenceFlow id="sid-b6e54ad5-5d4b-4870-8d70-639df4587920" sourceRef="sid-5980e2f9-479a-4f9c-ad30-882ee3fbe7b3" targetRef="sid-1cb4e675-31a1-45de-b727-1ad9b859c0a4"/>
    <sequenceFlow id="sid-7ea3027c-b42b-4363-b6bf-3f8348ffe970" sourceRef="sid-9fef2fb4-3125-4b23-9b97-ce162e12ad0b" targetRef="sid-303466ec-8d0d-4a04-88df-a527367644fb"/>
    <sequenceFlow id="sid-75279e4c-95a4-4167-b11e-69a25ef6d0a6" sourceRef="sid-54a945f9-6689-487c-83b3-dd6006527224" targetRef="sid-303466ec-8d0d-4a04-88df-a527367644fb"/>
    <sequenceFlow id="sid-1b75428c-c53f-4fa2-9a39-fb6053c07348" sourceRef="sid-26c7e86c-c9aa-4395-ac60-45b8b0d4701b" targetRef="sid-bd9d2299-de1d-41d2-bf52-b89bb51e32e9"/>
    <sequenceFlow id="sid-c5168051-5743-4f48-a91a-f732933b7449" sourceRef="sid-edd87f85-dae3-4d97-a505-714128de0aa3" targetRef="sid-29a16ca9-2aaa-480c-a656-2961227c1f6b"/>
    <sequenceFlow id="sid-05634a62-e7b0-499d-a6e4-296790fd6fdd" name="${status eq 'CLEARED' &amp;&amp; amount_equivalence_flag eq 1}" sourceRef="sid-f7ed6ca5-bd35-4d44-a10c-bb8c89deb8db" targetRef="sid-edd87f85-dae3-4d97-a505-714128de0aa3"/>
    <sequenceFlow id="sid-3655f3f3-ddf5-4131-b5d2-53ecb6e2ace5" name="else" sourceRef="sid-f7ed6ca5-bd35-4d44-a10c-bb8c89deb8db" targetRef="sid-5980e2f9-479a-4f9c-ad30-882ee3fbe7b3"/>
    <sequenceFlow id="sid-03dc904f-ff24-4d51-9ff5-39ca881e4727" name="${status eq 'CLEARED' &amp;&amp; amount_equivalence_flag ne 1}" sourceRef="sid-f7ed6ca5-bd35-4d44-a10c-bb8c89deb8db" targetRef="sid-a87fbdf7-1e01-4ccf-84cf-d43648739fe0"/>
    <sequenceFlow id="sid-d9d27148-3f5f-4df9-8310-747f62caa8da" sourceRef="sid-a87fbdf7-1e01-4ccf-84cf-d43648739fe0" targetRef="sid-5633d60f-ba9a-4c0a-9acb-c97c3298a698"/>
    <sequenceFlow id="sid-6d1024b1-26cf-43c9-8d83-4ee6691a7f38" sourceRef="sid-1cb4e675-31a1-45de-b727-1ad9b859c0a4" targetRef="sid-8dd4074f-8105-460d-9e48-d2af5cb66cb7"/>
    <sequenceFlow id="sid-fce60976-c16d-4bb6-bacd-67931cac2d79" sourceRef="sid-8dd4074f-8105-460d-9e48-d2af5cb66cb7" targetRef="sid-2e0629b6-8822-4638-bf3b-0904e41b9e25"/>
    <sequenceFlow id="sid-dc14e531-62a8-4d4c-8cb6-507953ec8eb9" name="Please check on these too, 101927&#x9;1,100.00&#x9;02/02/2015&#xd;&#xa;101916&#x9;1,699.00&#x9;02/02/2015" sourceRef="sid-2e0629b6-8822-4638-bf3b-0904e41b9e25" targetRef="sid-8d371220-bf1c-4807-9e57-dd3cc4292483"/>
    <sequenceFlow id="sid-81160797-3e82-488a-988f-003cb9f5103d" sourceRef="sid-8d371220-bf1c-4807-9e57-dd3cc4292483" targetRef="sid-15350b75-f919-42fd-aa29-af0446f005a7"/>
    <sequenceFlow id="sid-63d18976-9bb4-4687-8511-ce932dc7c9a3" sourceRef="sid-15350b75-f919-42fd-aa29-af0446f005a7" targetRef="sid-8f15ca5f-fc75-4a31-9b62-0f6cbe7ffb18"/>
    <sequenceFlow id="sid-13bfc0a5-36e7-4f74-83b7-eb40feb4b91d" sourceRef="sid-8f15ca5f-fc75-4a31-9b62-0f6cbe7ffb18" targetRef="sid-ce1af5ba-3367-4461-b20c-1034538c210c"/>
    <sequenceFlow id="sid-f534562e-8440-4f8c-a25b-f2a84891d991" sourceRef="sid-ce1af5ba-3367-4461-b20c-1034538c210c" targetRef="sid-0de0bcad-dc95-496d-83cd-acd1f6fdac5c"/>
    <sequenceFlow id="sid-38c12c2d-4009-4507-9eac-86cce6eaf0cc" sourceRef="sid-0de0bcad-dc95-496d-83cd-acd1f6fdac5c" targetRef="sid-82fbf3ac-7b51-47a2-b693-3ff0a94556ed"/>
    <sequenceFlow id="sid-dd2ec090-fec9-496d-b57d-f0f6d8c9030f" sourceRef="sid-82fbf3ac-7b51-47a2-b693-3ff0a94556ed" targetRef="sid-f157d843-bb32-4716-8740-f7481af80f6d"/>
    <sequenceFlow id="sid-feddae55-74a0-4d7c-a3ef-099b1fba68a8" sourceRef="sid-25d76880-0d48-4053-83e2-cd39ae65f1d5" targetRef="sid-6945e832-0a46-4277-bbca-ba5f822559fa"/>
    <sequenceFlow id="sid-2bc55f1c-76c8-4340-8599-af74dc861a55" sourceRef="sid-f157d843-bb32-4716-8740-f7481af80f6d" targetRef="sid-3dde4053-49ac-40fc-940e-88182d1ab198"/>
    <sequenceFlow id="sid-a265259f-595b-4d8d-8d5e-33b389e3c919" sourceRef="sid-3dde4053-49ac-40fc-940e-88182d1ab198" targetRef="sid-4657dc81-2500-4f97-8f19-64cba7405e19"/>
    <sequenceFlow id="sid-8535a897-505c-4d4e-b278-d03c7d7693f0" sourceRef="sid-4657dc81-2500-4f97-8f19-64cba7405e19" targetRef="sid-71578dcb-a2ad-46db-94f2-1d1361abde5e"/>
    <sequenceFlow id="sid-018c040b-2a47-46bb-982c-f57a37af5517" sourceRef="sid-71578dcb-a2ad-46db-94f2-1d1361abde5e" targetRef="sid-532ad9f4-9615-45eb-9d34-fe0b03c46e6c"/>
  </process>
  <bpmndi:BPMNDiagram id="BPMNDiagram_vendor_invoice_lookup_4">
    <bpmndi:BPMNPlane bpmnElement="vendor_invoice_lookup_4" id="BPMNPlane_vendor_invoice_lookup_4">
      <bpmndi:BPMNShape bpmnElement="sid-303466ec-8d0d-4a04-88df-a527367644fb" id="BPMNShape_sid-303466ec-8d0d-4a04-88df-a527367644fb">
        <omgdc:Bounds height="30.0" width="30.0" x="1332.0" y="112.0"/>
      </bpmndi:BPMNShape>
      <bpmndi:BPMNShape bpmnElement="sid-bd9d2299-de1d-41d2-bf52-b89bb51e32e9" id="BPMNShape_sid-bd9d2299-de1d-41d2-bf52-b89bb51e32e9">
        <omgdc:Bounds height="82.0" width="102.0" x="384.0" y="105.0"/>
      </bpmndi:BPMNShape>
      <bpmndi:BPMNShape bpmnElement="sid-d8e6c79c-a837-4898-a35f-f8ece17d179c" id="BPMNShape_sid-d8e6c79c-a837-4898-a35f-f8ece17d179c">
        <omgdc:Bounds height="82.0" width="102.0" x="536.0" y="100.0"/>
      </bpmndi:BPMNShape>
      <bpmndi:BPMNShape bpmnElement="sid-6945e832-0a46-4277-bbca-ba5f822559fa" id="BPMNShape_sid-6945e832-0a46-4277-bbca-ba5f822559fa">
        <omgdc:Bounds height="82.0" width="102.0" x="80.0" y="109.0"/>
      </bpmndi:BPMNShape>
      <bpmndi:BPMNShape bpmnElement="sid-29a16ca9-2aaa-480c-a656-2961227c1f6b" id="BPMNShape_sid-29a16ca9-2aaa-480c-a656-2961227c1f6b">
        <omgdc:Bounds height="82.0" width="102.0" x="992.0" y="15.0"/>
      </bpmndi:BPMNShape>
      <bpmndi:BPMNShape bpmnElement="sid-5633d60f-ba9a-4c0a-9acb-c97c3298a698" id="BPMNShape_sid-5633d60f-ba9a-4c0a-9acb-c97c3298a698">
        <omgdc:Bounds height="82.0" width="102.0" x="992.0" y="276.0"/>
      </bpmndi:BPMNShape>
      <bpmndi:BPMNShape bpmnElement="sid-82ca2f67-c7f1-4deb-a7c9-e0a36057e7b0" id="BPMNShape_sid-82ca2f67-c7f1-4deb-a7c9-e0a36057e7b0">
        <omgdc:Bounds height="82.0" width="102.0" x="688.0" y="37.0"/>
      </bpmndi:BPMNShape>
      <bpmndi:BPMNShape bpmnElement="sid-5980e2f9-479a-4f9c-ad30-882ee3fbe7b3" id="BPMNShape_sid-5980e2f9-479a-4f9c-ad30-882ee3fbe7b3">
        <omgdc:Bounds height="82.0" width="102.0" x="840.0" y="172.0"/>
      </bpmndi:BPMNShape>
      <bpmndi:BPMNShape bpmnElement="sid-9fef2fb4-3125-4b23-9b97-ce162e12ad0b" id="BPMNShape_sid-9fef2fb4-3125-4b23-9b97-ce162e12ad0b">
        <omgdc:Bounds height="82.0" width="102.0" x="1144.0" y="15.0"/>
      </bpmndi:BPMNShape>
      <bpmndi:BPMNShape bpmnElement="sid-54a945f9-6689-487c-83b3-dd6006527224" id="BPMNShape_sid-54a945f9-6689-487c-83b3-dd6006527224">
        <omgdc:Bounds height="82.0" width="102.0" x="1144.0" y="269.0"/>
      </bpmndi:BPMNShape>
      <bpmndi:BPMNShape bpmnElement="sid-26c7e86c-c9aa-4395-ac60-45b8b0d4701b" id="BPMNShape_sid-26c7e86c-c9aa-4395-ac60-45b8b0d4701b">
        <omgdc:Bounds height="82.0" width="102.0" x="232.0" y="108.0"/>
      </bpmndi:BPMNShape>
      <bpmndi:BPMNShape bpmnElement="sid-edd87f85-dae3-4d97-a505-714128de0aa3" id="BPMNShape_sid-edd87f85-dae3-4d97-a505-714128de0aa3">
        <omgdc:Bounds height="82.0" width="102.0" x="840.0" y="60.0"/>
      </bpmndi:BPMNShape>
      <bpmndi:BPMNShape bpmnElement="sid-f7ed6ca5-bd35-4d44-a10c-bb8c89deb8db" id="BPMNShape_sid-f7ed6ca5-bd35-4d44-a10c-bb8c89deb8db">
        <omgdc:Bounds height="82.0" width="102.0" x="688.0" y="155.0"/>
      </bpmndi:BPMNShape>
      <bpmndi:BPMNShape bpmnElement="sid-a87fbdf7-1e01-4ccf-84cf-d43648739fe0" id="BPMNShape_sid-a87fbdf7-1e01-4ccf-84cf-d43648739fe0">
        <omgdc:Bounds height="82.0" width="102.0" x="840.0" y="284.0"/>
      </bpmndi:BPMNShape>
      <bpmndi:BPMNShape bpmnElement="sid-1cb4e675-31a1-45de-b727-1ad9b859c0a4" id="BPMNShape_sid-1cb4e675-31a1-45de-b727-1ad9b859c0a4">
        <omgdc:Bounds height="82.0" width="102.0" x="992.0" y="157.0"/>
      </bpmndi:BPMNShape>
      <bpmndi:BPMNShape bpmnElement="sid-8dd4074f-8105-460d-9e48-d2af5cb66cb7" id="BPMNShape_sid-8dd4074f-8105-460d-9e48-d2af5cb66cb7">
        <omgdc:Bounds height="82.0" width="102.0" x="1144.0" y="157.0"/>
      </bpmndi:BPMNShape>
      <bpmndi:BPMNShape bpmnElement="sid-2e0629b6-8822-4638-bf3b-0904e41b9e25" id="BPMNShape_sid-2e0629b6-8822-4638-bf3b-0904e41b9e25">
        <omgdc:Bounds height="82.0" width="102.0" x="1296.0" y="172.0"/>
      </bpmndi:BPMNShape>
      <bpmndi:BPMNShape bpmnElement="sid-43ee93fd-b765-4cfd-a3c5-c10307a1ca59" id="BPMNShape_sid-43ee93fd-b765-4cfd-a3c5-c10307a1ca59">
        <omgdc:Bounds height="30.0" width="30.0" x="876.0" y="0.0"/>
      </bpmndi:BPMNShape>
      <bpmndi:BPMNShape bpmnElement="sid-8d371220-bf1c-4807-9e57-dd3cc4292483" id="BPMNShape_sid-8d371220-bf1c-4807-9e57-dd3cc4292483">
        <omgdc:Bounds height="82.0" width="102.0" x="1448.0" y="162.0"/>
      </bpmndi:BPMNShape>
      <bpmndi:BPMNShape bpmnElement="sid-15350b75-f919-42fd-aa29-af0446f005a7" id="BPMNShape_sid-15350b75-f919-42fd-aa29-af0446f005a7">
        <omgdc:Bounds height="82.0" width="102.0" x="1600.0" y="154.0"/>
      </bpmndi:BPMNShape>
      <bpmndi:BPMNShape bpmnElement="sid-8f15ca5f-fc75-4a31-9b62-0f6cbe7ffb18" id="BPMNShape_sid-8f15ca5f-fc75-4a31-9b62-0f6cbe7ffb18">
        <omgdc:Bounds height="82.0" width="102.0" x="1752.0" y="149.0"/>
      </bpmndi:BPMNShape>
      <bpmndi:BPMNShape bpmnElement="sid-ce1af5ba-3367-4461-b20c-1034538c210c" id="BPMNShape_sid-ce1af5ba-3367-4461-b20c-1034538c210c">
        <omgdc:Bounds height="82.0" width="102.0" x="1904.0" y="144.0"/>
      </bpmndi:BPMNShape>
      <bpmndi:BPMNShape bpmnElement="sid-0de0bcad-dc95-496d-83cd-acd1f6fdac5c" id="BPMNShape_sid-0de0bcad-dc95-496d-83cd-acd1f6fdac5c">
        <omgdc:Bounds height="82.0" width="102.0" x="2056.0" y="142.0"/>
      </bpmndi:BPMNShape>
      <bpmndi:BPMNShape bpmnElement="sid-82fbf3ac-7b51-47a2-b693-3ff0a94556ed" id="BPMNShape_sid-82fbf3ac-7b51-47a2-b693-3ff0a94556ed">
        <omgdc:Bounds height="82.0" width="102.0" x="2208.0" y="142.0"/>
      </bpmndi:BPMNShape>
      <bpmndi:BPMNShape bpmnElement="sid-532ad9f4-9615-45eb-9d34-fe0b03c46e6c" id="BPMNShape_sid-532ad9f4-9615-45eb-9d34-fe0b03c46e6c">
        <omgdc:Bounds height="30.0" width="30.0" x="2968.0" y="168.0"/>
      </bpmndi:BPMNShape>
      <bpmndi:BPMNShape bpmnElement="sid-25d76880-0d48-4053-83e2-cd39ae65f1d5" id="BPMNShape_sid-25d76880-0d48-4053-83e2-cd39ae65f1d5">
        <omgdc:Bounds height="30.0" width="30.0" x="0.0" y="135.0"/>
      </bpmndi:BPMNShape>
      <bpmndi:BPMNShape bpmnElement="sid-f157d843-bb32-4716-8740-f7481af80f6d" id="BPMNShape_sid-f157d843-bb32-4716-8740-f7481af80f6d">
        <omgdc:Bounds height="82.0" width="102.0" x="2360.0" y="142.0"/>
      </bpmndi:BPMNShape>
      <bpmndi:BPMNShape bpmnElement="sid-3dde4053-49ac-40fc-940e-88182d1ab198" id="BPMNShape_sid-3dde4053-49ac-40fc-940e-88182d1ab198">
        <omgdc:Bounds height="82.0" width="102.0" x="2512.0" y="142.0"/>
      </bpmndi:BPMNShape>
      <bpmndi:BPMNShape bpmnElement="sid-4657dc81-2500-4f97-8f19-64cba7405e19" id="BPMNShape_sid-4657dc81-2500-4f97-8f19-64cba7405e19">
        <omgdc:Bounds height="82.0" width="102.0" x="2664.0" y="142.0"/>
      </bpmndi:BPMNShape>
      <bpmndi:BPMNShape bpmnElement="sid-71578dcb-a2ad-46db-94f2-1d1361abde5e" id="BPMNShape_sid-71578dcb-a2ad-46db-94f2-1d1361abde5e">
        <omgdc:Bounds height="82.0" width="102.0" x="2816.0" y="142.0"/>
      </bpmndi:BPMNShape>
      <bpmndi:BPMNEdge bpmnElement="sid-3bdb63dd-e2e3-4cfb-8cca-90483b11fb19" id="BPMNEdge_sid-3bdb63dd-e2e3-4cfb-8cca-90483b11fb19">
        <omgdi:waypoint x="638.0" y="159.45394736842104"/>
        <omgdi:waypoint x="688.0" y="177.54605263157896"/>
      </bpmndi:BPMNEdge>
      <bpmndi:BPMNEdge bpmnElement="sid-75279e4c-95a4-4167-b11e-69a25ef6d0a6" id="BPMNEdge_sid-75279e4c-95a4-4167-b11e-69a25ef6d0a6">
        <omgdi:waypoint x="1229.0546448087432" y="269.0"/>
        <omgdi:waypoint x="1337.4158525034075" y="138.53880915708191"/>
      </bpmndi:BPMNEdge>
      <bpmndi:BPMNEdge bpmnElement="sid-63d18976-9bb4-4687-8511-ce932dc7c9a3" id="BPMNEdge_sid-63d18976-9bb4-4687-8511-ce932dc7c9a3">
        <omgdi:waypoint x="1702.0" y="193.32236842105263"/>
        <omgdi:waypoint x="1752.0" y="191.67763157894737"/>
      </bpmndi:BPMNEdge>
      <bpmndi:BPMNEdge bpmnElement="sid-f534562e-8440-4f8c-a25b-f2a84891d991" id="BPMNEdge_sid-f534562e-8440-4f8c-a25b-f2a84891d991">
        <omgdi:waypoint x="2006.0" y="184.32894736842104"/>
        <omgdi:waypoint x="2056.0" y="183.67105263157896"/>
      </bpmndi:BPMNEdge>
      <bpmndi:BPMNEdge bpmnElement="sid-fce60976-c16d-4bb6-bacd-67931cac2d79" id="BPMNEdge_sid-fce60976-c16d-4bb6-bacd-67931cac2d79">
        <omgdi:waypoint x="1246.0" y="203.0328947368421"/>
        <omgdi:waypoint x="1296.0" y="207.9671052631579"/>
      </bpmndi:BPMNEdge>
      <bpmndi:BPMNEdge bpmnElement="sid-dd2ec090-fec9-496d-b57d-f0f6d8c9030f" id="BPMNEdge_sid-dd2ec090-fec9-496d-b57d-f0f6d8c9030f">
        <omgdi:waypoint x="2310.0" y="183.0"/>
        <omgdi:waypoint x="2360.0" y="183.0"/>
      </bpmndi:BPMNEdge>
      <bpmndi:BPMNEdge bpmnElement="sid-03dc904f-ff24-4d51-9ff5-39ca881e4727" id="BPMNEdge_sid-03dc904f-ff24-4d51-9ff5-39ca881e4727">
        <omgdi:waypoint x="787.3100775193799" y="237.0"/>
        <omgdi:waypoint x="842.6899224806201" y="284.0"/>
      </bpmndi:BPMNEdge>
      <bpmndi:BPMNEdge bpmnElement="sid-190e11d3-bce7-40ee-9fdd-0ad4bee26799" id="BPMNEdge_sid-190e11d3-bce7-40ee-9fdd-0ad4bee26799">
        <omgdi:waypoint x="638.0" y="119.86184210526315"/>
        <omgdi:waypoint x="688.0" y="99.13815789473685"/>
      </bpmndi:BPMNEdge>
      <bpmndi:BPMNEdge bpmnElement="sid-d9d27148-3f5f-4df9-8310-747f62caa8da" id="BPMNEdge_sid-d9d27148-3f5f-4df9-8310-747f62caa8da">
        <omgdi:waypoint x="942.0" y="322.3157894736842"/>
        <omgdi:waypoint x="992.0" y="319.6842105263158"/>
      </bpmndi:BPMNEdge>
      <bpmndi:BPMNEdge bpmnElement="sid-c209b817-c79d-447f-88b6-8c74538df598" id="BPMNEdge_sid-c209b817-c79d-447f-88b6-8c74538df598">
        <omgdi:waypoint x="486.0" y="144.32236842105263"/>
        <omgdi:waypoint x="536.0" y="142.67763157894737"/>
      </bpmndi:BPMNEdge>
      <bpmndi:BPMNEdge bpmnElement="sid-feddae55-74a0-4d7c-a3ef-099b1fba68a8" id="BPMNEdge_sid-feddae55-74a0-4d7c-a3ef-099b1fba68a8">
        <omgdi:waypoint x="30.0" y="150.0"/>
        <omgdi:waypoint x="80.0" y="150.0"/>
      </bpmndi:BPMNEdge>
      <bpmndi:BPMNEdge bpmnElement="sid-13bfc0a5-36e7-4f74-83b7-eb40feb4b91d" id="BPMNEdge_sid-13bfc0a5-36e7-4f74-83b7-eb40feb4b91d">
        <omgdi:waypoint x="1854.0" y="188.32236842105263"/>
        <omgdi:waypoint x="1904.0" y="186.67763157894737"/>
      </bpmndi:BPMNEdge>
      <bpmndi:BPMNEdge bpmnElement="sid-018c040b-2a47-46bb-982c-f57a37af5517" id="BPMNEdge_sid-018c040b-2a47-46bb-982c-f57a37af5517">
        <omgdi:waypoint x="2918.0" y="183.0"/>
        <omgdi:waypoint x="2968.0" y="183.0"/>
      </bpmndi:BPMNEdge>
      <bpmndi:BPMNEdge bpmnElement="sid-c568c0d7-3338-4486-87a0-fa3a462ca059" id="BPMNEdge_sid-c568c0d7-3338-4486-87a0-fa3a462ca059">
        <omgdi:waypoint x="1094.0" y="56.0"/>
        <omgdi:waypoint x="1144.0" y="56.0"/>
      </bpmndi:BPMNEdge>
      <bpmndi:BPMNEdge bpmnElement="sid-6089911c-94f6-44c9-9317-4924f7613195" id="BPMNEdge_sid-6089911c-94f6-44c9-9317-4924f7613195">
        <omgdi:waypoint x="182.0" y="149.66447368421052"/>
        <omgdi:waypoint x="232.0" y="149.33552631578948"/>
      </bpmndi:BPMNEdge>
      <bpmndi:BPMNEdge bpmnElement="sid-c1c1344c-ebdc-4aed-91ea-644488c53a59" id="BPMNEdge_sid-c1c1344c-ebdc-4aed-91ea-644488c53a59">
        <omgdi:waypoint x="1094.0" y="314.6513157894737"/>
        <omgdi:waypoint x="1144.0" y="312.3486842105263"/>
      </bpmndi:BPMNEdge>
      <bpmndi:BPMNEdge bpmnElement="sid-1b75428c-c53f-4fa2-9a39-fb6053c07348" id="BPMNEdge_sid-1b75428c-c53f-4fa2-9a39-fb6053c07348">
        <omgdi:waypoint x="334.0" y="147.99342105263156"/>
        <omgdi:waypoint x="384.0" y="147.00657894736844"/>
      </bpmndi:BPMNEdge>
      <bpmndi:BPMNEdge bpmnElement="sid-c5168051-5743-4f48-a91a-f732933b7449" id="BPMNEdge_sid-c5168051-5743-4f48-a91a-f732933b7449">
        <omgdi:waypoint x="942.0" y="85.90131578947368"/>
        <omgdi:waypoint x="992.0" y="71.09868421052632"/>
      </bpmndi:BPMNEdge>
      <bpmndi:BPMNEdge bpmnElement="sid-a265259f-595b-4d8d-8d5e-33b389e3c919" id="BPMNEdge_sid-a265259f-595b-4d8d-8d5e-33b389e3c919">
        <omgdi:waypoint x="2614.0" y="183.0"/>
        <omgdi:waypoint x="2664.0" y="183.0"/>
      </bpmndi:BPMNEdge>
      <bpmndi:BPMNEdge bpmnElement="sid-dc14e531-62a8-4d4c-8cb6-507953ec8eb9" id="BPMNEdge_sid-dc14e531-62a8-4d4c-8cb6-507953ec8eb9">
        <omgdi:waypoint x="1398.0" y="209.64473684210526"/>
        <omgdi:waypoint x="1448.0" y="206.35526315789474"/>
      </bpmndi:BPMNEdge>
      <bpmndi:BPMNEdge bpmnElement="sid-3655f3f3-ddf5-4131-b5d2-53ecb6e2ace5" id="BPMNEdge_sid-3655f3f3-ddf5-4131-b5d2-53ecb6e2ace5">
        <omgdi:waypoint x="790.0" y="201.70394736842104"/>
        <omgdi:waypoint x="840.0" y="207.29605263157896"/>
      </bpmndi:BPMNEdge>
      <bpmndi:BPMNEdge bpmnElement="sid-81160797-3e82-488a-988f-003cb9f5103d" id="BPMNEdge_sid-81160797-3e82-488a-988f-003cb9f5103d">
        <omgdi:waypoint x="1550.0" y="200.31578947368422"/>
        <omgdi:waypoint x="1600.0" y="197.68421052631578"/>
      </bpmndi:BPMNEdge>
      <bpmndi:BPMNEdge bpmnElement="sid-f71f53d0-c369-450e-ac00-a826ae69fd2e" id="BPMNEdge_sid-f71f53d0-c369-450e-ac00-a826ae69fd2e">
        <omgdi:waypoint x="927.2325581395348" y="172.0"/>
        <omgdi:waypoint x="967.0" y="127.0"/>
        <omgdi:waypoint x="1119.0" y="127.0"/>
        <omgdi:waypoint x="1119.0" y="127.0"/>
        <omgdi:waypoint x="1271.0" y="127.0"/>
        <omgdi:waypoint x="1332.0" y="127.0"/>
      </bpmndi:BPMNEdge>
      <bpmndi:BPMNEdge bpmnElement="sid-6d1024b1-26cf-43c9-8d83-4ee6691a7f38" id="BPMNEdge_sid-6d1024b1-26cf-43c9-8d83-4ee6691a7f38">
        <omgdi:waypoint x="1094.0" y="198.0"/>
        <omgdi:waypoint x="1144.0" y="198.0"/>
      </bpmndi:BPMNEdge>
      <bpmndi:BPMNEdge bpmnElement="sid-7ea3027c-b42b-4363-b6bf-3f8348ffe970" id="BPMNEdge_sid-7ea3027c-b42b-4363-b6bf-3f8348ffe970">
        <omgdi:waypoint x="1246.0" y="79.82236842105263"/>
        <omgdi:waypoint x="1333.409538002321" y="120.65182367213679"/>
      </bpmndi:BPMNEdge>
      <bpmndi:BPMNEdge bpmnElement="sid-b6e54ad5-5d4b-4870-8d70-639df4587920" id="BPMNEdge_sid-b6e54ad5-5d4b-4870-8d70-639df4587920">
        <omgdi:waypoint x="942.0" y="207.9671052631579"/>
        <omgdi:waypoint x="992.0" y="203.0328947368421"/>
      </bpmndi:BPMNEdge>
      <bpmndi:BPMNEdge bpmnElement="sid-68128967-a3bf-412c-9f5f-e216a483db7d" id="BPMNEdge_sid-68128967-a3bf-412c-9f5f-e216a483db7d">
        <omgdi:waypoint x="790.0" y="56.86184210526316"/>
        <omgdi:waypoint x="877.1430817324618" y="20.743327966150673"/>
      </bpmndi:BPMNEdge>
      <bpmndi:BPMNEdge bpmnElement="sid-8535a897-505c-4d4e-b278-d03c7d7693f0" id="BPMNEdge_sid-8535a897-505c-4d4e-b278-d03c7d7693f0">
        <omgdi:waypoint x="2766.0" y="183.0"/>
        <omgdi:waypoint x="2816.0" y="183.0"/>
      </bpmndi:BPMNEdge>
      <bpmndi:BPMNEdge bpmnElement="sid-2bc55f1c-76c8-4340-8599-af74dc861a55" id="BPMNEdge_sid-2bc55f1c-76c8-4340-8599-af74dc861a55">
        <omgdi:waypoint x="2462.0" y="183.0"/>
        <omgdi:waypoint x="2512.0" y="183.0"/>
      </bpmndi:BPMNEdge>
      <bpmndi:BPMNEdge bpmnElement="sid-38c12c2d-4009-4507-9eac-86cce6eaf0cc" id="BPMNEdge_sid-38c12c2d-4009-4507-9eac-86cce6eaf0cc">
        <omgdi:waypoint x="2158.0" y="183.0"/>
        <omgdi:waypoint x="2208.0" y="183.0"/>
      </bpmndi:BPMNEdge>
      <bpmndi:BPMNEdge bpmnElement="sid-05634a62-e7b0-499d-a6e4-296790fd6fdd" id="BPMNEdge_sid-05634a62-e7b0-499d-a6e4-296790fd6fdd">
        <omgdi:waypoint x="790.0" y="164.125"/>
        <omgdi:waypoint x="840.0" y="132.875"/>
      </bpmndi:BPMNEdge>
    </bpmndi:BPMNPlane>
  </bpmndi:BPMNDiagram>
</definitions>