<?xml version='1.0' encoding='UTF-8'?>
<definitions xmlns="http://www.omg.org/spec/BPMN/20100524/MODEL" xmlns:xsi="http://www.w3.org/2001/XMLSchema-instance" xmlns:activiti="http://activiti.org/bpmn" xmlns:bpmndi="http://www.omg.org/spec/BPMN/20100524/DI" xmlns:omgdc="http://www.omg.org/spec/DD/20100524/DC" xmlns:omgdi="http://www.omg.org/spec/DD/20100524/DI" typeLanguage="http://www.w3.org/2001/XMLSchema" expressionLanguage="http://www.w3.org/1999/XPath" targetNamespace="http://www.activiti.org/test">
  <process id="vendor_invoice_lookup_1" name="vendor_invoice_lookup_1" isExecutable="true">
    <startEvent id="sid-8b5761c8-2fa1-4eed-bb8b-311a3282f46a"/>
    <endEvent id="sid-a90689eb-c306-476e-9f22-00ba5a9e3a5a"/>
    <endEvent id="sid-c59bc895-2769-4b9a-9678-06957e588e3c"/>
    <userTask id="sid-3881dc69-dd38-4c4b-a142-854735136e21" name="say Sure, I will be glad to help you find the status of your ${keyword}" activiti:exclusive="false"/>
    <userTask id="sid-850370a3-6b97-4999-b4cc-f3e89e2451b8" name="run the workflow invoice_number_lookup" activiti:exclusive="false"/>
    <userTask id="sid-06f2d4cc-e34c-49e0-9635-0ca16ac4ced3" name="Say hi." activiti:exclusive="false"/>
    <userTask id="sid-5e570601-a547-4a94-b293-181fe975cd3e" name="set the variable email_address to ${currentUser.email}" activiti:exclusive="false"/>
    <userTask id="sid-b18c3413-2e29-40d6-8b64-5bc0b3543598" name="run the workflow simple_remittance" activiti:exclusive="false"/>
    <userTask id="sid-e28fb83f-dc62-4c7d-b164-fe6692400cae" name="run the workflow simple_remittance_part" activiti:exclusive="false"/>
    <userTask id="sid-fe94a994-18bf-4acf-8442-354f9ad3ee9f" name="escalate" activiti:exclusive="false"/>
    <userTask id="sid-94e74373-b2d3-4207-8650-649766a54c15" name="escalate" activiti:exclusive="false"/>
    <userTask id="sid-d8fea887-6bfa-405c-8e29-0f2c219c0cd1" name="run the workflow wqm_invoice_remittance_closing" activiti:exclusive="false"/>
    <endEvent id="sid-a6c01f52-f36a-4b35-a1b4-c4d2fea53d00"/>
    <userTask id="sid-79d2f37b-3d41-48f0-9334-0ece93ecc06c" name="run the workflow wqm_invoice_remittance_closing" activiti:exclusive="false"/>
    <userTask id="sid-69dcdecb-72f8-4e14-bad4-05fc3457414f" name="set the variable uid to ${currentUser.personId}" activiti:exclusive="false"/>
    <scriptTask id="sid-99bdbc27-dcb7-46d2-a05b-6bc812c614de" name="format date2display" activiti:exclusive="false" scriptFormat="groovy" activiti:autoStoreVariables="false">
      <script>import java.util.*
import java.text.*


SimpleDateFormat sdf = new SimpleDateFormat("MM-dd-yyyy")
Date date= sdf.parse(payment_date)
date2display=DateFormat.getDateInstance().format(date)

execution.setVariable("date2display", date2display)</script>
    </scriptTask>
    <userTask id="sid-11244d18-349c-4324-a4c4-7de55f311332" name="set the variable dummy to dummy" activiti:exclusive="false"/>
    <scriptTask id="sid-26c12892-0ee2-4be0-a2dd-cc0e8a816a5b" name="format date2display" activiti:exclusive="false" scriptFormat="groovy" activiti:autoStoreVariables="false">
      <script>import java.util.*
import java.text.*


SimpleDateFormat sdf = new SimpleDateFormat("MM-dd-yyyy")
Date date= sdf.parse(payment_date)
date2display=DateFormat.getDateInstance().format(date)

execution.setVariable("date2display", date2display)</script>
    </scriptTask>
    <sequenceFlow id="sid-b9f5448d-a558-4014-b907-679f497142f3" sourceRef="sid-8b5761c8-2fa1-4eed-bb8b-311a3282f46a" targetRef="sid-5e570601-a547-4a94-b293-181fe975cd3e"/>
    <sequenceFlow id="sid-bfa2a7af-f31e-4393-8d82-c48cf58b2ecc" sourceRef="sid-3881dc69-dd38-4c4b-a142-854735136e21" targetRef="sid-850370a3-6b97-4999-b4cc-f3e89e2451b8"/>
    <sequenceFlow id="sid-e833c00f-d7d7-4ef2-97d3-0dce2eb921c1" name="${check_invoice_number eq 1}" sourceRef="sid-850370a3-6b97-4999-b4cc-f3e89e2451b8" targetRef="sid-11244d18-349c-4324-a4c4-7de55f311332"/>
    <sequenceFlow id="sid-2e8dcf36-2208-4f7a-bd1a-83def0958b18" name="else" sourceRef="sid-850370a3-6b97-4999-b4cc-f3e89e2451b8" targetRef="sid-fe94a994-18bf-4acf-8442-354f9ad3ee9f"/>
    <sequenceFlow id="sid-94f707f5-0b63-419b-8dc2-53c997d69b4f" name="hi" sourceRef="sid-06f2d4cc-e34c-49e0-9635-0ca16ac4ced3" targetRef="sid-a90689eb-c306-476e-9f22-00ba5a9e3a5a"/>
    <sequenceFlow id="sid-a8d1a9c4-2f01-4085-890f-bb843f04f0a3" sourceRef="sid-5e570601-a547-4a94-b293-181fe975cd3e" targetRef="sid-69dcdecb-72f8-4e14-bad4-05fc3457414f"/>
    <sequenceFlow id="sid-5b88c17a-bfe9-47ab-b80a-8e572f31edf0" sourceRef="sid-b18c3413-2e29-40d6-8b64-5bc0b3543598" targetRef="sid-d8fea887-6bfa-405c-8e29-0f2c219c0cd1"/>
    <sequenceFlow id="sid-ee08d77a-9795-4949-96f3-02390a1da59c" sourceRef="sid-e28fb83f-dc62-4c7d-b164-fe6692400cae" targetRef="sid-79d2f37b-3d41-48f0-9334-0ece93ecc06c"/>
    <sequenceFlow id="sid-2b96b8dc-46c1-4ee3-9af9-81d1b3a34c9a" sourceRef="sid-fe94a994-18bf-4acf-8442-354f9ad3ee9f" targetRef="sid-a6c01f52-f36a-4b35-a1b4-c4d2fea53d00"/>
    <sequenceFlow id="sid-8e7b426f-7da6-41ac-a9c7-407386ac86b9" sourceRef="sid-94e74373-b2d3-4207-8650-649766a54c15" targetRef="sid-c59bc895-2769-4b9a-9678-06957e588e3c"/>
    <sequenceFlow id="sid-388dc929-9778-413b-886b-e234babadc5f" sourceRef="sid-94e74373-b2d3-4207-8650-649766a54c15" targetRef="sid-06f2d4cc-e34c-49e0-9635-0ca16ac4ced3"/>
    <sequenceFlow id="sid-49a6e375-f739-47e9-90b1-442794013407" sourceRef="sid-d8fea887-6bfa-405c-8e29-0f2c219c0cd1" targetRef="sid-c59bc895-2769-4b9a-9678-06957e588e3c"/>
    <sequenceFlow id="sid-094fcf2e-197f-405f-aa49-9cf82bc168ab" sourceRef="sid-79d2f37b-3d41-48f0-9334-0ece93ecc06c" targetRef="sid-c59bc895-2769-4b9a-9678-06957e588e3c"/>
    <sequenceFlow id="sid-dfccbcba-466a-4120-9344-32c0acc5fa33" sourceRef="sid-69dcdecb-72f8-4e14-bad4-05fc3457414f" targetRef="sid-3881dc69-dd38-4c4b-a142-854735136e21"/>
    <sequenceFlow id="sid-9dada644-0934-478e-9d2e-62c89172fbd7" sourceRef="sid-99bdbc27-dcb7-46d2-a05b-6bc812c614de" targetRef="sid-b18c3413-2e29-40d6-8b64-5bc0b3543598"/>
    <sequenceFlow id="sid-a4dcbf9e-5775-4c62-8700-ba4a1ce16858" name="${status eq 'CLEARED' &amp;&amp; amount_equivalence_flag ne 1}" sourceRef="sid-11244d18-349c-4324-a4c4-7de55f311332" targetRef="sid-26c12892-0ee2-4be0-a2dd-cc0e8a816a5b"/>
    <sequenceFlow id="sid-a64491a4-7853-419e-ab86-25a1ee83b546" name="${status eq 'CLEARED' &amp;&amp; amount_equivalence_flag eq 1}" sourceRef="sid-11244d18-349c-4324-a4c4-7de55f311332" targetRef="sid-99bdbc27-dcb7-46d2-a05b-6bc812c614de"/>
    <sequenceFlow id="sid-79029d87-0c23-4106-b0cc-573a55603a70" name="else" sourceRef="sid-11244d18-349c-4324-a4c4-7de55f311332" targetRef="sid-94e74373-b2d3-4207-8650-649766a54c15"/>
    <sequenceFlow id="sid-a4fe0aaa-3c4c-49c9-9ec5-95b635eca796" sourceRef="sid-26c12892-0ee2-4be0-a2dd-cc0e8a816a5b" targetRef="sid-e28fb83f-dc62-4c7d-b164-fe6692400cae"/>
  </process>
  <bpmndi:BPMNDiagram id="BPMNDiagram_vendor_invoice_lookup_1">
    <bpmndi:BPMNPlane bpmnElement="vendor_invoice_lookup_1" id="BPMNPlane_vendor_invoice_lookup_1">
      <bpmndi:BPMNShape bpmnElement="sid-8b5761c8-2fa1-4eed-bb8b-311a3282f46a" id="BPMNShape_sid-8b5761c8-2fa1-4eed-bb8b-311a3282f46a">
        <omgdc:Bounds height="30.0" width="30.0" x="0.0" y="193.0"/>
      </bpmndi:BPMNShape>
      <bpmndi:BPMNShape bpmnElement="sid-a90689eb-c306-476e-9f22-00ba5a9e3a5a" id="BPMNShape_sid-a90689eb-c306-476e-9f22-00ba5a9e3a5a">
        <omgdc:Bounds height="30.0" width="30.0" x="1180.0" y="295.0"/>
      </bpmndi:BPMNShape>
      <bpmndi:BPMNShape bpmnElement="sid-c59bc895-2769-4b9a-9678-06957e588e3c" id="BPMNShape_sid-c59bc895-2769-4b9a-9678-06957e588e3c">
        <omgdc:Bounds height="30.0" width="30.0" x="1296.0" y="179.0"/>
      </bpmndi:BPMNShape>
      <bpmndi:BPMNShape bpmnElement="sid-3881dc69-dd38-4c4b-a142-854735136e21" id="BPMNShape_sid-3881dc69-dd38-4c4b-a142-854735136e21">
        <omgdc:Bounds height="82.0" width="102.0" x="384.0" y="175.0"/>
      </bpmndi:BPMNShape>
      <bpmndi:BPMNShape bpmnElement="sid-850370a3-6b97-4999-b4cc-f3e89e2451b8" id="BPMNShape_sid-850370a3-6b97-4999-b4cc-f3e89e2451b8">
        <omgdc:Bounds height="82.0" width="102.0" x="536.0" y="182.0"/>
      </bpmndi:BPMNShape>
      <bpmndi:BPMNShape bpmnElement="sid-06f2d4cc-e34c-49e0-9635-0ca16ac4ced3" id="BPMNShape_sid-06f2d4cc-e34c-49e0-9635-0ca16ac4ced3">
        <omgdc:Bounds height="82.0" width="102.0" x="992.0" y="269.0"/>
      </bpmndi:BPMNShape>
      <bpmndi:BPMNShape bpmnElement="sid-5e570601-a547-4a94-b293-181fe975cd3e" id="BPMNShape_sid-5e570601-a547-4a94-b293-181fe975cd3e">
        <omgdc:Bounds height="82.0" width="102.0" x="80.0" y="167.0"/>
      </bpmndi:BPMNShape>
      <bpmndi:BPMNShape bpmnElement="sid-b18c3413-2e29-40d6-8b64-5bc0b3543598" id="BPMNShape_sid-b18c3413-2e29-40d6-8b64-5bc0b3543598">
        <omgdc:Bounds height="82.0" width="102.0" x="992.0" y="127.0"/>
      </bpmndi:BPMNShape>
      <bpmndi:BPMNShape bpmnElement="sid-e28fb83f-dc62-4c7d-b164-fe6692400cae" id="BPMNShape_sid-e28fb83f-dc62-4c7d-b164-fe6692400cae">
        <omgdc:Bounds height="82.0" width="102.0" x="992.0" y="15.0"/>
      </bpmndi:BPMNShape>
      <bpmndi:BPMNShape bpmnElement="sid-fe94a994-18bf-4acf-8442-354f9ad3ee9f" id="BPMNShape_sid-fe94a994-18bf-4acf-8442-354f9ad3ee9f">
        <omgdc:Bounds height="82.0" width="102.0" x="688.0" y="245.0"/>
      </bpmndi:BPMNShape>
      <bpmndi:BPMNShape bpmnElement="sid-94e74373-b2d3-4207-8650-649766a54c15" id="BPMNShape_sid-94e74373-b2d3-4207-8650-649766a54c15">
        <omgdc:Bounds height="82.0" width="102.0" x="840.0" y="224.0"/>
      </bpmndi:BPMNShape>
      <bpmndi:BPMNShape bpmnElement="sid-d8fea887-6bfa-405c-8e29-0f2c219c0cd1" id="BPMNShape_sid-d8fea887-6bfa-405c-8e29-0f2c219c0cd1">
        <omgdc:Bounds height="82.0" width="102.0" x="1144.0" y="153.0"/>
      </bpmndi:BPMNShape>
      <bpmndi:BPMNShape bpmnElement="sid-a6c01f52-f36a-4b35-a1b4-c4d2fea53d00" id="BPMNShape_sid-a6c01f52-f36a-4b35-a1b4-c4d2fea53d00">
        <omgdc:Bounds height="30.0" width="30.0" x="876.0" y="336.0"/>
      </bpmndi:BPMNShape>
      <bpmndi:BPMNShape bpmnElement="sid-79d2f37b-3d41-48f0-9334-0ece93ecc06c" id="BPMNShape_sid-79d2f37b-3d41-48f0-9334-0ece93ecc06c">
        <omgdc:Bounds height="82.0" width="102.0" x="1144.0" y="41.0"/>
      </bpmndi:BPMNShape>
      <bpmndi:BPMNShape bpmnElement="sid-69dcdecb-72f8-4e14-bad4-05fc3457414f" id="BPMNShape_sid-69dcdecb-72f8-4e14-bad4-05fc3457414f">
        <omgdc:Bounds height="82.0" width="102.0" x="232.0" y="170.0"/>
      </bpmndi:BPMNShape>
      <bpmndi:BPMNShape bpmnElement="sid-99bdbc27-dcb7-46d2-a05b-6bc812c614de" id="BPMNShape_sid-99bdbc27-dcb7-46d2-a05b-6bc812c614de">
        <omgdc:Bounds height="82.0" width="102.0" x="840.0" y="112.0"/>
      </bpmndi:BPMNShape>
      <bpmndi:BPMNShape bpmnElement="sid-11244d18-349c-4324-a4c4-7de55f311332" id="BPMNShape_sid-11244d18-349c-4324-a4c4-7de55f311332">
        <omgdc:Bounds height="82.0" width="102.0" x="688.0" y="129.0"/>
      </bpmndi:BPMNShape>
      <bpmndi:BPMNShape bpmnElement="sid-26c12892-0ee2-4be0-a2dd-cc0e8a816a5b" id="BPMNShape_sid-26c12892-0ee2-4be0-a2dd-cc0e8a816a5b">
        <omgdc:Bounds height="82.0" width="102.0" x="840.0" y="0.0"/>
      </bpmndi:BPMNShape>
      <bpmndi:BPMNEdge bpmnElement="sid-bfa2a7af-f31e-4393-8d82-c48cf58b2ecc" id="BPMNEdge_sid-bfa2a7af-f31e-4393-8d82-c48cf58b2ecc">
        <omgdi:waypoint x="486.0" y="218.3486842105263"/>
        <omgdi:waypoint x="536.0" y="220.6513157894737"/>
      </bpmndi:BPMNEdge>
      <bpmndi:BPMNEdge bpmnElement="sid-094fcf2e-197f-405f-aa49-9cf82bc168ab" id="BPMNEdge_sid-094fcf2e-197f-405f-aa49-9cf82bc168ab">
        <omgdi:waypoint x="1237.4642857142858" y="123.0"/>
        <omgdi:waypoint x="1300.2089780907388" y="183.5810822945065"/>
      </bpmndi:BPMNEdge>
      <bpmndi:BPMNEdge bpmnElement="sid-a64491a4-7853-419e-ab86-25a1ee83b546" id="BPMNEdge_sid-a64491a4-7853-419e-ab86-25a1ee83b546">
        <omgdi:waypoint x="790.0" y="164.29605263157896"/>
        <omgdi:waypoint x="840.0" y="158.70394736842104"/>
      </bpmndi:BPMNEdge>
      <bpmndi:BPMNEdge bpmnElement="sid-a4fe0aaa-3c4c-49c9-9ec5-95b635eca796" id="BPMNEdge_sid-a4fe0aaa-3c4c-49c9-9ec5-95b635eca796">
        <omgdi:waypoint x="942.0" y="46.0328947368421"/>
        <omgdi:waypoint x="992.0" y="50.9671052631579"/>
      </bpmndi:BPMNEdge>
      <bpmndi:BPMNEdge bpmnElement="sid-9dada644-0934-478e-9d2e-62c89172fbd7" id="BPMNEdge_sid-9dada644-0934-478e-9d2e-62c89172fbd7">
        <omgdi:waypoint x="942.0" y="158.0328947368421"/>
        <omgdi:waypoint x="992.0" y="162.9671052631579"/>
      </bpmndi:BPMNEdge>
      <bpmndi:BPMNEdge bpmnElement="sid-94f707f5-0b63-419b-8dc2-53c997d69b4f" id="BPMNEdge_sid-94f707f5-0b63-419b-8dc2-53c997d69b4f">
        <omgdi:waypoint x="1094.0" y="310.0"/>
        <omgdi:waypoint x="1180.0" y="310.0"/>
      </bpmndi:BPMNEdge>
      <bpmndi:BPMNEdge bpmnElement="sid-b9f5448d-a558-4014-b907-679f497142f3" id="BPMNEdge_sid-b9f5448d-a558-4014-b907-679f497142f3">
        <omgdi:waypoint x="30.0" y="208.0"/>
        <omgdi:waypoint x="80.0" y="208.0"/>
      </bpmndi:BPMNEdge>
      <bpmndi:BPMNEdge bpmnElement="sid-e833c00f-d7d7-4ef2-97d3-0dce2eb921c1" id="BPMNEdge_sid-e833c00f-d7d7-4ef2-97d3-0dce2eb921c1">
        <omgdi:waypoint x="638.0" y="205.2171052631579"/>
        <omgdi:waypoint x="688.0" y="187.7828947368421"/>
      </bpmndi:BPMNEdge>
      <bpmndi:BPMNEdge bpmnElement="sid-5b88c17a-bfe9-47ab-b80a-8e572f31edf0" id="BPMNEdge_sid-5b88c17a-bfe9-47ab-b80a-8e572f31edf0">
        <omgdi:waypoint x="1094.0" y="176.72368421052633"/>
        <omgdi:waypoint x="1144.0" y="185.27631578947367"/>
      </bpmndi:BPMNEdge>
      <bpmndi:BPMNEdge bpmnElement="sid-ee08d77a-9795-4949-96f3-02390a1da59c" id="BPMNEdge_sid-ee08d77a-9795-4949-96f3-02390a1da59c">
        <omgdi:waypoint x="1094.0" y="64.72368421052633"/>
        <omgdi:waypoint x="1144.0" y="73.27631578947367"/>
      </bpmndi:BPMNEdge>
      <bpmndi:BPMNEdge bpmnElement="sid-49a6e375-f739-47e9-90b1-442794013407" id="BPMNEdge_sid-49a6e375-f739-47e9-90b1-442794013407">
        <omgdi:waypoint x="1246.0" y="194.0"/>
        <omgdi:waypoint x="1296.0" y="194.0"/>
      </bpmndi:BPMNEdge>
      <bpmndi:BPMNEdge bpmnElement="sid-a4dcbf9e-5775-4c62-8700-ba4a1ce16858" id="BPMNEdge_sid-a4dcbf9e-5775-4c62-8700-ba4a1ce16858">
        <omgdi:waypoint x="787.3100775193799" y="129.0"/>
        <omgdi:waypoint x="842.6899224806201" y="82.0"/>
      </bpmndi:BPMNEdge>
      <bpmndi:BPMNEdge bpmnElement="sid-2e8dcf36-2208-4f7a-bd1a-83def0958b18" id="BPMNEdge_sid-2e8dcf36-2208-4f7a-bd1a-83def0958b18">
        <omgdi:waypoint x="638.0" y="244.13815789473685"/>
        <omgdi:waypoint x="688.0" y="264.8618421052632"/>
      </bpmndi:BPMNEdge>
      <bpmndi:BPMNEdge bpmnElement="sid-dfccbcba-466a-4120-9344-32c0acc5fa33" id="BPMNEdge_sid-dfccbcba-466a-4120-9344-32c0acc5fa33">
        <omgdi:waypoint x="334.0" y="212.67763157894737"/>
        <omgdi:waypoint x="384.0" y="214.32236842105263"/>
      </bpmndi:BPMNEdge>
      <bpmndi:BPMNEdge bpmnElement="sid-79029d87-0c23-4106-b0cc-573a55603a70" id="BPMNEdge_sid-79029d87-0c23-4106-b0cc-573a55603a70">
        <omgdi:waypoint x="790.0" y="201.875"/>
        <omgdi:waypoint x="840.0" y="233.125"/>
      </bpmndi:BPMNEdge>
      <bpmndi:BPMNEdge bpmnElement="sid-a8d1a9c4-2f01-4085-890f-bb843f04f0a3" id="BPMNEdge_sid-a8d1a9c4-2f01-4085-890f-bb843f04f0a3">
        <omgdi:waypoint x="182.0" y="209.0065789473684"/>
        <omgdi:waypoint x="232.0" y="209.9934210526316"/>
      </bpmndi:BPMNEdge>
      <bpmndi:BPMNEdge bpmnElement="sid-2b96b8dc-46c1-4ee3-9af9-81d1b3a34c9a" id="BPMNEdge_sid-2b96b8dc-46c1-4ee3-9af9-81d1b3a34c9a">
        <omgdi:waypoint x="790.0" y="307.8092105263158"/>
        <omgdi:waypoint x="877.2081356599988" y="345.1021632756574"/>
      </bpmndi:BPMNEdge>
      <bpmndi:BPMNEdge bpmnElement="sid-8e7b426f-7da6-41ac-a9c7-407386ac86b9" id="BPMNEdge_sid-8e7b426f-7da6-41ac-a9c7-407386ac86b9">
        <omgdi:waypoint x="942.0" y="247.55263157894737"/>
        <omgdi:waypoint x="967.0" y="239.0"/>
        <omgdi:waypoint x="1119.0" y="239.0"/>
        <omgdi:waypoint x="1119.0" y="265.0"/>
        <omgdi:waypoint x="1271.0" y="265.0"/>
        <omgdi:waypoint x="1303.6373439908884" y="207.06871441617318"/>
      </bpmndi:BPMNEdge>
      <bpmndi:BPMNEdge bpmnElement="sid-388dc929-9778-413b-886b-e234babadc5f" id="BPMNEdge_sid-388dc929-9778-413b-886b-e234babadc5f">
        <omgdi:waypoint x="942.0" y="280.0986842105263"/>
        <omgdi:waypoint x="992.0" y="294.9013157894737"/>
      </bpmndi:BPMNEdge>
    </bpmndi:BPMNPlane>
  </bpmndi:BPMNDiagram>
</definitions>