<?xml version='1.0' encoding='UTF-8'?>
<definitions xmlns="http://www.omg.org/spec/BPMN/20100524/MODEL" xmlns:xsi="http://www.w3.org/2001/XMLSchema-instance" xmlns:activiti="http://activiti.org/bpmn" xmlns:bpmndi="http://www.omg.org/spec/BPMN/20100524/DI" xmlns:omgdc="http://www.omg.org/spec/DD/20100524/DC" xmlns:omgdi="http://www.omg.org/spec/DD/20100524/DI" typeLanguage="http://www.w3.org/2001/XMLSchema" expressionLanguage="http://www.w3.org/1999/XPath" targetNamespace="http://www.activiti.org/test">
  <process id="vendor_invoice_lookup_2" name="vendor_invoice_lookup_2" isExecutable="true">
    <userTask id="sid-052a8058-a140-445a-8c8f-fe408c060f23" name="Say It will be included in the next payment run.." activiti:exclusive="false"/>
    <userTask id="sid-7b1c6012-d8f1-4947-a6bd-331fa3665ea0" name="Say Invoice Number 095862A amounting to 67.84 GBP has been posted for payment.." activiti:exclusive="false"/>
    <userTask id="sid-af25a94a-6d40-4f0b-8b8b-7a91e9ed0596" name="Say It will be included in the next payment run.." activiti:exclusive="false"/>
    <userTask id="sid-1f9e7f58-0bbc-4920-bdef-e02afca765ec" name="Say Invoice Numbers 099293,099380,099630,099695 and 099664 have been posted for payment.." activiti:exclusive="false"/>
    <userTask id="sid-cecbc55f-6510-4aea-8a77-0e6fcef68a21" name="Say They will be included in the next payment run.." activiti:exclusive="false"/>
    <userTask id="sid-9b6b57c3-7123-45e8-a01c-6d24da24cf7b" name="say Sure, I will be glad to help you find the status of your ${keyword}" activiti:exclusive="false"/>
    <userTask id="sid-e477508e-b2e8-4762-a518-f84e70d0abca" name="Say Lastly, Invoice Numbers 095939, 097590 and 099375 are not found in the system.." activiti:exclusive="false"/>
    <userTask id="sid-8b6327fd-8408-4486-b1ae-0408e51ad567" name="run the workflow invoice_number_lookup" activiti:exclusive="false"/>
    <userTask id="sid-2980bace-6abe-4f39-af6a-22f039a5f5ae" name="Ask whether is there anything else that I can assist the user with." activiti:exclusive="false"/>
    <endEvent id="sid-d6786d3d-24be-433d-8424-58e020f91c59"/>
    <userTask id="sid-b4ef3e29-435c-42a4-a617-bcab37bc01d0" name="set the variable email_address to ${currentUser.email}" activiti:exclusive="false"/>
    <userTask id="sid-1dad0e97-0ea5-4f1e-98a9-a2ba97fc01b5" name="run the workflow simple_remittance" activiti:exclusive="false"/>
    <userTask id="sid-55fd6501-1d67-43b8-9dbf-4e590fcf1556" name="Say I am very glad to assist you.." activiti:exclusive="false"/>
    <userTask id="sid-d02852ad-2f29-439d-862f-38b0e245a6d1" name="run the workflow simple_remittance_part" activiti:exclusive="false"/>
    <userTask id="sid-65438cb8-3442-45a7-8398-daf42c44f4c3" name="escalate" activiti:exclusive="false"/>
    <userTask id="sid-f5196a4f-ed16-40d9-8c55-ad2fbf674192" name="Say Thank you and may you have a great day!." activiti:exclusive="false"/>
    <userTask id="sid-2c68758f-9e14-4ed5-b454-3ffb97d29a1e" name="escalate" activiti:exclusive="false"/>
    <userTask id="sid-60aa5ceb-f344-453e-be1c-6daa794271f7" name="Say Should you need assistance, please feel free to ask Amelia or log a ticket thru Vendor Portal.." activiti:exclusive="false"/>
    <userTask id="sid-1516c659-1b3a-46df-8f47-66ba9743b996" name="run the workflow wqm_invoice_remittance_closing" activiti:exclusive="false"/>
    <endEvent id="sid-e73f3cc2-3930-4047-a604-edd81c3c2cf2"/>
    <userTask id="sid-75f89477-1755-4229-8796-f5ac44c8b014" name="run the workflow wqm_invoice_remittance_closing" activiti:exclusive="false"/>
    <userTask id="sid-8d386596-dcf2-4da8-8621-1db931c2a1f7" name="set the variable uid to ${currentUser.personId}" activiti:exclusive="false"/>
    <scriptTask id="sid-636bc1de-972f-4052-bd89-c4a3a5b5749d" name="format date2display" activiti:exclusive="false" scriptFormat="groovy" activiti:autoStoreVariables="false">
      <script>import java.util.*
import java.text.*


SimpleDateFormat sdf = new SimpleDateFormat("MM-dd-yyyy")
Date date= sdf.parse(payment_date)
date2display=DateFormat.getDateInstance().format(date)

execution.setVariable("date2display", date2display)</script>
    </scriptTask>
    <userTask id="sid-59c3cb5c-af59-41f5-aebd-1343fd2e19da" name="set the variable dummy to dummy" activiti:exclusive="false"/>
    <scriptTask id="sid-a2f75bdc-ef46-4aa8-a917-706e08f9ec6a" name="format date2display" activiti:exclusive="false" scriptFormat="groovy" activiti:autoStoreVariables="false">
      <script>import java.util.*
import java.text.*


SimpleDateFormat sdf = new SimpleDateFormat("MM-dd-yyyy")
Date date= sdf.parse(payment_date)
date2display=DateFormat.getDateInstance().format(date)

execution.setVariable("date2display", date2display)</script>
    </scriptTask>
    <startEvent id="sid-ac00f8be-4100-4ee3-a3e1-7387b89006a6"/>
    <endEvent id="sid-4048a070-351c-4325-943f-b744e1c875b4"/>
    <userTask id="sid-2dafcc07-f111-4cad-aace-14f73d8093e5" name="Say Hello Dexter!." activiti:exclusive="false"/>
    <userTask id="sid-94ae366d-49c1-42b3-99a9-bed0ce3dd2c5" name="Say Thank you for contacting Baker Hughes AP Helpdesk.." activiti:exclusive="false"/>
    <userTask id="sid-d857faca-a26a-4480-a46f-661ab4a04fa0" name="Say Please be advised that Invoice Number 094520 amounting to 30.00 GBP is currently with the business for approval.." activiti:exclusive="false"/>
    <userTask id="sid-57d04720-c27e-4dfa-b629-bddb2dd09912" name="Say Please be advised that we have created a new ticket for this query.." activiti:exclusive="false"/>
    <userTask id="sid-9514ae9a-d8bc-4ddf-b8f9-d6711a081748" name="Say For any follow up, please send your email to APServices@bakerhughes.com under Ticket Number INC000020273412.." activiti:exclusive="false"/>
    <userTask id="sid-c93ad392-7b54-4e3d-a457-107b019e91b3" name="Ask whether is there anything else that I can help the user with." activiti:exclusive="false"/>
    <userTask id="sid-b184352a-0676-4e79-95c3-7c4253ae8e76" name="Ask whether I may know the invoice numbers." activiti:exclusive="false"/>
    <userTask id="sid-e33b49f1-e80f-44aa-879c-473016f22f74" name="Say I 'll be needing ample time to search for the invoice status.." activiti:exclusive="false"/>
    <userTask id="sid-9511f285-9f95-4a72-9882-af1bd3bc0ef3" name="Say Your patience is highly appreciated.." activiti:exclusive="false"/>
    <userTask id="sid-755c8a90-aba0-4a51-adf7-4ad5ab8acd45" name="Say Invoice Number 094495 is not showing in our system.." activiti:exclusive="false"/>
    <userTask id="sid-85207ce9-7131-4015-b4fe-5c703ecb3bf0" name="Say Invoice Number 095781 amounting to 205.96 GBP has been posted for payment.." activiti:exclusive="false"/>
    <sequenceFlow id="sid-2ecc9a50-c555-4f21-8952-db9c1033a14d" sourceRef="sid-052a8058-a140-445a-8c8f-fe408c060f23" targetRef="sid-7b1c6012-d8f1-4947-a6bd-331fa3665ea0"/>
    <sequenceFlow id="sid-7ca64db6-18e5-4c18-839d-3d35d5a33b86" sourceRef="sid-7b1c6012-d8f1-4947-a6bd-331fa3665ea0" targetRef="sid-af25a94a-6d40-4f0b-8b8b-7a91e9ed0596"/>
    <sequenceFlow id="sid-73df734c-2a64-4ac0-a0fc-68503eea846f" sourceRef="sid-af25a94a-6d40-4f0b-8b8b-7a91e9ed0596" targetRef="sid-1f9e7f58-0bbc-4920-bdef-e02afca765ec"/>
    <sequenceFlow id="sid-e3584111-9888-4352-9575-d7a8b615ae47" sourceRef="sid-1f9e7f58-0bbc-4920-bdef-e02afca765ec" targetRef="sid-cecbc55f-6510-4aea-8a77-0e6fcef68a21"/>
    <sequenceFlow id="sid-dd6420df-1d8c-410c-968d-67688114520a" sourceRef="sid-cecbc55f-6510-4aea-8a77-0e6fcef68a21" targetRef="sid-e477508e-b2e8-4762-a518-f84e70d0abca"/>
    <sequenceFlow id="sid-3dc6b487-a355-4c0b-a2f8-2f7fc2977fd2" sourceRef="sid-9b6b57c3-7123-45e8-a01c-6d24da24cf7b" targetRef="sid-8b6327fd-8408-4486-b1ae-0408e51ad567"/>
    <sequenceFlow id="sid-41234706-e9f5-47fb-bd63-917f74146863" sourceRef="sid-e477508e-b2e8-4762-a518-f84e70d0abca" targetRef="sid-2980bace-6abe-4f39-af6a-22f039a5f5ae"/>
    <sequenceFlow id="sid-add15637-a9fc-4cf4-87b9-530e87abe900" name="else" sourceRef="sid-8b6327fd-8408-4486-b1ae-0408e51ad567" targetRef="sid-65438cb8-3442-45a7-8398-daf42c44f4c3"/>
    <sequenceFlow id="sid-9246a985-0825-4865-83a6-416dd329b94d" name="${check_invoice_number eq 1}" sourceRef="sid-8b6327fd-8408-4486-b1ae-0408e51ad567" targetRef="sid-59c3cb5c-af59-41f5-aebd-1343fd2e19da"/>
    <sequenceFlow id="sid-58fd4ef2-5e04-4e34-8aef-5380c34cd7d5" name="nothing else, thanks." sourceRef="sid-2980bace-6abe-4f39-af6a-22f039a5f5ae" targetRef="sid-55fd6501-1d67-43b8-9dbf-4e590fcf1556"/>
    <sequenceFlow id="sid-46babc0c-37fc-4ba2-a605-025ee2e68d5e" sourceRef="sid-b4ef3e29-435c-42a4-a617-bcab37bc01d0" targetRef="sid-8d386596-dcf2-4da8-8621-1db931c2a1f7"/>
    <sequenceFlow id="sid-069fd5ca-4795-4b08-be0d-88fc679b07ad" sourceRef="sid-1dad0e97-0ea5-4f1e-98a9-a2ba97fc01b5" targetRef="sid-1516c659-1b3a-46df-8f47-66ba9743b996"/>
    <sequenceFlow id="sid-d3282f3d-8bbd-478e-b946-f13bb5adb734" sourceRef="sid-55fd6501-1d67-43b8-9dbf-4e590fcf1556" targetRef="sid-f5196a4f-ed16-40d9-8c55-ad2fbf674192"/>
    <sequenceFlow id="sid-09a1677a-728e-4024-b69e-e9c34e5297f7" sourceRef="sid-d02852ad-2f29-439d-862f-38b0e245a6d1" targetRef="sid-75f89477-1755-4229-8796-f5ac44c8b014"/>
    <sequenceFlow id="sid-5f955d68-e3f7-4fa6-8865-a26775dc8c9f" sourceRef="sid-65438cb8-3442-45a7-8398-daf42c44f4c3" targetRef="sid-4048a070-351c-4325-943f-b744e1c875b4"/>
    <sequenceFlow id="sid-1779d6d8-df77-473b-bef6-4edb6c653440" sourceRef="sid-f5196a4f-ed16-40d9-8c55-ad2fbf674192" targetRef="sid-60aa5ceb-f344-453e-be1c-6daa794271f7"/>
    <sequenceFlow id="sid-e76ebd7a-43bb-4cd8-855e-0945d3012828" sourceRef="sid-2c68758f-9e14-4ed5-b454-3ffb97d29a1e" targetRef="sid-d6786d3d-24be-433d-8424-58e020f91c59"/>
    <sequenceFlow id="sid-6656fc60-3d32-4d5a-b65b-3bd05bee229b" sourceRef="sid-2c68758f-9e14-4ed5-b454-3ffb97d29a1e" targetRef="sid-2dafcc07-f111-4cad-aace-14f73d8093e5"/>
    <sequenceFlow id="sid-8b74fd0d-774d-4c18-b3bd-f27f8efec6b7" sourceRef="sid-60aa5ceb-f344-453e-be1c-6daa794271f7" targetRef="sid-e73f3cc2-3930-4047-a604-edd81c3c2cf2"/>
    <sequenceFlow id="sid-c82bbcc5-cfc1-4085-8b97-a197b80a9843" sourceRef="sid-1516c659-1b3a-46df-8f47-66ba9743b996" targetRef="sid-d6786d3d-24be-433d-8424-58e020f91c59"/>
    <sequenceFlow id="sid-fae330e7-7450-4e81-b999-97c94f676639" sourceRef="sid-75f89477-1755-4229-8796-f5ac44c8b014" targetRef="sid-d6786d3d-24be-433d-8424-58e020f91c59"/>
    <sequenceFlow id="sid-641988b7-3aaa-43a5-8a5f-b4f7caa3502a" sourceRef="sid-8d386596-dcf2-4da8-8621-1db931c2a1f7" targetRef="sid-9b6b57c3-7123-45e8-a01c-6d24da24cf7b"/>
    <sequenceFlow id="sid-3183d0fc-3a2d-4596-8f34-1ac0349e15f1" sourceRef="sid-636bc1de-972f-4052-bd89-c4a3a5b5749d" targetRef="sid-1dad0e97-0ea5-4f1e-98a9-a2ba97fc01b5"/>
    <sequenceFlow id="sid-c301f7a6-6e52-401f-b8d1-db8cbea61a40" name="${status eq 'CLEARED' &amp;&amp; amount_equivalence_flag eq 1}" sourceRef="sid-59c3cb5c-af59-41f5-aebd-1343fd2e19da" targetRef="sid-636bc1de-972f-4052-bd89-c4a3a5b5749d"/>
    <sequenceFlow id="sid-ad54bd02-4ad8-454d-a677-944bc96dc789" name="else" sourceRef="sid-59c3cb5c-af59-41f5-aebd-1343fd2e19da" targetRef="sid-2c68758f-9e14-4ed5-b454-3ffb97d29a1e"/>
    <sequenceFlow id="sid-3328d987-2ba5-40a0-97ea-975b4eb324d5" name="${status eq 'CLEARED' &amp;&amp; amount_equivalence_flag ne 1}" sourceRef="sid-59c3cb5c-af59-41f5-aebd-1343fd2e19da" targetRef="sid-a2f75bdc-ef46-4aa8-a917-706e08f9ec6a"/>
    <sequenceFlow id="sid-2d3f7441-a074-4c28-b837-05b0d19a5f3e" sourceRef="sid-a2f75bdc-ef46-4aa8-a917-706e08f9ec6a" targetRef="sid-d02852ad-2f29-439d-862f-38b0e245a6d1"/>
    <sequenceFlow id="sid-9ed530c1-a038-4830-8c93-853c6855f68d" sourceRef="sid-ac00f8be-4100-4ee3-a3e1-7387b89006a6" targetRef="sid-b4ef3e29-435c-42a4-a617-bcab37bc01d0"/>
    <sequenceFlow id="sid-d0ca4de9-b860-4237-bf12-7f48575eee07" sourceRef="sid-2dafcc07-f111-4cad-aace-14f73d8093e5" targetRef="sid-94ae366d-49c1-42b3-99a9-bed0ce3dd2c5"/>
    <sequenceFlow id="sid-ee1ca632-d7c7-4fc6-a3c8-2e8ad71e17a6" sourceRef="sid-94ae366d-49c1-42b3-99a9-bed0ce3dd2c5" targetRef="sid-d857faca-a26a-4480-a46f-661ab4a04fa0"/>
    <sequenceFlow id="sid-44d8f809-f7ed-4d28-92fe-c85d66cfad9b" sourceRef="sid-d857faca-a26a-4480-a46f-661ab4a04fa0" targetRef="sid-57d04720-c27e-4dfa-b629-bddb2dd09912"/>
    <sequenceFlow id="sid-c75759e2-5262-43d2-a563-17c892fe11aa" sourceRef="sid-57d04720-c27e-4dfa-b629-bddb2dd09912" targetRef="sid-9514ae9a-d8bc-4ddf-b8f9-d6711a081748"/>
    <sequenceFlow id="sid-b763c6ba-e1cd-4bb1-8748-be30634ec21d" sourceRef="sid-9514ae9a-d8bc-4ddf-b8f9-d6711a081748" targetRef="sid-c93ad392-7b54-4e3d-a457-107b019e91b3"/>
    <sequenceFlow id="sid-20d38730-b78b-49d4-af97-d3a69eb8df0b" name="can you help with some more invoices?" sourceRef="sid-c93ad392-7b54-4e3d-a457-107b019e91b3" targetRef="sid-b184352a-0676-4e79-95c3-7c4253ae8e76"/>
    <sequenceFlow id="sid-7618e782-5b72-49b3-bda5-cc06006d573d" name="94495&#x9;10/27/2014&#x9;575&#xd;&#xa;95781&#x9;11/11/2014&#x9;205.96&#xd;&#xa;95862&#x9;11/12/2014&#x9;67.84&#xd;&#xa;95939&#x9;11/13/2014&#x9;30&#xd;&#xa;97590&#x9;12/03/2014&#x9;30&#xd;&#xa;99380&#x9;12/30/2014&#x9;28.5&#xd;&#xa;99375&#x9;12/30/2014&#x9;46.75&#xd;&#xa;99293&#x9;12/30/2014&#x9;760.11&#xd;&#xa;99664&#x9;01/08/2015&#x9;100&#xd;&#xa;99630&#x9;01/08/2015&#x9;55.84&#xd;&#xa;99695&#x9;01/09/2015&#x9;30" sourceRef="sid-b184352a-0676-4e79-95c3-7c4253ae8e76" targetRef="sid-e33b49f1-e80f-44aa-879c-473016f22f74"/>
    <sequenceFlow id="sid-d933ea09-7700-42bf-afc9-d5d269f43317" sourceRef="sid-e33b49f1-e80f-44aa-879c-473016f22f74" targetRef="sid-9511f285-9f95-4a72-9882-af1bd3bc0ef3"/>
    <sequenceFlow id="sid-05416eca-56ec-4181-b1ad-41c9fb939f91" sourceRef="sid-9511f285-9f95-4a72-9882-af1bd3bc0ef3" targetRef="sid-755c8a90-aba0-4a51-adf7-4ad5ab8acd45"/>
    <sequenceFlow id="sid-ada5316f-727c-45d1-8a20-5842e8a81f4a" sourceRef="sid-755c8a90-aba0-4a51-adf7-4ad5ab8acd45" targetRef="sid-85207ce9-7131-4015-b4fe-5c703ecb3bf0"/>
    <sequenceFlow id="sid-3d1fade0-4db5-4596-8bb2-3a0b22352623" sourceRef="sid-85207ce9-7131-4015-b4fe-5c703ecb3bf0" targetRef="sid-052a8058-a140-445a-8c8f-fe408c060f23"/>
  </process>
  <bpmndi:BPMNDiagram id="BPMNDiagram_vendor_invoice_lookup_2">
    <bpmndi:BPMNPlane bpmnElement="vendor_invoice_lookup_2" id="BPMNPlane_vendor_invoice_lookup_2">
      <bpmndi:BPMNShape bpmnElement="sid-052a8058-a140-445a-8c8f-fe408c060f23" id="BPMNShape_sid-052a8058-a140-445a-8c8f-fe408c060f23">
        <omgdc:Bounds height="82.0" width="102.0" x="2664.0" y="142.0"/>
      </bpmndi:BPMNShape>
      <bpmndi:BPMNShape bpmnElement="sid-7b1c6012-d8f1-4947-a6bd-331fa3665ea0" id="BPMNShape_sid-7b1c6012-d8f1-4947-a6bd-331fa3665ea0">
        <omgdc:Bounds height="82.0" width="102.0" x="2816.0" y="142.0"/>
      </bpmndi:BPMNShape>
      <bpmndi:BPMNShape bpmnElement="sid-af25a94a-6d40-4f0b-8b8b-7a91e9ed0596" id="BPMNShape_sid-af25a94a-6d40-4f0b-8b8b-7a91e9ed0596">
        <omgdc:Bounds height="82.0" width="102.0" x="2968.0" y="142.0"/>
      </bpmndi:BPMNShape>
      <bpmndi:BPMNShape bpmnElement="sid-1f9e7f58-0bbc-4920-bdef-e02afca765ec" id="BPMNShape_sid-1f9e7f58-0bbc-4920-bdef-e02afca765ec">
        <omgdc:Bounds height="82.0" width="102.0" x="3120.0" y="142.0"/>
      </bpmndi:BPMNShape>
      <bpmndi:BPMNShape bpmnElement="sid-cecbc55f-6510-4aea-8a77-0e6fcef68a21" id="BPMNShape_sid-cecbc55f-6510-4aea-8a77-0e6fcef68a21">
        <omgdc:Bounds height="82.0" width="102.0" x="3272.0" y="142.0"/>
      </bpmndi:BPMNShape>
      <bpmndi:BPMNShape bpmnElement="sid-9b6b57c3-7123-45e8-a01c-6d24da24cf7b" id="BPMNShape_sid-9b6b57c3-7123-45e8-a01c-6d24da24cf7b">
        <omgdc:Bounds height="82.0" width="102.0" x="384.0" y="105.0"/>
      </bpmndi:BPMNShape>
      <bpmndi:BPMNShape bpmnElement="sid-e477508e-b2e8-4762-a518-f84e70d0abca" id="BPMNShape_sid-e477508e-b2e8-4762-a518-f84e70d0abca">
        <omgdc:Bounds height="82.0" width="102.0" x="3424.0" y="142.0"/>
      </bpmndi:BPMNShape>
      <bpmndi:BPMNShape bpmnElement="sid-8b6327fd-8408-4486-b1ae-0408e51ad567" id="BPMNShape_sid-8b6327fd-8408-4486-b1ae-0408e51ad567">
        <omgdc:Bounds height="82.0" width="102.0" x="536.0" y="100.0"/>
      </bpmndi:BPMNShape>
      <bpmndi:BPMNShape bpmnElement="sid-2980bace-6abe-4f39-af6a-22f039a5f5ae" id="BPMNShape_sid-2980bace-6abe-4f39-af6a-22f039a5f5ae">
        <omgdc:Bounds height="82.0" width="102.0" x="3576.0" y="142.0"/>
      </bpmndi:BPMNShape>
      <bpmndi:BPMNShape bpmnElement="sid-d6786d3d-24be-433d-8424-58e020f91c59" id="BPMNShape_sid-d6786d3d-24be-433d-8424-58e020f91c59">
        <omgdc:Bounds height="30.0" width="30.0" x="1332.0" y="112.0"/>
      </bpmndi:BPMNShape>
      <bpmndi:BPMNShape bpmnElement="sid-b4ef3e29-435c-42a4-a617-bcab37bc01d0" id="BPMNShape_sid-b4ef3e29-435c-42a4-a617-bcab37bc01d0">
        <omgdc:Bounds height="82.0" width="102.0" x="80.0" y="109.0"/>
      </bpmndi:BPMNShape>
      <bpmndi:BPMNShape bpmnElement="sid-1dad0e97-0ea5-4f1e-98a9-a2ba97fc01b5" id="BPMNShape_sid-1dad0e97-0ea5-4f1e-98a9-a2ba97fc01b5">
        <omgdc:Bounds height="82.0" width="102.0" x="992.0" y="15.0"/>
      </bpmndi:BPMNShape>
      <bpmndi:BPMNShape bpmnElement="sid-55fd6501-1d67-43b8-9dbf-4e590fcf1556" id="BPMNShape_sid-55fd6501-1d67-43b8-9dbf-4e590fcf1556">
        <omgdc:Bounds height="82.0" width="102.0" x="3728.0" y="142.0"/>
      </bpmndi:BPMNShape>
      <bpmndi:BPMNShape bpmnElement="sid-d02852ad-2f29-439d-862f-38b0e245a6d1" id="BPMNShape_sid-d02852ad-2f29-439d-862f-38b0e245a6d1">
        <omgdc:Bounds height="82.0" width="102.0" x="992.0" y="276.0"/>
      </bpmndi:BPMNShape>
      <bpmndi:BPMNShape bpmnElement="sid-65438cb8-3442-45a7-8398-daf42c44f4c3" id="BPMNShape_sid-65438cb8-3442-45a7-8398-daf42c44f4c3">
        <omgdc:Bounds height="82.0" width="102.0" x="688.0" y="37.0"/>
      </bpmndi:BPMNShape>
      <bpmndi:BPMNShape bpmnElement="sid-f5196a4f-ed16-40d9-8c55-ad2fbf674192" id="BPMNShape_sid-f5196a4f-ed16-40d9-8c55-ad2fbf674192">
        <omgdc:Bounds height="82.0" width="102.0" x="3880.0" y="142.0"/>
      </bpmndi:BPMNShape>
      <bpmndi:BPMNShape bpmnElement="sid-2c68758f-9e14-4ed5-b454-3ffb97d29a1e" id="BPMNShape_sid-2c68758f-9e14-4ed5-b454-3ffb97d29a1e">
        <omgdc:Bounds height="82.0" width="102.0" x="840.0" y="172.0"/>
      </bpmndi:BPMNShape>
      <bpmndi:BPMNShape bpmnElement="sid-60aa5ceb-f344-453e-be1c-6daa794271f7" id="BPMNShape_sid-60aa5ceb-f344-453e-be1c-6daa794271f7">
        <omgdc:Bounds height="82.0" width="102.0" x="4032.0" y="142.0"/>
      </bpmndi:BPMNShape>
      <bpmndi:BPMNShape bpmnElement="sid-1516c659-1b3a-46df-8f47-66ba9743b996" id="BPMNShape_sid-1516c659-1b3a-46df-8f47-66ba9743b996">
        <omgdc:Bounds height="82.0" width="102.0" x="1144.0" y="15.0"/>
      </bpmndi:BPMNShape>
      <bpmndi:BPMNShape bpmnElement="sid-e73f3cc2-3930-4047-a604-edd81c3c2cf2" id="BPMNShape_sid-e73f3cc2-3930-4047-a604-edd81c3c2cf2">
        <omgdc:Bounds height="30.0" width="30.0" x="4184.0" y="168.0"/>
      </bpmndi:BPMNShape>
      <bpmndi:BPMNShape bpmnElement="sid-75f89477-1755-4229-8796-f5ac44c8b014" id="BPMNShape_sid-75f89477-1755-4229-8796-f5ac44c8b014">
        <omgdc:Bounds height="82.0" width="102.0" x="1144.0" y="269.0"/>
      </bpmndi:BPMNShape>
      <bpmndi:BPMNShape bpmnElement="sid-8d386596-dcf2-4da8-8621-1db931c2a1f7" id="BPMNShape_sid-8d386596-dcf2-4da8-8621-1db931c2a1f7">
        <omgdc:Bounds height="82.0" width="102.0" x="232.0" y="108.0"/>
      </bpmndi:BPMNShape>
      <bpmndi:BPMNShape bpmnElement="sid-636bc1de-972f-4052-bd89-c4a3a5b5749d" id="BPMNShape_sid-636bc1de-972f-4052-bd89-c4a3a5b5749d">
        <omgdc:Bounds height="82.0" width="102.0" x="840.0" y="60.0"/>
      </bpmndi:BPMNShape>
      <bpmndi:BPMNShape bpmnElement="sid-59c3cb5c-af59-41f5-aebd-1343fd2e19da" id="BPMNShape_sid-59c3cb5c-af59-41f5-aebd-1343fd2e19da">
        <omgdc:Bounds height="82.0" width="102.0" x="688.0" y="155.0"/>
      </bpmndi:BPMNShape>
      <bpmndi:BPMNShape bpmnElement="sid-a2f75bdc-ef46-4aa8-a917-706e08f9ec6a" id="BPMNShape_sid-a2f75bdc-ef46-4aa8-a917-706e08f9ec6a">
        <omgdc:Bounds height="82.0" width="102.0" x="840.0" y="284.0"/>
      </bpmndi:BPMNShape>
      <bpmndi:BPMNShape bpmnElement="sid-ac00f8be-4100-4ee3-a3e1-7387b89006a6" id="BPMNShape_sid-ac00f8be-4100-4ee3-a3e1-7387b89006a6">
        <omgdc:Bounds height="30.0" width="30.0" x="0.0" y="135.0"/>
      </bpmndi:BPMNShape>
      <bpmndi:BPMNShape bpmnElement="sid-4048a070-351c-4325-943f-b744e1c875b4" id="BPMNShape_sid-4048a070-351c-4325-943f-b744e1c875b4">
        <omgdc:Bounds height="30.0" width="30.0" x="876.0" y="0.0"/>
      </bpmndi:BPMNShape>
      <bpmndi:BPMNShape bpmnElement="sid-2dafcc07-f111-4cad-aace-14f73d8093e5" id="BPMNShape_sid-2dafcc07-f111-4cad-aace-14f73d8093e5">
        <omgdc:Bounds height="82.0" width="102.0" x="992.0" y="157.0"/>
      </bpmndi:BPMNShape>
      <bpmndi:BPMNShape bpmnElement="sid-94ae366d-49c1-42b3-99a9-bed0ce3dd2c5" id="BPMNShape_sid-94ae366d-49c1-42b3-99a9-bed0ce3dd2c5">
        <omgdc:Bounds height="82.0" width="102.0" x="1144.0" y="157.0"/>
      </bpmndi:BPMNShape>
      <bpmndi:BPMNShape bpmnElement="sid-d857faca-a26a-4480-a46f-661ab4a04fa0" id="BPMNShape_sid-d857faca-a26a-4480-a46f-661ab4a04fa0">
        <omgdc:Bounds height="82.0" width="102.0" x="1296.0" y="172.0"/>
      </bpmndi:BPMNShape>
      <bpmndi:BPMNShape bpmnElement="sid-57d04720-c27e-4dfa-b629-bddb2dd09912" id="BPMNShape_sid-57d04720-c27e-4dfa-b629-bddb2dd09912">
        <omgdc:Bounds height="82.0" width="102.0" x="1448.0" y="162.0"/>
      </bpmndi:BPMNShape>
      <bpmndi:BPMNShape bpmnElement="sid-9514ae9a-d8bc-4ddf-b8f9-d6711a081748" id="BPMNShape_sid-9514ae9a-d8bc-4ddf-b8f9-d6711a081748">
        <omgdc:Bounds height="82.0" width="102.0" x="1600.0" y="154.0"/>
      </bpmndi:BPMNShape>
      <bpmndi:BPMNShape bpmnElement="sid-c93ad392-7b54-4e3d-a457-107b019e91b3" id="BPMNShape_sid-c93ad392-7b54-4e3d-a457-107b019e91b3">
        <omgdc:Bounds height="82.0" width="102.0" x="1752.0" y="149.0"/>
      </bpmndi:BPMNShape>
      <bpmndi:BPMNShape bpmnElement="sid-b184352a-0676-4e79-95c3-7c4253ae8e76" id="BPMNShape_sid-b184352a-0676-4e79-95c3-7c4253ae8e76">
        <omgdc:Bounds height="82.0" width="102.0" x="1904.0" y="144.0"/>
      </bpmndi:BPMNShape>
      <bpmndi:BPMNShape bpmnElement="sid-e33b49f1-e80f-44aa-879c-473016f22f74" id="BPMNShape_sid-e33b49f1-e80f-44aa-879c-473016f22f74">
        <omgdc:Bounds height="82.0" width="102.0" x="2056.0" y="142.0"/>
      </bpmndi:BPMNShape>
      <bpmndi:BPMNShape bpmnElement="sid-9511f285-9f95-4a72-9882-af1bd3bc0ef3" id="BPMNShape_sid-9511f285-9f95-4a72-9882-af1bd3bc0ef3">
        <omgdc:Bounds height="82.0" width="102.0" x="2208.0" y="142.0"/>
      </bpmndi:BPMNShape>
      <bpmndi:BPMNShape bpmnElement="sid-755c8a90-aba0-4a51-adf7-4ad5ab8acd45" id="BPMNShape_sid-755c8a90-aba0-4a51-adf7-4ad5ab8acd45">
        <omgdc:Bounds height="82.0" width="102.0" x="2360.0" y="142.0"/>
      </bpmndi:BPMNShape>
      <bpmndi:BPMNShape bpmnElement="sid-85207ce9-7131-4015-b4fe-5c703ecb3bf0" id="BPMNShape_sid-85207ce9-7131-4015-b4fe-5c703ecb3bf0">
        <omgdc:Bounds height="82.0" width="102.0" x="2512.0" y="142.0"/>
      </bpmndi:BPMNShape>
      <bpmndi:BPMNEdge bpmnElement="sid-6656fc60-3d32-4d5a-b65b-3bd05bee229b" id="BPMNEdge_sid-6656fc60-3d32-4d5a-b65b-3bd05bee229b">
        <omgdi:waypoint x="942.0" y="207.9671052631579"/>
        <omgdi:waypoint x="992.0" y="203.0328947368421"/>
      </bpmndi:BPMNEdge>
      <bpmndi:BPMNEdge bpmnElement="sid-d3282f3d-8bbd-478e-b946-f13bb5adb734" id="BPMNEdge_sid-d3282f3d-8bbd-478e-b946-f13bb5adb734">
        <omgdi:waypoint x="3830.0" y="183.0"/>
        <omgdi:waypoint x="3880.0" y="183.0"/>
      </bpmndi:BPMNEdge>
      <bpmndi:BPMNEdge bpmnElement="sid-41234706-e9f5-47fb-bd63-917f74146863" id="BPMNEdge_sid-41234706-e9f5-47fb-bd63-917f74146863">
        <omgdi:waypoint x="3526.0" y="183.0"/>
        <omgdi:waypoint x="3576.0" y="183.0"/>
      </bpmndi:BPMNEdge>
      <bpmndi:BPMNEdge bpmnElement="sid-069fd5ca-4795-4b08-be0d-88fc679b07ad" id="BPMNEdge_sid-069fd5ca-4795-4b08-be0d-88fc679b07ad">
        <omgdi:waypoint x="1094.0" y="56.0"/>
        <omgdi:waypoint x="1144.0" y="56.0"/>
      </bpmndi:BPMNEdge>
      <bpmndi:BPMNEdge bpmnElement="sid-7618e782-5b72-49b3-bda5-cc06006d573d" id="BPMNEdge_sid-7618e782-5b72-49b3-bda5-cc06006d573d">
        <omgdi:waypoint x="2006.0" y="184.32894736842104"/>
        <omgdi:waypoint x="2056.0" y="183.67105263157896"/>
      </bpmndi:BPMNEdge>
      <bpmndi:BPMNEdge bpmnElement="sid-ad54bd02-4ad8-454d-a677-944bc96dc789" id="BPMNEdge_sid-ad54bd02-4ad8-454d-a677-944bc96dc789">
        <omgdi:waypoint x="790.0" y="201.70394736842104"/>
        <omgdi:waypoint x="840.0" y="207.29605263157896"/>
      </bpmndi:BPMNEdge>
      <bpmndi:BPMNEdge bpmnElement="sid-1779d6d8-df77-473b-bef6-4edb6c653440" id="BPMNEdge_sid-1779d6d8-df77-473b-bef6-4edb6c653440">
        <omgdi:waypoint x="3982.0" y="183.0"/>
        <omgdi:waypoint x="4032.0" y="183.0"/>
      </bpmndi:BPMNEdge>
      <bpmndi:BPMNEdge bpmnElement="sid-e76ebd7a-43bb-4cd8-855e-0945d3012828" id="BPMNEdge_sid-e76ebd7a-43bb-4cd8-855e-0945d3012828">
        <omgdi:waypoint x="927.2325581395348" y="172.0"/>
        <omgdi:waypoint x="967.0" y="127.0"/>
        <omgdi:waypoint x="1119.0" y="127.0"/>
        <omgdi:waypoint x="1119.0" y="127.0"/>
        <omgdi:waypoint x="1271.0" y="127.0"/>
        <omgdi:waypoint x="1332.0" y="127.0"/>
      </bpmndi:BPMNEdge>
      <bpmndi:BPMNEdge bpmnElement="sid-05416eca-56ec-4181-b1ad-41c9fb939f91" id="BPMNEdge_sid-05416eca-56ec-4181-b1ad-41c9fb939f91">
        <omgdi:waypoint x="2310.0" y="183.0"/>
        <omgdi:waypoint x="2360.0" y="183.0"/>
      </bpmndi:BPMNEdge>
      <bpmndi:BPMNEdge bpmnElement="sid-fae330e7-7450-4e81-b999-97c94f676639" id="BPMNEdge_sid-fae330e7-7450-4e81-b999-97c94f676639">
        <omgdi:waypoint x="1229.0546448087432" y="269.0"/>
        <omgdi:waypoint x="1337.4158525034075" y="138.53880915708191"/>
      </bpmndi:BPMNEdge>
      <bpmndi:BPMNEdge bpmnElement="sid-3183d0fc-3a2d-4596-8f34-1ac0349e15f1" id="BPMNEdge_sid-3183d0fc-3a2d-4596-8f34-1ac0349e15f1">
        <omgdi:waypoint x="942.0" y="85.90131578947368"/>
        <omgdi:waypoint x="992.0" y="71.09868421052632"/>
      </bpmndi:BPMNEdge>
      <bpmndi:BPMNEdge bpmnElement="sid-c75759e2-5262-43d2-a563-17c892fe11aa" id="BPMNEdge_sid-c75759e2-5262-43d2-a563-17c892fe11aa">
        <omgdi:waypoint x="1550.0" y="200.31578947368422"/>
        <omgdi:waypoint x="1600.0" y="197.68421052631578"/>
      </bpmndi:BPMNEdge>
      <bpmndi:BPMNEdge bpmnElement="sid-ada5316f-727c-45d1-8a20-5842e8a81f4a" id="BPMNEdge_sid-ada5316f-727c-45d1-8a20-5842e8a81f4a">
        <omgdi:waypoint x="2462.0" y="183.0"/>
        <omgdi:waypoint x="2512.0" y="183.0"/>
      </bpmndi:BPMNEdge>
      <bpmndi:BPMNEdge bpmnElement="sid-9ed530c1-a038-4830-8c93-853c6855f68d" id="BPMNEdge_sid-9ed530c1-a038-4830-8c93-853c6855f68d">
        <omgdi:waypoint x="30.0" y="150.0"/>
        <omgdi:waypoint x="80.0" y="150.0"/>
      </bpmndi:BPMNEdge>
      <bpmndi:BPMNEdge bpmnElement="sid-2ecc9a50-c555-4f21-8952-db9c1033a14d" id="BPMNEdge_sid-2ecc9a50-c555-4f21-8952-db9c1033a14d">
        <omgdi:waypoint x="2766.0" y="183.0"/>
        <omgdi:waypoint x="2816.0" y="183.0"/>
      </bpmndi:BPMNEdge>
      <bpmndi:BPMNEdge bpmnElement="sid-20d38730-b78b-49d4-af97-d3a69eb8df0b" id="BPMNEdge_sid-20d38730-b78b-49d4-af97-d3a69eb8df0b">
        <omgdi:waypoint x="1854.0" y="188.32236842105263"/>
        <omgdi:waypoint x="1904.0" y="186.67763157894737"/>
      </bpmndi:BPMNEdge>
      <bpmndi:BPMNEdge bpmnElement="sid-641988b7-3aaa-43a5-8a5f-b4f7caa3502a" id="BPMNEdge_sid-641988b7-3aaa-43a5-8a5f-b4f7caa3502a">
        <omgdi:waypoint x="334.0" y="147.99342105263156"/>
        <omgdi:waypoint x="384.0" y="147.00657894736844"/>
      </bpmndi:BPMNEdge>
      <bpmndi:BPMNEdge bpmnElement="sid-8b74fd0d-774d-4c18-b3bd-f27f8efec6b7" id="BPMNEdge_sid-8b74fd0d-774d-4c18-b3bd-f27f8efec6b7">
        <omgdi:waypoint x="4134.0" y="183.0"/>
        <omgdi:waypoint x="4184.0" y="183.0"/>
      </bpmndi:BPMNEdge>
      <bpmndi:BPMNEdge bpmnElement="sid-3dc6b487-a355-4c0b-a2f8-2f7fc2977fd2" id="BPMNEdge_sid-3dc6b487-a355-4c0b-a2f8-2f7fc2977fd2">
        <omgdi:waypoint x="486.0" y="144.32236842105263"/>
        <omgdi:waypoint x="536.0" y="142.67763157894737"/>
      </bpmndi:BPMNEdge>
      <bpmndi:BPMNEdge bpmnElement="sid-9246a985-0825-4865-83a6-416dd329b94d" id="BPMNEdge_sid-9246a985-0825-4865-83a6-416dd329b94d">
        <omgdi:waypoint x="638.0" y="159.45394736842104"/>
        <omgdi:waypoint x="688.0" y="177.54605263157896"/>
      </bpmndi:BPMNEdge>
      <bpmndi:BPMNEdge bpmnElement="sid-3d1fade0-4db5-4596-8bb2-3a0b22352623" id="BPMNEdge_sid-3d1fade0-4db5-4596-8bb2-3a0b22352623">
        <omgdi:waypoint x="2614.0" y="183.0"/>
        <omgdi:waypoint x="2664.0" y="183.0"/>
      </bpmndi:BPMNEdge>
      <bpmndi:BPMNEdge bpmnElement="sid-c82bbcc5-cfc1-4085-8b97-a197b80a9843" id="BPMNEdge_sid-c82bbcc5-cfc1-4085-8b97-a197b80a9843">
        <omgdi:waypoint x="1246.0" y="79.82236842105263"/>
        <omgdi:waypoint x="1333.409538002321" y="120.65182367213679"/>
      </bpmndi:BPMNEdge>
      <bpmndi:BPMNEdge bpmnElement="sid-d933ea09-7700-42bf-afc9-d5d269f43317" id="BPMNEdge_sid-d933ea09-7700-42bf-afc9-d5d269f43317">
        <omgdi:waypoint x="2158.0" y="183.0"/>
        <omgdi:waypoint x="2208.0" y="183.0"/>
      </bpmndi:BPMNEdge>
      <bpmndi:BPMNEdge bpmnElement="sid-44d8f809-f7ed-4d28-92fe-c85d66cfad9b" id="BPMNEdge_sid-44d8f809-f7ed-4d28-92fe-c85d66cfad9b">
        <omgdi:waypoint x="1398.0" y="209.64473684210526"/>
        <omgdi:waypoint x="1448.0" y="206.35526315789474"/>
      </bpmndi:BPMNEdge>
      <bpmndi:BPMNEdge bpmnElement="sid-5f955d68-e3f7-4fa6-8865-a26775dc8c9f" id="BPMNEdge_sid-5f955d68-e3f7-4fa6-8865-a26775dc8c9f">
        <omgdi:waypoint x="790.0" y="56.86184210526316"/>
        <omgdi:waypoint x="877.1430817324618" y="20.743327966150673"/>
      </bpmndi:BPMNEdge>
      <bpmndi:BPMNEdge bpmnElement="sid-add15637-a9fc-4cf4-87b9-530e87abe900" id="BPMNEdge_sid-add15637-a9fc-4cf4-87b9-530e87abe900">
        <omgdi:waypoint x="638.0" y="119.86184210526315"/>
        <omgdi:waypoint x="688.0" y="99.13815789473685"/>
      </bpmndi:BPMNEdge>
      <bpmndi:BPMNEdge bpmnElement="sid-7ca64db6-18e5-4c18-839d-3d35d5a33b86" id="BPMNEdge_sid-7ca64db6-18e5-4c18-839d-3d35d5a33b86">
        <omgdi:waypoint x="2918.0" y="183.0"/>
        <omgdi:waypoint x="2968.0" y="183.0"/>
      </bpmndi:BPMNEdge>
      <bpmndi:BPMNEdge bpmnElement="sid-58fd4ef2-5e04-4e34-8aef-5380c34cd7d5" id="BPMNEdge_sid-58fd4ef2-5e04-4e34-8aef-5380c34cd7d5">
        <omgdi:waypoint x="3678.0" y="183.0"/>
        <omgdi:waypoint x="3728.0" y="183.0"/>
      </bpmndi:BPMNEdge>
      <bpmndi:BPMNEdge bpmnElement="sid-46babc0c-37fc-4ba2-a605-025ee2e68d5e" id="BPMNEdge_sid-46babc0c-37fc-4ba2-a605-025ee2e68d5e">
        <omgdi:waypoint x="182.0" y="149.66447368421052"/>
        <omgdi:waypoint x="232.0" y="149.33552631578948"/>
      </bpmndi:BPMNEdge>
      <bpmndi:BPMNEdge bpmnElement="sid-c301f7a6-6e52-401f-b8d1-db8cbea61a40" id="BPMNEdge_sid-c301f7a6-6e52-401f-b8d1-db8cbea61a40">
        <omgdi:waypoint x="790.0" y="164.125"/>
        <omgdi:waypoint x="840.0" y="132.875"/>
      </bpmndi:BPMNEdge>
      <bpmndi:BPMNEdge bpmnElement="sid-09a1677a-728e-4024-b69e-e9c34e5297f7" id="BPMNEdge_sid-09a1677a-728e-4024-b69e-e9c34e5297f7">
        <omgdi:waypoint x="1094.0" y="314.6513157894737"/>
        <omgdi:waypoint x="1144.0" y="312.3486842105263"/>
      </bpmndi:BPMNEdge>
      <bpmndi:BPMNEdge bpmnElement="sid-2d3f7441-a074-4c28-b837-05b0d19a5f3e" id="BPMNEdge_sid-2d3f7441-a074-4c28-b837-05b0d19a5f3e">
        <omgdi:waypoint x="942.0" y="322.3157894736842"/>
        <omgdi:waypoint x="992.0" y="319.6842105263158"/>
      </bpmndi:BPMNEdge>
      <bpmndi:BPMNEdge bpmnElement="sid-ee1ca632-d7c7-4fc6-a3c8-2e8ad71e17a6" id="BPMNEdge_sid-ee1ca632-d7c7-4fc6-a3c8-2e8ad71e17a6">
        <omgdi:waypoint x="1246.0" y="203.0328947368421"/>
        <omgdi:waypoint x="1296.0" y="207.9671052631579"/>
      </bpmndi:BPMNEdge>
      <bpmndi:BPMNEdge bpmnElement="sid-e3584111-9888-4352-9575-d7a8b615ae47" id="BPMNEdge_sid-e3584111-9888-4352-9575-d7a8b615ae47">
        <omgdi:waypoint x="3222.0" y="183.0"/>
        <omgdi:waypoint x="3272.0" y="183.0"/>
      </bpmndi:BPMNEdge>
      <bpmndi:BPMNEdge bpmnElement="sid-b763c6ba-e1cd-4bb1-8748-be30634ec21d" id="BPMNEdge_sid-b763c6ba-e1cd-4bb1-8748-be30634ec21d">
        <omgdi:waypoint x="1702.0" y="193.32236842105263"/>
        <omgdi:waypoint x="1752.0" y="191.67763157894737"/>
      </bpmndi:BPMNEdge>
      <bpmndi:BPMNEdge bpmnElement="sid-73df734c-2a64-4ac0-a0fc-68503eea846f" id="BPMNEdge_sid-73df734c-2a64-4ac0-a0fc-68503eea846f">
        <omgdi:waypoint x="3070.0" y="183.0"/>
        <omgdi:waypoint x="3120.0" y="183.0"/>
      </bpmndi:BPMNEdge>
      <bpmndi:BPMNEdge bpmnElement="sid-dd6420df-1d8c-410c-968d-67688114520a" id="BPMNEdge_sid-dd6420df-1d8c-410c-968d-67688114520a">
        <omgdi:waypoint x="3374.0" y="183.0"/>
        <omgdi:waypoint x="3424.0" y="183.0"/>
      </bpmndi:BPMNEdge>
      <bpmndi:BPMNEdge bpmnElement="sid-d0ca4de9-b860-4237-bf12-7f48575eee07" id="BPMNEdge_sid-d0ca4de9-b860-4237-bf12-7f48575eee07">
        <omgdi:waypoint x="1094.0" y="198.0"/>
        <omgdi:waypoint x="1144.0" y="198.0"/>
      </bpmndi:BPMNEdge>
      <bpmndi:BPMNEdge bpmnElement="sid-3328d987-2ba5-40a0-97ea-975b4eb324d5" id="BPMNEdge_sid-3328d987-2ba5-40a0-97ea-975b4eb324d5">
        <omgdi:waypoint x="787.3100775193799" y="237.0"/>
        <omgdi:waypoint x="842.6899224806201" y="284.0"/>
      </bpmndi:BPMNEdge>
    </bpmndi:BPMNPlane>
  </bpmndi:BPMNDiagram>
</definitions>