<?xml version='1.0' encoding='UTF-8'?>
<definitions xmlns="http://www.omg.org/spec/BPMN/20100524/MODEL" xmlns:xsi="http://www.w3.org/2001/XMLSchema-instance" xmlns:activiti="http://activiti.org/bpmn" xmlns:bpmndi="http://www.omg.org/spec/BPMN/20100524/DI" xmlns:omgdc="http://www.omg.org/spec/DD/20100524/DC" xmlns:omgdi="http://www.omg.org/spec/DD/20100524/DI" typeLanguage="http://www.w3.org/2001/XMLSchema" expressionLanguage="http://www.w3.org/1999/XPath" targetNamespace="http://www.activiti.org/processdef">
  <process id="wqm_total_payment" name="wqm_total_payment" isExecutable="true">
    <startEvent id="sid-757DE946-C150-4E9D-989A-DF3325A9DA80"/>
    <userTask id="sid-23A9FFB6-C25F-4430-BB1C-8FF62918D481" name="set the variable tier123 to &quot;Supplier Other,Remittance Query,Paid Invoice&quot;"/>
    <sequenceFlow id="sid-6907EC75-8602-483F-A9B9-AF65D992A983" sourceRef="sid-757DE946-C150-4E9D-989A-DF3325A9DA80" targetRef="sid-23A9FFB6-C25F-4430-BB1C-8FF62918D481"/>
    <sequenceFlow id="sid-753C61D2-348E-4935-BAE0-A8410FD75414" sourceRef="sid-23A9FFB6-C25F-4430-BB1C-8FF62918D481" targetRef="sid-15E8E6CB-452A-450B-94C2-36071795B0E7"/>
    <userTask id="sid-15E8E6CB-452A-450B-94C2-36071795B0E7" name="set the variable conversation_UUID to ${currentConversationUuid}"/>
    <userTask id="sid-FD9DC5ED-52DF-4D7A-B284-8A7C07877B1B" name="set the variable xml to xml"/>
    <userTask id="sid-CE0FCFA1-61ED-4FF2-8824-6095E7FF2219" name="set the variable description to &quot;ID:${convid} -Invoice Remittance&quot;"/>
    <userTask id="sid-9290A621-E4EB-4165-99E4-44512E2BC752" name="execute the automaton Create_Ticket_WQM"/>
    <sequenceFlow id="sid-6B5E71A3-2053-49E7-974F-BFC5B52667D9" sourceRef="sid-CE0FCFA1-61ED-4FF2-8824-6095E7FF2219" targetRef="sid-9290A621-E4EB-4165-99E4-44512E2BC752"/>
    <userTask id="sid-6BEDB421-5F78-4E15-BC02-B5372154091D" name="say &quot;For your information, a ticket has been created: #spell#${incident_number}#spellend#&quot;"/>
    <sequenceFlow id="sid-1FEB7FCF-E3E4-406F-AC72-DC9CB141308B" sourceRef="sid-9290A621-E4EB-4165-99E4-44512E2BC752" targetRef="sid-6BEDB421-5F78-4E15-BC02-B5372154091D"/>
    <endEvent id="sid-FC83B010-B532-4A9B-BE15-F4E2523062B9"/>
    <sequenceFlow id="sid-F2CC700E-7BE6-4B63-ADC6-7321E31F179D" sourceRef="sid-6BEDB421-5F78-4E15-BC02-B5372154091D" targetRef="sid-FC83B010-B532-4A9B-BE15-F4E2523062B9"/>
    <userTask id="sid-B474DE12-E4BA-457A-A1BA-1ACF6B6A7CEF" name="set the variable response to response"/>
    <sequenceFlow id="sid-28A58851-D126-47A4-AEEB-5A06B52A53C6" sourceRef="sid-FD9DC5ED-52DF-4D7A-B284-8A7C07877B1B" targetRef="sid-B474DE12-E4BA-457A-A1BA-1ACF6B6A7CEF"/>
    <sequenceFlow id="sid-79E21B4F-C9B3-4EC8-BECE-C82349405476" sourceRef="sid-B474DE12-E4BA-457A-A1BA-1ACF6B6A7CEF" targetRef="sid-CE0FCFA1-61ED-4FF2-8824-6095E7FF2219"/>
    <userTask id="sid-BFDC4086-70B2-4D3B-A7D6-C83557314D97" name="set the variable convid to ${currentConversationId}"/>
    <sequenceFlow id="sid-C9F247AB-5840-45D1-B27F-E89B2CBF5DE7" sourceRef="sid-15E8E6CB-452A-450B-94C2-36071795B0E7" targetRef="sid-BFDC4086-70B2-4D3B-A7D6-C83557314D97"/>
    <sequenceFlow id="sid-9E0DF21B-375B-4B7B-A695-FA917EA24230" sourceRef="sid-BFDC4086-70B2-4D3B-A7D6-C83557314D97" targetRef="sid-FD9DC5ED-52DF-4D7A-B284-8A7C07877B1B"/>
  </process>
  <bpmndi:BPMNDiagram id="BPMNDiagram_wqm_total_payment">
    <bpmndi:BPMNPlane bpmnElement="wqm_total_payment" id="BPMNPlane_wqm_total_payment">
      <bpmndi:BPMNShape bpmnElement="sid-757DE946-C150-4E9D-989A-DF3325A9DA80" id="BPMNShape_sid-757DE946-C150-4E9D-989A-DF3325A9DA80">
        <omgdc:Bounds height="30.0" width="30.0" x="63.5" y="88.0"/>
      </bpmndi:BPMNShape>
      <bpmndi:BPMNShape bpmnElement="sid-23A9FFB6-C25F-4430-BB1C-8FF62918D481" id="BPMNShape_sid-23A9FFB6-C25F-4430-BB1C-8FF62918D481">
        <omgdc:Bounds height="80.0" width="100.0" x="138.5" y="63.0"/>
      </bpmndi:BPMNShape>
      <bpmndi:BPMNShape bpmnElement="sid-15E8E6CB-452A-450B-94C2-36071795B0E7" id="BPMNShape_sid-15E8E6CB-452A-450B-94C2-36071795B0E7">
        <omgdc:Bounds height="80.0" width="100.0" x="285.0" y="63.0"/>
      </bpmndi:BPMNShape>
      <bpmndi:BPMNShape bpmnElement="sid-FD9DC5ED-52DF-4D7A-B284-8A7C07877B1B" id="BPMNShape_sid-FD9DC5ED-52DF-4D7A-B284-8A7C07877B1B">
        <omgdc:Bounds height="80.0" width="100.0" x="420.0" y="63.0"/>
      </bpmndi:BPMNShape>
      <bpmndi:BPMNShape bpmnElement="sid-CE0FCFA1-61ED-4FF2-8824-6095E7FF2219" id="BPMNShape_sid-CE0FCFA1-61ED-4FF2-8824-6095E7FF2219">
        <omgdc:Bounds height="80.0" width="100.0" x="750.0" y="63.0"/>
      </bpmndi:BPMNShape>
      <bpmndi:BPMNShape bpmnElement="sid-9290A621-E4EB-4165-99E4-44512E2BC752" id="BPMNShape_sid-9290A621-E4EB-4165-99E4-44512E2BC752">
        <omgdc:Bounds height="80.0" width="100.0" x="895.0" y="63.0"/>
      </bpmndi:BPMNShape>
      <bpmndi:BPMNShape bpmnElement="sid-6BEDB421-5F78-4E15-BC02-B5372154091D" id="BPMNShape_sid-6BEDB421-5F78-4E15-BC02-B5372154091D">
        <omgdc:Bounds height="80.0" width="100.0" x="1040.0" y="63.0"/>
      </bpmndi:BPMNShape>
      <bpmndi:BPMNShape bpmnElement="sid-FC83B010-B532-4A9B-BE15-F4E2523062B9" id="BPMNShape_sid-FC83B010-B532-4A9B-BE15-F4E2523062B9">
        <omgdc:Bounds height="28.0" width="28.0" x="1185.0" y="89.0"/>
      </bpmndi:BPMNShape>
      <bpmndi:BPMNShape bpmnElement="sid-B474DE12-E4BA-457A-A1BA-1ACF6B6A7CEF" id="BPMNShape_sid-B474DE12-E4BA-457A-A1BA-1ACF6B6A7CEF">
        <omgdc:Bounds height="80.0" width="100.0" x="565.0" y="63.0"/>
      </bpmndi:BPMNShape>
      <bpmndi:BPMNShape bpmnElement="sid-BFDC4086-70B2-4D3B-A7D6-C83557314D97" id="BPMNShape_sid-BFDC4086-70B2-4D3B-A7D6-C83557314D97">
        <omgdc:Bounds height="80.0" width="100.0" x="285.0" y="186.0"/>
      </bpmndi:BPMNShape>
      <bpmndi:BPMNEdge bpmnElement="sid-C9F247AB-5840-45D1-B27F-E89B2CBF5DE7" id="BPMNEdge_sid-C9F247AB-5840-45D1-B27F-E89B2CBF5DE7">
        <omgdi:waypoint x="335.0" y="143.0"/>
        <omgdi:waypoint x="335.0" y="186.0"/>
      </bpmndi:BPMNEdge>
      <bpmndi:BPMNEdge bpmnElement="sid-9E0DF21B-375B-4B7B-A695-FA917EA24230" id="BPMNEdge_sid-9E0DF21B-375B-4B7B-A695-FA917EA24230">
        <omgdi:waypoint x="385.0" y="226.0"/>
        <omgdi:waypoint x="470.0" y="226.0"/>
        <omgdi:waypoint x="470.0" y="143.0"/>
      </bpmndi:BPMNEdge>
      <bpmndi:BPMNEdge bpmnElement="sid-79E21B4F-C9B3-4EC8-BECE-C82349405476" id="BPMNEdge_sid-79E21B4F-C9B3-4EC8-BECE-C82349405476">
        <omgdi:waypoint x="665.0" y="103.0"/>
        <omgdi:waypoint x="750.0" y="103.0"/>
      </bpmndi:BPMNEdge>
      <bpmndi:BPMNEdge bpmnElement="sid-753C61D2-348E-4935-BAE0-A8410FD75414" id="BPMNEdge_sid-753C61D2-348E-4935-BAE0-A8410FD75414">
        <omgdi:waypoint x="238.5" y="103.0"/>
        <omgdi:waypoint x="285.0" y="103.0"/>
      </bpmndi:BPMNEdge>
      <bpmndi:BPMNEdge bpmnElement="sid-28A58851-D126-47A4-AEEB-5A06B52A53C6" id="BPMNEdge_sid-28A58851-D126-47A4-AEEB-5A06B52A53C6">
        <omgdi:waypoint x="520.0" y="103.0"/>
        <omgdi:waypoint x="565.0" y="103.0"/>
      </bpmndi:BPMNEdge>
      <bpmndi:BPMNEdge bpmnElement="sid-F2CC700E-7BE6-4B63-ADC6-7321E31F179D" id="BPMNEdge_sid-F2CC700E-7BE6-4B63-ADC6-7321E31F179D">
        <omgdi:waypoint x="1140.0" y="103.0"/>
        <omgdi:waypoint x="1185.0" y="103.0"/>
      </bpmndi:BPMNEdge>
      <bpmndi:BPMNEdge bpmnElement="sid-6907EC75-8602-483F-A9B9-AF65D992A983" id="BPMNEdge_sid-6907EC75-8602-483F-A9B9-AF65D992A983">
        <omgdi:waypoint x="93.5" y="103.0"/>
        <omgdi:waypoint x="138.5" y="103.0"/>
      </bpmndi:BPMNEdge>
      <bpmndi:BPMNEdge bpmnElement="sid-6B5E71A3-2053-49E7-974F-BFC5B52667D9" id="BPMNEdge_sid-6B5E71A3-2053-49E7-974F-BFC5B52667D9">
        <omgdi:waypoint x="850.0" y="103.0"/>
        <omgdi:waypoint x="895.0" y="103.0"/>
      </bpmndi:BPMNEdge>
      <bpmndi:BPMNEdge bpmnElement="sid-1FEB7FCF-E3E4-406F-AC72-DC9CB141308B" id="BPMNEdge_sid-1FEB7FCF-E3E4-406F-AC72-DC9CB141308B">
        <omgdi:waypoint x="995.0" y="103.0"/>
        <omgdi:waypoint x="1040.0" y="103.0"/>
      </bpmndi:BPMNEdge>
    </bpmndi:BPMNPlane>
  </bpmndi:BPMNDiagram>
</definitions>