<?xml version='1.0' encoding='UTF-8'?>
<definitions xmlns="http://www.omg.org/spec/BPMN/20100524/MODEL" xmlns:xsi="http://www.w3.org/2001/XMLSchema-instance" xmlns:activiti="http://activiti.org/bpmn" xmlns:bpmndi="http://www.omg.org/spec/BPMN/20100524/DI" xmlns:omgdc="http://www.omg.org/spec/DD/20100524/DC" xmlns:omgdi="http://www.omg.org/spec/DD/20100524/DI" typeLanguage="http://www.w3.org/2001/XMLSchema" expressionLanguage="http://www.w3.org/1999/XPath" targetNamespace="http://www.activiti.org/processdef">
  <process id="bpn_comcast_ticket_update" name="bpn_comcast_ticket_update" isExecutable="true">
    <startEvent id="sid-4C564222-1888-43B8-AEE3-41D0AFA661EF"/>
    <userTask id="sid-A1B491C0-C9E7-49B8-AB1D-16AE1A273907" name="Ask what is the ticket number" activiti:exclusive="false"/>
    <sequenceFlow id="sid-969FD853-CFFA-4734-9E2A-E87B3727CCF7" sourceRef="sid-4C564222-1888-43B8-AEE3-41D0AFA661EF" targetRef="sid-A1B491C0-C9E7-49B8-AB1D-16AE1A273907"/>
    <userTask id="sid-C77A4AD8-FB21-459C-B579-01A93C0CDBBD" name="escalate" activiti:exclusive="false"/>
    <sequenceFlow id="sid-127A2CC4-9B96-42A0-AD65-22720FC781AD" sourceRef="sid-A1B491C0-C9E7-49B8-AB1D-16AE1A273907" targetRef="sid-C77A4AD8-FB21-459C-B579-01A93C0CDBBD"/>
    <endEvent id="sid-0060C3FA-4D2B-427E-BDF9-0795AC389F5D"/>
    <sequenceFlow id="sid-F4C4FEE3-B5D2-4C4A-9C2F-B68046450D10" sourceRef="sid-C77A4AD8-FB21-459C-B579-01A93C0CDBBD" targetRef="sid-0060C3FA-4D2B-427E-BDF9-0795AC389F5D"/>
  </process>
  <bpmndi:BPMNDiagram id="BPMNDiagram_bpn_comcast_ticket_update">
    <bpmndi:BPMNPlane bpmnElement="bpn_comcast_ticket_update" id="BPMNPlane_bpn_comcast_ticket_update">
      <bpmndi:BPMNShape bpmnElement="sid-4C564222-1888-43B8-AEE3-41D0AFA661EF" id="BPMNShape_sid-4C564222-1888-43B8-AEE3-41D0AFA661EF">
        <omgdc:Bounds height="30.0" width="30.0" x="510.0" y="385.0"/>
      </bpmndi:BPMNShape>
      <bpmndi:BPMNShape bpmnElement="sid-A1B491C0-C9E7-49B8-AB1D-16AE1A273907" id="BPMNShape_sid-A1B491C0-C9E7-49B8-AB1D-16AE1A273907">
        <omgdc:Bounds height="80.0" width="100.0" x="585.0" y="360.0"/>
      </bpmndi:BPMNShape>
      <bpmndi:BPMNShape bpmnElement="sid-C77A4AD8-FB21-459C-B579-01A93C0CDBBD" id="BPMNShape_sid-C77A4AD8-FB21-459C-B579-01A93C0CDBBD">
        <omgdc:Bounds height="80.0" width="100.0" x="730.0" y="360.0"/>
      </bpmndi:BPMNShape>
      <bpmndi:BPMNShape bpmnElement="sid-0060C3FA-4D2B-427E-BDF9-0795AC389F5D" id="BPMNShape_sid-0060C3FA-4D2B-427E-BDF9-0795AC389F5D">
        <omgdc:Bounds height="28.0" width="28.0" x="875.0" y="386.0"/>
      </bpmndi:BPMNShape>
      <bpmndi:BPMNEdge bpmnElement="sid-127A2CC4-9B96-42A0-AD65-22720FC781AD" id="BPMNEdge_sid-127A2CC4-9B96-42A0-AD65-22720FC781AD">
        <omgdi:waypoint x="685.0" y="400.0"/>
        <omgdi:waypoint x="730.0" y="400.0"/>
      </bpmndi:BPMNEdge>
      <bpmndi:BPMNEdge bpmnElement="sid-F4C4FEE3-B5D2-4C4A-9C2F-B68046450D10" id="BPMNEdge_sid-F4C4FEE3-B5D2-4C4A-9C2F-B68046450D10">
        <omgdi:waypoint x="830.0" y="400.0"/>
        <omgdi:waypoint x="875.0" y="400.0"/>
      </bpmndi:BPMNEdge>
      <bpmndi:BPMNEdge bpmnElement="sid-969FD853-CFFA-4734-9E2A-E87B3727CCF7" id="BPMNEdge_sid-969FD853-CFFA-4734-9E2A-E87B3727CCF7">
        <omgdi:waypoint x="540.0" y="400.0"/>
        <omgdi:waypoint x="585.0" y="400.0"/>
      </bpmndi:BPMNEdge>
    </bpmndi:BPMNPlane>
  </bpmndi:BPMNDiagram>
</definitions>