<?xml version='1.0' encoding='UTF-8'?>
<definitions xmlns="http://www.omg.org/spec/BPMN/20100524/MODEL" xmlns:xsi="http://www.w3.org/2001/XMLSchema-instance" xmlns:activiti="http://activiti.org/bpmn" xmlns:bpmndi="http://www.omg.org/spec/BPMN/20100524/DI" xmlns:omgdc="http://www.omg.org/spec/DD/20100524/DC" xmlns:omgdi="http://www.omg.org/spec/DD/20100524/DI" typeLanguage="http://www.w3.org/2001/XMLSchema" expressionLanguage="http://www.w3.org/1999/XPath" targetNamespace="http://www.activiti.org/processdef">
  <process id="bpn_comcast_csg_portnumber1" name="bpn_comcast_csg_portnumber1" isExecutable="true">
    <startEvent id="sid-47BA7CA4-D0A1-444F-9297-5AE617F0A4C1"/>
    <userTask id="sid-BC7D851B-4CB8-4622-A5E2-3A9E6F54AC94" name="ask the user what the customer's account number is"/>
    <userTask id="sid-400326E3-C05C-48C2-8395-ED29AC300FDA" name="ask the user what the phone number to port is"/>
    <userTask id="sid-C777A325-369D-4B8C-8F83-FD44F645A624" name="execute the automaton aut_acsr_portnumber_tkt_creator"/>
    <endEvent id="sid-139070FE-9FB4-435A-8BFB-048E4D7AA1DD"/>
    <userTask id="sid-8884F5AC-A4DB-412D-ADB5-1E3106921FFE" name="say I will be happy to help you  to port a number; first let me gather the required details."/>
    <sequenceFlow id="sid-8B3C804A-115F-48B4-AEFE-04B711BE7B66" sourceRef="sid-47BA7CA4-D0A1-444F-9297-5AE617F0A4C1" targetRef="sid-8884F5AC-A4DB-412D-ADB5-1E3106921FFE"/>
    <userTask id="sid-0A2F20F3-1502-4FCA-88CE-F4B6A6690D95" name="say I will now create a port number request ticket for you; once I have created the ticket, I will give you the ticket number for your reference."/>
    <userTask id="sid-3B3AC4A1-AC26-473A-BFF9-C7AFC35089EE" name="say Remedy Ticket Number: ${ebond_number}"/>
    <sequenceFlow id="sid-BAB7F965-578E-485A-B1D1-EC280157AA16" sourceRef="sid-C777A325-369D-4B8C-8F83-FD44F645A624" targetRef="sid-3B3AC4A1-AC26-473A-BFF9-C7AFC35089EE"/>
    <sequenceFlow id="sid-5B1F7541-B1B7-4A49-BA20-739695458E9B" sourceRef="sid-3B3AC4A1-AC26-473A-BFF9-C7AFC35089EE" targetRef="sid-139070FE-9FB4-435A-8BFB-048E4D7AA1DD"/>
    <userTask id="sid-80E0E99C-A220-4FC5-A00B-2B5CB797BDB7" name="ask What is the rate center on the account"/>
    <sequenceFlow id="sid-389C70B8-FF8C-463C-BFFF-3C5DD03FE5F0" sourceRef="sid-80E0E99C-A220-4FC5-A00B-2B5CB797BDB7" targetRef="sid-400326E3-C05C-48C2-8395-ED29AC300FDA"/>
    <userTask id="sid-AD25F61A-F8E7-4BE2-A5CB-9069B44856F7" name="ask what is the &quot;rate_center&quot; on the phone number"/>
    <sequenceFlow id="sid-F23A930C-1C0E-4C41-B43C-0E976E27EDF1" sourceRef="sid-400326E3-C05C-48C2-8395-ED29AC300FDA" targetRef="sid-AD25F61A-F8E7-4BE2-A5CB-9069B44856F7"/>
    <userTask id="sid-BCC7CDE1-C6FD-4732-9181-9801C367020E" name="run the workflow bpn_comcast_screenshot_optional"/>
    <sequenceFlow id="sid-A9199DA6-BEB5-45EF-859B-38934D7E186B" sourceRef="sid-AD25F61A-F8E7-4BE2-A5CB-9069B44856F7" targetRef="sid-BCC7CDE1-C6FD-4732-9181-9801C367020E"/>
    <sequenceFlow id="sid-99A1E91F-5F77-4467-B733-7E926F1ACF47" sourceRef="sid-BCC7CDE1-C6FD-4732-9181-9801C367020E" targetRef="sid-0A2F20F3-1502-4FCA-88CE-F4B6A6690D95"/>
    <sequenceFlow id="sid-EAC46D41-44AB-47BF-AFD9-695FED1FA5B8" sourceRef="sid-0A2F20F3-1502-4FCA-88CE-F4B6A6690D95" targetRef="sid-C777A325-369D-4B8C-8F83-FD44F645A624"/>
    <userTask id="sid-203F4EF8-010B-4A56-972B-DE5C00D086BB" name="ask what type of account is this request for"/>
    <userTask id="sid-796C5BA7-9565-46D6-AA1A-E6D8D71CC196" name="run the workflow bpn_comcast_contact_info"/>
    <sequenceFlow id="sid-0B4A6DF4-CBD8-44B2-B31B-92A06862EDB9" sourceRef="sid-8884F5AC-A4DB-412D-ADB5-1E3106921FFE" targetRef="sid-796C5BA7-9565-46D6-AA1A-E6D8D71CC196"/>
    <sequenceFlow id="sid-5C86CC74-0190-48BB-8A09-B81F4B065D98" sourceRef="sid-796C5BA7-9565-46D6-AA1A-E6D8D71CC196" targetRef="sid-203F4EF8-010B-4A56-972B-DE5C00D086BB"/>
    <userTask id="sid-4DDBF1C6-417A-4F45-9EC4-5BF5BADEF681" name="execute the automaton acsr_lookup"/>
    <sequenceFlow id="sid-AAF75BCD-BB76-4AF4-B728-32BF54F4F5ED" sourceRef="sid-BC7D851B-4CB8-4622-A5E2-3A9E6F54AC94" targetRef="sid-4DDBF1C6-417A-4F45-9EC4-5BF5BADEF681"/>
    <sequenceFlow id="sid-16FB265B-8A92-44BE-86F7-68412EDD2899" name="1" sourceRef="sid-4DDBF1C6-417A-4F45-9EC4-5BF5BADEF681" targetRef="sid-80E0E99C-A220-4FC5-A00B-2B5CB797BDB7"/>
    <userTask id="sid-A1E3CD36-11BC-44CA-9F37-F06B0987DA9F" name="set the variable loop to 0"/>
    <userTask id="sid-938EC8C2-163C-4EE8-BEB6-9A66E4956984" name="set the variable loop to ${loop+1}"/>
    <userTask id="sid-CBE56B15-5E67-4533-A118-30B67AABC969" name="say I couldn't find your account number in our records"/>
    <userTask id="sid-DEA24871-2942-4C29-B56F-87C34E21E2A0" name="escalate because &quot;the CSG account number ${acc_number} was not found in our records&quot;"/>
    <endEvent id="sid-50E083AE-3B8E-4780-A12F-91F8C9820928"/>
    <sequenceFlow id="sid-0AD219AD-7560-4391-A8F1-03F0FB63A01C" sourceRef="sid-DEA24871-2942-4C29-B56F-87C34E21E2A0" targetRef="sid-50E083AE-3B8E-4780-A12F-91F8C9820928"/>
    <userTask id="sid-E768C22E-EDBF-4799-B714-5BE13BACC0E6" name="set the variable market to &quot;Not Applicable&quot;"/>
    <sequenceFlow id="sid-2BEE8976-97F7-4E04-9360-8D925B00453E" sourceRef="sid-A1E3CD36-11BC-44CA-9F37-F06B0987DA9F" targetRef="sid-E768C22E-EDBF-4799-B714-5BE13BACC0E6"/>
    <sequenceFlow id="sid-BF1CB156-E5A7-4DA2-A4E2-9B44AA886DDF" sourceRef="sid-E768C22E-EDBF-4799-B714-5BE13BACC0E6" targetRef="sid-BC7D851B-4CB8-4622-A5E2-3A9E6F54AC94"/>
    <sequenceFlow id="sid-3A1EBB7B-7927-4AF2-84AE-80568AE314E4" name="else" sourceRef="sid-938EC8C2-163C-4EE8-BEB6-9A66E4956984" targetRef="sid-BC7D851B-4CB8-4622-A5E2-3A9E6F54AC94"/>
    <sequenceFlow id="sid-34679595-1310-4F7B-AED3-2B5552346DF0" sourceRef="sid-CBE56B15-5E67-4533-A118-30B67AABC969" targetRef="sid-938EC8C2-163C-4EE8-BEB6-9A66E4956984"/>
    <sequenceFlow id="sid-352F6ACC-5058-4EDB-99F0-1E53FA60646B" name="0" sourceRef="sid-4DDBF1C6-417A-4F45-9EC4-5BF5BADEF681" targetRef="sid-CBE56B15-5E67-4533-A118-30B67AABC969"/>
    <sequenceFlow id="sid-17EA255B-482E-4E12-A380-E46C6CB8BA30" name="${loop gt 1}" sourceRef="sid-938EC8C2-163C-4EE8-BEB6-9A66E4956984" targetRef="sid-DEA24871-2942-4C29-B56F-87C34E21E2A0"/>
    <sequenceFlow id="sid-30F3F77A-00F1-4A26-B000-478D3B1AE44F" sourceRef="sid-203F4EF8-010B-4A56-972B-DE5C00D086BB" targetRef="sid-A1E3CD36-11BC-44CA-9F37-F06B0987DA9F"/>
  </process>
  <bpmndi:BPMNDiagram id="BPMNDiagram_bpn_comcast_csg_portnumber1">
    <bpmndi:BPMNPlane bpmnElement="bpn_comcast_csg_portnumber1" id="BPMNPlane_bpn_comcast_csg_portnumber1">
      <bpmndi:BPMNShape bpmnElement="sid-47BA7CA4-D0A1-444F-9297-5AE617F0A4C1" id="BPMNShape_sid-47BA7CA4-D0A1-444F-9297-5AE617F0A4C1">
        <omgdc:Bounds height="30.0" width="30.0" x="15.0" y="280.0"/>
      </bpmndi:BPMNShape>
      <bpmndi:BPMNShape bpmnElement="sid-BC7D851B-4CB8-4622-A5E2-3A9E6F54AC94" id="BPMNShape_sid-BC7D851B-4CB8-4622-A5E2-3A9E6F54AC94">
        <omgdc:Bounds height="80.0" width="100.0" x="525.0" y="260.0"/>
      </bpmndi:BPMNShape>
      <bpmndi:BPMNShape bpmnElement="sid-400326E3-C05C-48C2-8395-ED29AC300FDA" id="BPMNShape_sid-400326E3-C05C-48C2-8395-ED29AC300FDA">
        <omgdc:Bounds height="80.0" width="100.0" x="1065.0" y="100.0"/>
      </bpmndi:BPMNShape>
      <bpmndi:BPMNShape bpmnElement="sid-C777A325-369D-4B8C-8F83-FD44F645A624" id="BPMNShape_sid-C777A325-369D-4B8C-8F83-FD44F645A624">
        <omgdc:Bounds height="80.0" width="100.0" x="1350.0" y="424.0"/>
      </bpmndi:BPMNShape>
      <bpmndi:BPMNShape bpmnElement="sid-139070FE-9FB4-435A-8BFB-048E4D7AA1DD" id="BPMNShape_sid-139070FE-9FB4-435A-8BFB-048E4D7AA1DD">
        <omgdc:Bounds height="28.0" width="28.0" x="1116.0" y="450.0"/>
      </bpmndi:BPMNShape>
      <bpmndi:BPMNShape bpmnElement="sid-8884F5AC-A4DB-412D-ADB5-1E3106921FFE" id="BPMNShape_sid-8884F5AC-A4DB-412D-ADB5-1E3106921FFE">
        <omgdc:Bounds height="80.0" width="100.0" x="90.0" y="255.0"/>
      </bpmndi:BPMNShape>
      <bpmndi:BPMNShape bpmnElement="sid-0A2F20F3-1502-4FCA-88CE-F4B6A6690D95" id="BPMNShape_sid-0A2F20F3-1502-4FCA-88CE-F4B6A6690D95">
        <omgdc:Bounds height="80.0" width="100.0" x="1350.0" y="285.0"/>
      </bpmndi:BPMNShape>
      <bpmndi:BPMNShape bpmnElement="sid-3B3AC4A1-AC26-473A-BFF9-C7AFC35089EE" id="BPMNShape_sid-3B3AC4A1-AC26-473A-BFF9-C7AFC35089EE">
        <omgdc:Bounds height="80.0" width="100.0" x="1200.0" y="424.0"/>
      </bpmndi:BPMNShape>
      <bpmndi:BPMNShape bpmnElement="sid-80E0E99C-A220-4FC5-A00B-2B5CB797BDB7" id="BPMNShape_sid-80E0E99C-A220-4FC5-A00B-2B5CB797BDB7">
        <omgdc:Bounds height="80.0" width="100.0" x="915.0" y="100.0"/>
      </bpmndi:BPMNShape>
      <bpmndi:BPMNShape bpmnElement="sid-AD25F61A-F8E7-4BE2-A5CB-9069B44856F7" id="BPMNShape_sid-AD25F61A-F8E7-4BE2-A5CB-9069B44856F7">
        <omgdc:Bounds height="80.0" width="100.0" x="1200.0" y="100.0"/>
      </bpmndi:BPMNShape>
      <bpmndi:BPMNShape bpmnElement="sid-BCC7CDE1-C6FD-4732-9181-9801C367020E" id="BPMNShape_sid-BCC7CDE1-C6FD-4732-9181-9801C367020E">
        <omgdc:Bounds height="80.0" width="100.0" x="1350.0" y="100.0"/>
      </bpmndi:BPMNShape>
      <bpmndi:BPMNShape bpmnElement="sid-203F4EF8-010B-4A56-972B-DE5C00D086BB" id="BPMNShape_sid-203F4EF8-010B-4A56-972B-DE5C00D086BB">
        <omgdc:Bounds height="80.0" width="100.0" x="255.0" y="440.0"/>
      </bpmndi:BPMNShape>
      <bpmndi:BPMNShape bpmnElement="sid-796C5BA7-9565-46D6-AA1A-E6D8D71CC196" id="BPMNShape_sid-796C5BA7-9565-46D6-AA1A-E6D8D71CC196">
        <omgdc:Bounds height="80.0" width="100.0" x="255.0" y="255.0"/>
      </bpmndi:BPMNShape>
      <bpmndi:BPMNShape bpmnElement="sid-4DDBF1C6-417A-4F45-9EC4-5BF5BADEF681" id="BPMNShape_sid-4DDBF1C6-417A-4F45-9EC4-5BF5BADEF681">
        <omgdc:Bounds height="80.0" width="100.0" x="735.0" y="260.0"/>
      </bpmndi:BPMNShape>
      <bpmndi:BPMNShape bpmnElement="sid-A1E3CD36-11BC-44CA-9F37-F06B0987DA9F" id="BPMNShape_sid-A1E3CD36-11BC-44CA-9F37-F06B0987DA9F">
        <omgdc:Bounds height="80.0" width="100.0" x="525.0" y="615.0"/>
      </bpmndi:BPMNShape>
      <bpmndi:BPMNShape bpmnElement="sid-938EC8C2-163C-4EE8-BEB6-9A66E4956984" id="BPMNShape_sid-938EC8C2-163C-4EE8-BEB6-9A66E4956984">
        <omgdc:Bounds height="80.0" width="100.0" x="525.0" y="45.0"/>
      </bpmndi:BPMNShape>
      <bpmndi:BPMNShape bpmnElement="sid-CBE56B15-5E67-4533-A118-30B67AABC969" id="BPMNShape_sid-CBE56B15-5E67-4533-A118-30B67AABC969">
        <omgdc:Bounds height="80.0" width="100.0" x="735.0" y="45.0"/>
      </bpmndi:BPMNShape>
      <bpmndi:BPMNShape bpmnElement="sid-DEA24871-2942-4C29-B56F-87C34E21E2A0" id="BPMNShape_sid-DEA24871-2942-4C29-B56F-87C34E21E2A0">
        <omgdc:Bounds height="80.0" width="100.0" x="180.0" y="45.0"/>
      </bpmndi:BPMNShape>
      <bpmndi:BPMNShape bpmnElement="sid-50E083AE-3B8E-4780-A12F-91F8C9820928" id="BPMNShape_sid-50E083AE-3B8E-4780-A12F-91F8C9820928">
        <omgdc:Bounds height="28.0" width="28.0" x="60.0" y="71.0"/>
      </bpmndi:BPMNShape>
      <bpmndi:BPMNShape bpmnElement="sid-E768C22E-EDBF-4799-B714-5BE13BACC0E6" id="BPMNShape_sid-E768C22E-EDBF-4799-B714-5BE13BACC0E6">
        <omgdc:Bounds height="80.0" width="100.0" x="525.0" y="424.0"/>
      </bpmndi:BPMNShape>
      <bpmndi:BPMNEdge bpmnElement="sid-3A1EBB7B-7927-4AF2-84AE-80568AE314E4" id="BPMNEdge_sid-3A1EBB7B-7927-4AF2-84AE-80568AE314E4">
        <omgdi:waypoint x="575.0" y="125.0"/>
        <omgdi:waypoint x="575.0" y="260.0"/>
      </bpmndi:BPMNEdge>
      <bpmndi:BPMNEdge bpmnElement="sid-0B4A6DF4-CBD8-44B2-B31B-92A06862EDB9" id="BPMNEdge_sid-0B4A6DF4-CBD8-44B2-B31B-92A06862EDB9">
        <omgdi:waypoint x="190.0" y="295.0"/>
        <omgdi:waypoint x="255.0" y="295.0"/>
      </bpmndi:BPMNEdge>
      <bpmndi:BPMNEdge bpmnElement="sid-16FB265B-8A92-44BE-86F7-68412EDD2899" id="BPMNEdge_sid-16FB265B-8A92-44BE-86F7-68412EDD2899">
        <omgdi:waypoint x="835.0" y="300.0"/>
        <omgdi:waypoint x="860.0" y="300.0"/>
        <omgdi:waypoint x="860.0" y="140.0"/>
        <omgdi:waypoint x="915.0" y="140.0"/>
      </bpmndi:BPMNEdge>
      <bpmndi:BPMNEdge bpmnElement="sid-BAB7F965-578E-485A-B1D1-EC280157AA16" id="BPMNEdge_sid-BAB7F965-578E-485A-B1D1-EC280157AA16">
        <omgdi:waypoint x="1350.0" y="464.0"/>
        <omgdi:waypoint x="1300.0" y="464.0"/>
      </bpmndi:BPMNEdge>
      <bpmndi:BPMNEdge bpmnElement="sid-0AD219AD-7560-4391-A8F1-03F0FB63A01C" id="BPMNEdge_sid-0AD219AD-7560-4391-A8F1-03F0FB63A01C">
        <omgdi:waypoint x="180.0" y="85.0"/>
        <omgdi:waypoint x="88.0" y="85.0"/>
      </bpmndi:BPMNEdge>
      <bpmndi:BPMNEdge bpmnElement="sid-BF1CB156-E5A7-4DA2-A4E2-9B44AA886DDF" id="BPMNEdge_sid-BF1CB156-E5A7-4DA2-A4E2-9B44AA886DDF">
        <omgdi:waypoint x="575.0" y="424.0"/>
        <omgdi:waypoint x="575.0" y="340.0"/>
      </bpmndi:BPMNEdge>
      <bpmndi:BPMNEdge bpmnElement="sid-99A1E91F-5F77-4467-B733-7E926F1ACF47" id="BPMNEdge_sid-99A1E91F-5F77-4467-B733-7E926F1ACF47">
        <omgdi:waypoint x="1400.0" y="180.0"/>
        <omgdi:waypoint x="1400.0" y="285.0"/>
      </bpmndi:BPMNEdge>
      <bpmndi:BPMNEdge bpmnElement="sid-5C86CC74-0190-48BB-8A09-B81F4B065D98" id="BPMNEdge_sid-5C86CC74-0190-48BB-8A09-B81F4B065D98">
        <omgdi:waypoint x="305.0" y="335.0"/>
        <omgdi:waypoint x="305.0" y="440.0"/>
      </bpmndi:BPMNEdge>
      <bpmndi:BPMNEdge bpmnElement="sid-389C70B8-FF8C-463C-BFFF-3C5DD03FE5F0" id="BPMNEdge_sid-389C70B8-FF8C-463C-BFFF-3C5DD03FE5F0">
        <omgdi:waypoint x="1015.0" y="140.0"/>
        <omgdi:waypoint x="1065.0" y="140.0"/>
      </bpmndi:BPMNEdge>
      <bpmndi:BPMNEdge bpmnElement="sid-AAF75BCD-BB76-4AF4-B728-32BF54F4F5ED" id="BPMNEdge_sid-AAF75BCD-BB76-4AF4-B728-32BF54F4F5ED">
        <omgdi:waypoint x="625.0" y="300.0"/>
        <omgdi:waypoint x="735.0" y="300.0"/>
      </bpmndi:BPMNEdge>
      <bpmndi:BPMNEdge bpmnElement="sid-17EA255B-482E-4E12-A380-E46C6CB8BA30" id="BPMNEdge_sid-17EA255B-482E-4E12-A380-E46C6CB8BA30">
        <omgdi:waypoint x="525.0" y="85.0"/>
        <omgdi:waypoint x="280.0" y="85.0"/>
      </bpmndi:BPMNEdge>
      <bpmndi:BPMNEdge bpmnElement="sid-34679595-1310-4F7B-AED3-2B5552346DF0" id="BPMNEdge_sid-34679595-1310-4F7B-AED3-2B5552346DF0">
        <omgdi:waypoint x="735.0" y="85.0"/>
        <omgdi:waypoint x="625.0" y="85.0"/>
      </bpmndi:BPMNEdge>
      <bpmndi:BPMNEdge bpmnElement="sid-EAC46D41-44AB-47BF-AFD9-695FED1FA5B8" id="BPMNEdge_sid-EAC46D41-44AB-47BF-AFD9-695FED1FA5B8">
        <omgdi:waypoint x="1400.0" y="365.0"/>
        <omgdi:waypoint x="1400.0" y="424.0"/>
      </bpmndi:BPMNEdge>
      <bpmndi:BPMNEdge bpmnElement="sid-30F3F77A-00F1-4A26-B000-478D3B1AE44F" id="BPMNEdge_sid-30F3F77A-00F1-4A26-B000-478D3B1AE44F">
        <omgdi:waypoint x="305.0" y="520.0"/>
        <omgdi:waypoint x="305.0" y="655.0"/>
        <omgdi:waypoint x="525.0" y="655.0"/>
      </bpmndi:BPMNEdge>
      <bpmndi:BPMNEdge bpmnElement="sid-8B3C804A-115F-48B4-AEFE-04B711BE7B66" id="BPMNEdge_sid-8B3C804A-115F-48B4-AEFE-04B711BE7B66">
        <omgdi:waypoint x="45.0" y="295.0"/>
        <omgdi:waypoint x="90.0" y="295.0"/>
      </bpmndi:BPMNEdge>
      <bpmndi:BPMNEdge bpmnElement="sid-A9199DA6-BEB5-45EF-859B-38934D7E186B" id="BPMNEdge_sid-A9199DA6-BEB5-45EF-859B-38934D7E186B">
        <omgdi:waypoint x="1300.0" y="140.0"/>
        <omgdi:waypoint x="1350.0" y="140.0"/>
      </bpmndi:BPMNEdge>
      <bpmndi:BPMNEdge bpmnElement="sid-352F6ACC-5058-4EDB-99F0-1E53FA60646B" id="BPMNEdge_sid-352F6ACC-5058-4EDB-99F0-1E53FA60646B">
        <omgdi:waypoint x="785.0" y="260.0"/>
        <omgdi:waypoint x="785.0" y="125.0"/>
      </bpmndi:BPMNEdge>
      <bpmndi:BPMNEdge bpmnElement="sid-5B1F7541-B1B7-4A49-BA20-739695458E9B" id="BPMNEdge_sid-5B1F7541-B1B7-4A49-BA20-739695458E9B">
        <omgdi:waypoint x="1200.0" y="464.0"/>
        <omgdi:waypoint x="1144.0" y="464.0"/>
      </bpmndi:BPMNEdge>
      <bpmndi:BPMNEdge bpmnElement="sid-F23A930C-1C0E-4C41-B43C-0E976E27EDF1" id="BPMNEdge_sid-F23A930C-1C0E-4C41-B43C-0E976E27EDF1">
        <omgdi:waypoint x="1165.0" y="140.0"/>
        <omgdi:waypoint x="1200.0" y="140.0"/>
      </bpmndi:BPMNEdge>
      <bpmndi:BPMNEdge bpmnElement="sid-2BEE8976-97F7-4E04-9360-8D925B00453E" id="BPMNEdge_sid-2BEE8976-97F7-4E04-9360-8D925B00453E">
        <omgdi:waypoint x="575.0" y="615.0"/>
        <omgdi:waypoint x="575.0" y="504.0"/>
      </bpmndi:BPMNEdge>
    </bpmndi:BPMNPlane>
  </bpmndi:BPMNDiagram>
</definitions>