<?xml version='1.0' encoding='UTF-8'?>
<definitions xmlns="http://www.omg.org/spec/BPMN/20100524/MODEL" xmlns:xsi="http://www.w3.org/2001/XMLSchema-instance" xmlns:activiti="http://activiti.org/bpmn" xmlns:bpmndi="http://www.omg.org/spec/BPMN/20100524/DI" xmlns:omgdc="http://www.omg.org/spec/DD/20100524/DC" xmlns:omgdi="http://www.omg.org/spec/DD/20100524/DI" typeLanguage="http://www.w3.org/2001/XMLSchema" expressionLanguage="http://www.w3.org/1999/XPath" targetNamespace="http://www.activiti.org/test">
  <process id="bpn_comcast_amdocs_portnumber1_3" name="bpn_comcast_amdocs_portnumber1_3" isExecutable="true">
    <endEvent id="sid-3ab6f9c2-5f92-4d48-914d-19ca04ac9a86"/>
    <userTask id="sid-0d291dcf-936e-4ad2-8cc9-f79aa7927d9e" name="Say It seems you have provided an incorrect account number for AMDOCS." activiti:exclusive="false"/>
    <userTask id="sid-427e5fdf-58db-4d21-9049-110fca67d9f5" name="Ask whether the user can please double check the accuracy." activiti:exclusive="false"/>
    <userTask id="sid-cae35627-668c-475d-ba81-370b2a048ea7" name="ask What is the rate center on the account" activiti:exclusive="false"/>
    <userTask id="sid-05d9d7cb-3d09-4a46-9d9f-27e989bb0f89" name="ask what is the phone number to port" activiti:exclusive="false"/>
    <userTask id="sid-42d5dbe0-e005-4c40-8855-68407c25068f" name="execute the automaton aut_amdocs_portnumber1_tkt_creator" activiti:exclusive="false"/>
    <endEvent id="sid-42f5d0f3-9c55-42a3-b8c2-c531fba2d084"/>
    <userTask id="sid-c6d6aaf5-c805-4a58-8112-49f5306bad19" name="say &quot;I will be happy to help you  to port a number. First let me gather the required details.&quot;" activiti:exclusive="false"/>
    <userTask id="sid-fb97c24e-94fc-4da5-8a8d-2ba17337cb55" name="say &quot;I will now create a port number request ticket for you. Once I have created the ticket, I will give you the ticket number for your reference.&quot;" activiti:exclusive="false"/>
    <startEvent id="sid-bc456380-86fe-4c7c-b857-8bb29e651ca8"/>
    <userTask id="sid-fedca905-811d-4d26-912f-d3e62589a2f8" name="say Remedy Ticket Number: ${ebond_number}" activiti:exclusive="false"/>
    <endEvent id="sid-0289c986-4c2f-4c56-886e-67731f200c3d"/>
    <userTask id="sid-921ba222-de7d-4a43-9001-d6ee1e64f25a" name="run the workflow bpn_comcast_screenshot_optional" activiti:exclusive="false"/>
    <userTask id="sid-9823fdfa-ac9e-4e58-8f85-19b98c51684d" name="ask the user what the customer's account number is" activiti:exclusive="false"/>
    <userTask id="sid-7775df57-925d-4334-a148-72d3835cad56" name="ask what is the &quot;rate_center&quot; on the phone number" activiti:exclusive="false"/>
    <userTask id="sid-074981bd-bd18-4d1c-946c-eadc8973ecb5" name="ask what type of account is this request for" activiti:exclusive="false"/>
    <userTask id="sid-606d2f01-0a6e-4e63-8865-60313bf168db" name="run the workflow bpn_comcast_contact_info" activiti:exclusive="false"/>
    <userTask id="sid-eba40259-0e30-4604-a148-18e43bd41ea6" name="execute the automaton amdocs_acc_number_lookup_ratecodefull" activiti:exclusive="false"/>
    <userTask id="sid-c3393d54-0daf-48ea-9184-4c6591c14f73" name="say I couldn't find your account number in our records." activiti:exclusive="false"/>
    <userTask id="sid-557ca9a3-6cd5-4a60-804f-c4a035aa2df9" name="set the variable loop to ${loop+1}" activiti:exclusive="false"/>
    <userTask id="sid-14a34428-1558-4993-807f-ef9827134daf" name="escalate because &quot;the AMDOCS account number ${acc_number} could not be found in our records&quot;" activiti:exclusive="false"/>
    <sequenceFlow id="sid-65cdcdaa-017e-4e53-ba21-a2cabb862141" sourceRef="sid-0d291dcf-936e-4ad2-8cc9-f79aa7927d9e" targetRef="sid-427e5fdf-58db-4d21-9049-110fca67d9f5"/>
    <sequenceFlow id="sid-f6f294db-e19c-463f-8489-ff7e393ebb3a" name="ok, will do thanks" sourceRef="sid-427e5fdf-58db-4d21-9049-110fca67d9f5" targetRef="sid-0289c986-4c2f-4c56-886e-67731f200c3d"/>
    <sequenceFlow id="sid-e92eeee7-ccac-498e-a71f-603eb69b0cbb" sourceRef="sid-cae35627-668c-475d-ba81-370b2a048ea7" targetRef="sid-05d9d7cb-3d09-4a46-9d9f-27e989bb0f89"/>
    <sequenceFlow id="sid-e13c7c1b-947a-4a3f-90de-95604a50dbe9" sourceRef="sid-05d9d7cb-3d09-4a46-9d9f-27e989bb0f89" targetRef="sid-7775df57-925d-4334-a148-72d3835cad56"/>
    <sequenceFlow id="sid-e111409c-a194-4e4a-9fe0-3c8b9feeeb18" sourceRef="sid-42d5dbe0-e005-4c40-8855-68407c25068f" targetRef="sid-fedca905-811d-4d26-912f-d3e62589a2f8"/>
    <sequenceFlow id="sid-4f5cd215-56cd-452b-863c-2028b7db7c2b" sourceRef="sid-c6d6aaf5-c805-4a58-8112-49f5306bad19" targetRef="sid-606d2f01-0a6e-4e63-8865-60313bf168db"/>
    <sequenceFlow id="sid-ddb28bc1-025d-498d-a009-46d4a70f9235" sourceRef="sid-fb97c24e-94fc-4da5-8a8d-2ba17337cb55" targetRef="sid-42d5dbe0-e005-4c40-8855-68407c25068f"/>
    <sequenceFlow id="sid-8643d720-67c2-491b-a705-86fca8070c7f" sourceRef="sid-bc456380-86fe-4c7c-b857-8bb29e651ca8" targetRef="sid-c6d6aaf5-c805-4a58-8112-49f5306bad19"/>
    <sequenceFlow id="sid-62ab337d-dcd7-4e5e-8bea-384e16692b73" sourceRef="sid-fedca905-811d-4d26-912f-d3e62589a2f8" targetRef="sid-42f5d0f3-9c55-42a3-b8c2-c531fba2d084"/>
    <sequenceFlow id="sid-28e4c778-4911-4659-a847-1929483ddb60" sourceRef="sid-921ba222-de7d-4a43-9001-d6ee1e64f25a" targetRef="sid-fb97c24e-94fc-4da5-8a8d-2ba17337cb55"/>
    <sequenceFlow id="sid-528081be-b450-4a51-9bf2-a57c2a7d7f3a" sourceRef="sid-9823fdfa-ac9e-4e58-8f85-19b98c51684d" targetRef="sid-eba40259-0e30-4604-a148-18e43bd41ea6"/>
    <sequenceFlow id="sid-7cb94edb-4ede-4bd4-93b4-9023a37bce06" sourceRef="sid-7775df57-925d-4334-a148-72d3835cad56" targetRef="sid-921ba222-de7d-4a43-9001-d6ee1e64f25a"/>
    <sequenceFlow id="sid-4a34d7dd-1131-43a7-93d9-2a5610733561" name=".*(residential|business).*" sourceRef="sid-074981bd-bd18-4d1c-946c-eadc8973ecb5" targetRef="sid-9823fdfa-ac9e-4e58-8f85-19b98c51684d"/>
    <sequenceFlow id="sid-231def6f-f308-44c5-8b91-d4bade431c23" sourceRef="sid-606d2f01-0a6e-4e63-8865-60313bf168db" targetRef="sid-074981bd-bd18-4d1c-946c-eadc8973ecb5"/>
    <sequenceFlow id="sid-10449b1f-dd1f-4157-a9b8-fcd2c5020ea6" name="1" sourceRef="sid-eba40259-0e30-4604-a148-18e43bd41ea6" targetRef="sid-cae35627-668c-475d-ba81-370b2a048ea7"/>
    <sequenceFlow id="sid-89634efe-a2f5-44fd-9439-9dfb2638a2b8" name="0" sourceRef="sid-eba40259-0e30-4604-a148-18e43bd41ea6" targetRef="sid-c3393d54-0daf-48ea-9184-4c6591c14f73"/>
    <sequenceFlow id="sid-dc776928-4e9d-4c98-8b9a-9cbc4bfed787" sourceRef="sid-c3393d54-0daf-48ea-9184-4c6591c14f73" targetRef="sid-557ca9a3-6cd5-4a60-804f-c4a035aa2df9"/>
    <sequenceFlow id="sid-169a6714-a4f4-4ec3-81c9-31d70d5e089e" name="else" sourceRef="sid-557ca9a3-6cd5-4a60-804f-c4a035aa2df9" targetRef="sid-14a34428-1558-4993-807f-ef9827134daf"/>
    <sequenceFlow id="sid-c1a2ac05-e463-4821-bc97-9ee926e459bb" name="${loop lt 2}" sourceRef="sid-557ca9a3-6cd5-4a60-804f-c4a035aa2df9" targetRef="sid-9823fdfa-ac9e-4e58-8f85-19b98c51684d"/>
    <sequenceFlow id="sid-59d02224-9386-43f2-b9d1-99f0b120152c" sourceRef="sid-14a34428-1558-4993-807f-ef9827134daf" targetRef="sid-0d291dcf-936e-4ad2-8cc9-f79aa7927d9e"/>
    <sequenceFlow id="sid-e3a3113d-0b5e-4fa3-8e23-0f628b1b4bd8" sourceRef="sid-14a34428-1558-4993-807f-ef9827134daf" targetRef="sid-3ab6f9c2-5f92-4d48-914d-19ca04ac9a86"/>
  </process>
  <bpmndi:BPMNDiagram id="BPMNDiagram_bpn_comcast_amdocs_portnumber1_3">
    <bpmndi:BPMNPlane bpmnElement="bpn_comcast_amdocs_portnumber1_3" id="BPMNPlane_bpn_comcast_amdocs_portnumber1_3">
      <bpmndi:BPMNShape bpmnElement="sid-3ab6f9c2-5f92-4d48-914d-19ca04ac9a86" id="BPMNShape_sid-3ab6f9c2-5f92-4d48-914d-19ca04ac9a86">
        <omgdc:Bounds height="30.0" width="30.0" x="1782.0" y="464.0"/>
      </bpmndi:BPMNShape>
      <bpmndi:BPMNShape bpmnElement="sid-0d291dcf-936e-4ad2-8cc9-f79aa7927d9e" id="BPMNShape_sid-0d291dcf-936e-4ad2-8cc9-f79aa7927d9e">
        <omgdc:Bounds height="82.0" width="102.0" x="1746.0" y="232.0"/>
      </bpmndi:BPMNShape>
      <bpmndi:BPMNShape bpmnElement="sid-427e5fdf-58db-4d21-9049-110fca67d9f5" id="BPMNShape_sid-427e5fdf-58db-4d21-9049-110fca67d9f5">
        <omgdc:Bounds height="82.0" width="102.0" x="1948.0" y="322.0"/>
      </bpmndi:BPMNShape>
      <bpmndi:BPMNShape bpmnElement="sid-cae35627-668c-475d-ba81-370b2a048ea7" id="BPMNShape_sid-cae35627-668c-475d-ba81-370b2a048ea7">
        <omgdc:Bounds height="82.0" width="102.0" x="1140.0" y="15.0"/>
      </bpmndi:BPMNShape>
      <bpmndi:BPMNShape bpmnElement="sid-05d9d7cb-3d09-4a46-9d9f-27e989bb0f89" id="BPMNShape_sid-05d9d7cb-3d09-4a46-9d9f-27e989bb0f89">
        <omgdc:Bounds height="82.0" width="102.0" x="1342.0" y="90.0"/>
      </bpmndi:BPMNShape>
      <bpmndi:BPMNShape bpmnElement="sid-42d5dbe0-e005-4c40-8855-68407c25068f" id="BPMNShape_sid-42d5dbe0-e005-4c40-8855-68407c25068f">
        <omgdc:Bounds height="82.0" width="102.0" x="2150.0" y="116.0"/>
      </bpmndi:BPMNShape>
      <bpmndi:BPMNShape bpmnElement="sid-42f5d0f3-9c55-42a3-b8c2-c531fba2d084" id="BPMNShape_sid-42f5d0f3-9c55-42a3-b8c2-c531fba2d084">
        <omgdc:Bounds height="30.0" width="30.0" x="2554.0" y="232.0"/>
      </bpmndi:BPMNShape>
      <bpmndi:BPMNShape bpmnElement="sid-c6d6aaf5-c805-4a58-8112-49f5306bad19" id="BPMNShape_sid-c6d6aaf5-c805-4a58-8112-49f5306bad19">
        <omgdc:Bounds height="82.0" width="102.0" x="130.0" y="206.0"/>
      </bpmndi:BPMNShape>
      <bpmndi:BPMNShape bpmnElement="sid-fb97c24e-94fc-4da5-8a8d-2ba17337cb55" id="BPMNShape_sid-fb97c24e-94fc-4da5-8a8d-2ba17337cb55">
        <omgdc:Bounds height="82.0" width="102.0" x="1948.0" y="90.0"/>
      </bpmndi:BPMNShape>
      <bpmndi:BPMNShape bpmnElement="sid-bc456380-86fe-4c7c-b857-8bb29e651ca8" id="BPMNShape_sid-bc456380-86fe-4c7c-b857-8bb29e651ca8">
        <omgdc:Bounds height="30.0" width="30.0" x="0.0" y="232.0"/>
      </bpmndi:BPMNShape>
      <bpmndi:BPMNShape bpmnElement="sid-fedca905-811d-4d26-912f-d3e62589a2f8" id="BPMNShape_sid-fedca905-811d-4d26-912f-d3e62589a2f8">
        <omgdc:Bounds height="82.0" width="102.0" x="2352.0" y="206.0"/>
      </bpmndi:BPMNShape>
      <bpmndi:BPMNShape bpmnElement="sid-0289c986-4c2f-4c56-886e-67731f200c3d" id="BPMNShape_sid-0289c986-4c2f-4c56-886e-67731f200c3d">
        <omgdc:Bounds height="30.0" width="30.0" x="2186.0" y="348.0"/>
      </bpmndi:BPMNShape>
      <bpmndi:BPMNShape bpmnElement="sid-921ba222-de7d-4a43-9001-d6ee1e64f25a" id="BPMNShape_sid-921ba222-de7d-4a43-9001-d6ee1e64f25a">
        <omgdc:Bounds height="82.0" width="102.0" x="1746.0" y="0.0"/>
      </bpmndi:BPMNShape>
      <bpmndi:BPMNShape bpmnElement="sid-9823fdfa-ac9e-4e58-8f85-19b98c51684d" id="BPMNShape_sid-9823fdfa-ac9e-4e58-8f85-19b98c51684d">
        <omgdc:Bounds height="82.0" width="102.0" x="736.0" y="206.0"/>
      </bpmndi:BPMNShape>
      <bpmndi:BPMNShape bpmnElement="sid-7775df57-925d-4334-a148-72d3835cad56" id="BPMNShape_sid-7775df57-925d-4334-a148-72d3835cad56">
        <omgdc:Bounds height="82.0" width="102.0" x="1544.0" y="90.0"/>
      </bpmndi:BPMNShape>
      <bpmndi:BPMNShape bpmnElement="sid-074981bd-bd18-4d1c-946c-eadc8973ecb5" id="BPMNShape_sid-074981bd-bd18-4d1c-946c-eadc8973ecb5">
        <omgdc:Bounds height="82.0" width="102.0" x="534.0" y="206.0"/>
      </bpmndi:BPMNShape>
      <bpmndi:BPMNShape bpmnElement="sid-606d2f01-0a6e-4e63-8865-60313bf168db" id="BPMNShape_sid-606d2f01-0a6e-4e63-8865-60313bf168db">
        <omgdc:Bounds height="82.0" width="102.0" x="332.0" y="206.0"/>
      </bpmndi:BPMNShape>
      <bpmndi:BPMNShape bpmnElement="sid-eba40259-0e30-4604-a148-18e43bd41ea6" id="BPMNShape_sid-eba40259-0e30-4604-a148-18e43bd41ea6">
        <omgdc:Bounds height="82.0" width="102.0" x="938.0" y="131.0"/>
      </bpmndi:BPMNShape>
      <bpmndi:BPMNShape bpmnElement="sid-c3393d54-0daf-48ea-9184-4c6591c14f73" id="BPMNShape_sid-c3393d54-0daf-48ea-9184-4c6591c14f73">
        <omgdc:Bounds height="82.0" width="102.0" x="1140.0" y="247.0"/>
      </bpmndi:BPMNShape>
      <bpmndi:BPMNShape bpmnElement="sid-557ca9a3-6cd5-4a60-804f-c4a035aa2df9" id="BPMNShape_sid-557ca9a3-6cd5-4a60-804f-c4a035aa2df9">
        <omgdc:Bounds height="82.0" width="102.0" x="1342.0" y="322.0"/>
      </bpmndi:BPMNShape>
      <bpmndi:BPMNShape bpmnElement="sid-14a34428-1558-4993-807f-ef9827134daf" id="BPMNShape_sid-14a34428-1558-4993-807f-ef9827134daf">
        <omgdc:Bounds height="82.0" width="102.0" x="1544.0" y="322.0"/>
      </bpmndi:BPMNShape>
      <bpmndi:BPMNEdge bpmnElement="sid-231def6f-f308-44c5-8b91-d4bade431c23" id="BPMNEdge_sid-231def6f-f308-44c5-8b91-d4bade431c23">
        <omgdi:waypoint x="434.0" y="247.0"/>
        <omgdi:waypoint x="534.0" y="247.0"/>
      </bpmndi:BPMNEdge>
      <bpmndi:BPMNEdge bpmnElement="sid-c1a2ac05-e463-4821-bc97-9ee926e459bb" id="BPMNEdge_sid-c1a2ac05-e463-4821-bc97-9ee926e459bb">
        <omgdi:waypoint x="1357.301724137931" y="404.0"/>
        <omgdi:waypoint x="1292.0" y="479.0"/>
        <omgdi:waypoint x="1090.0" y="479.0"/>
        <omgdi:waypoint x="1090.0" y="363.0"/>
        <omgdi:waypoint x="888.0" y="363.0"/>
        <omgdi:waypoint x="822.698275862069" y="288.0"/>
      </bpmndi:BPMNEdge>
      <bpmndi:BPMNEdge bpmnElement="sid-e111409c-a194-4e4a-9fe0-3c8b9feeeb18" id="BPMNEdge_sid-e111409c-a194-4e4a-9fe0-3c8b9feeeb18">
        <omgdi:waypoint x="2252.0" y="179.72277227722773"/>
        <omgdi:waypoint x="2352.0" y="224.27722772277227"/>
      </bpmndi:BPMNEdge>
      <bpmndi:BPMNEdge bpmnElement="sid-169a6714-a4f4-4ec3-81c9-31d70d5e089e" id="BPMNEdge_sid-169a6714-a4f4-4ec3-81c9-31d70d5e089e">
        <omgdi:waypoint x="1444.0" y="363.0"/>
        <omgdi:waypoint x="1544.0" y="363.0"/>
      </bpmndi:BPMNEdge>
      <bpmndi:BPMNEdge bpmnElement="sid-65cdcdaa-017e-4e53-ba21-a2cabb862141" id="BPMNEdge_sid-65cdcdaa-017e-4e53-ba21-a2cabb862141">
        <omgdi:waypoint x="1848.0" y="295.7227722772277"/>
        <omgdi:waypoint x="1948.0" y="340.2772277227723"/>
      </bpmndi:BPMNEdge>
      <bpmndi:BPMNEdge bpmnElement="sid-e3a3113d-0b5e-4fa3-8e23-0f628b1b4bd8" id="BPMNEdge_sid-e3a3113d-0b5e-4fa3-8e23-0f628b1b4bd8">
        <omgdi:waypoint x="1646.0" y="392.28712871287127"/>
        <omgdi:waypoint x="1783.9922334577948" y="471.53019347081283"/>
      </bpmndi:BPMNEdge>
      <bpmndi:BPMNEdge bpmnElement="sid-4a34d7dd-1131-43a7-93d9-2a5610733561" id="BPMNEdge_sid-4a34d7dd-1131-43a7-93d9-2a5610733561">
        <omgdi:waypoint x="636.0" y="247.0"/>
        <omgdi:waypoint x="736.0" y="247.0"/>
      </bpmndi:BPMNEdge>
      <bpmndi:BPMNEdge bpmnElement="sid-62ab337d-dcd7-4e5e-8bea-384e16692b73" id="BPMNEdge_sid-62ab337d-dcd7-4e5e-8bea-384e16692b73">
        <omgdi:waypoint x="2454.0" y="247.0"/>
        <omgdi:waypoint x="2554.0" y="247.0"/>
      </bpmndi:BPMNEdge>
      <bpmndi:BPMNEdge bpmnElement="sid-dc776928-4e9d-4c98-8b9a-9cbc4bfed787" id="BPMNEdge_sid-dc776928-4e9d-4c98-8b9a-9cbc4bfed787">
        <omgdi:waypoint x="1242.0" y="306.93564356435644"/>
        <omgdi:waypoint x="1342.0" y="344.06435643564356"/>
      </bpmndi:BPMNEdge>
      <bpmndi:BPMNEdge bpmnElement="sid-ddb28bc1-025d-498d-a009-46d4a70f9235" id="BPMNEdge_sid-ddb28bc1-025d-498d-a009-46d4a70f9235">
        <omgdi:waypoint x="2050.0" y="137.56435643564356"/>
        <omgdi:waypoint x="2150.0" y="150.43564356435644"/>
      </bpmndi:BPMNEdge>
      <bpmndi:BPMNEdge bpmnElement="sid-4f5cd215-56cd-452b-863c-2028b7db7c2b" id="BPMNEdge_sid-4f5cd215-56cd-452b-863c-2028b7db7c2b">
        <omgdi:waypoint x="232.0" y="247.0"/>
        <omgdi:waypoint x="332.0" y="247.0"/>
      </bpmndi:BPMNEdge>
      <bpmndi:BPMNEdge bpmnElement="sid-528081be-b450-4a51-9bf2-a57c2a7d7f3a" id="BPMNEdge_sid-528081be-b450-4a51-9bf2-a57c2a7d7f3a">
        <omgdi:waypoint x="838.0" y="228.06435643564356"/>
        <omgdi:waypoint x="938.0" y="190.93564356435644"/>
      </bpmndi:BPMNEdge>
      <bpmndi:BPMNEdge bpmnElement="sid-59d02224-9386-43f2-b9d1-99f0b120152c" id="BPMNEdge_sid-59d02224-9386-43f2-b9d1-99f0b120152c">
        <omgdi:waypoint x="1646.0" y="340.2772277227723"/>
        <omgdi:waypoint x="1746.0" y="295.7227722772277"/>
      </bpmndi:BPMNEdge>
      <bpmndi:BPMNEdge bpmnElement="sid-e13c7c1b-947a-4a3f-90de-95604a50dbe9" id="BPMNEdge_sid-e13c7c1b-947a-4a3f-90de-95604a50dbe9">
        <omgdi:waypoint x="1444.0" y="131.0"/>
        <omgdi:waypoint x="1544.0" y="131.0"/>
      </bpmndi:BPMNEdge>
      <bpmndi:BPMNEdge bpmnElement="sid-f6f294db-e19c-463f-8489-ff7e393ebb3a" id="BPMNEdge_sid-f6f294db-e19c-463f-8489-ff7e393ebb3a">
        <omgdi:waypoint x="2050.0" y="363.0"/>
        <omgdi:waypoint x="2186.0" y="363.0"/>
      </bpmndi:BPMNEdge>
      <bpmndi:BPMNEdge bpmnElement="sid-89634efe-a2f5-44fd-9439-9dfb2638a2b8" id="BPMNEdge_sid-89634efe-a2f5-44fd-9439-9dfb2638a2b8">
        <omgdi:waypoint x="1040.0" y="201.28712871287127"/>
        <omgdi:waypoint x="1140.0" y="258.71287128712873"/>
      </bpmndi:BPMNEdge>
      <bpmndi:BPMNEdge bpmnElement="sid-8643d720-67c2-491b-a705-86fca8070c7f" id="BPMNEdge_sid-8643d720-67c2-491b-a705-86fca8070c7f">
        <omgdi:waypoint x="30.0" y="247.0"/>
        <omgdi:waypoint x="130.0" y="247.0"/>
      </bpmndi:BPMNEdge>
      <bpmndi:BPMNEdge bpmnElement="sid-7cb94edb-4ede-4bd4-93b4-9023a37bce06" id="BPMNEdge_sid-7cb94edb-4ede-4bd4-93b4-9023a37bce06">
        <omgdi:waypoint x="1646.0" y="108.27722772277228"/>
        <omgdi:waypoint x="1746.0" y="63.72277227722772"/>
      </bpmndi:BPMNEdge>
      <bpmndi:BPMNEdge bpmnElement="sid-10449b1f-dd1f-4157-a9b8-fcd2c5020ea6" id="BPMNEdge_sid-10449b1f-dd1f-4157-a9b8-fcd2c5020ea6">
        <omgdi:waypoint x="1040.0" y="142.7128712871287"/>
        <omgdi:waypoint x="1140.0" y="85.2871287128713"/>
      </bpmndi:BPMNEdge>
      <bpmndi:BPMNEdge bpmnElement="sid-28e4c778-4911-4659-a847-1929483ddb60" id="BPMNEdge_sid-28e4c778-4911-4659-a847-1929483ddb60">
        <omgdi:waypoint x="1848.0" y="63.722772277227726"/>
        <omgdi:waypoint x="1948.0" y="108.27722772277227"/>
      </bpmndi:BPMNEdge>
      <bpmndi:BPMNEdge bpmnElement="sid-e92eeee7-ccac-498e-a71f-603eb69b0cbb" id="BPMNEdge_sid-e92eeee7-ccac-498e-a71f-603eb69b0cbb">
        <omgdi:waypoint x="1242.0" y="74.93564356435644"/>
        <omgdi:waypoint x="1342.0" y="112.06435643564356"/>
      </bpmndi:BPMNEdge>
    </bpmndi:BPMNPlane>
  </bpmndi:BPMNDiagram>
</definitions>