<?xml version='1.0' encoding='UTF-8'?>
<definitions xmlns="http://www.omg.org/spec/BPMN/20100524/MODEL" xmlns:xsi="http://www.w3.org/2001/XMLSchema-instance" xmlns:activiti="http://activiti.org/bpmn" xmlns:bpmndi="http://www.omg.org/spec/BPMN/20100524/DI" xmlns:omgdc="http://www.omg.org/spec/DD/20100524/DC" xmlns:omgdi="http://www.omg.org/spec/DD/20100524/DI" typeLanguage="http://www.w3.org/2001/XMLSchema" expressionLanguage="http://www.w3.org/1999/XPath" targetNamespace="http://www.activiti.org/processdef">
  <process id="bpn_comcast_ntbpid" name="bpn_comcast_ntbpid" isExecutable="true">
    <startEvent id="sid-9BC3A21B-1C63-4648-8626-33EB2C2ACAF2"/>
    <userTask id="sid-BEAFCCA8-8812-4FBF-B044-8AFBF64DAE52" name="set the variable count_ntbp to 0"/>
    <sequenceFlow id="sid-AE538B41-0A8A-4A5A-B603-E45C858EDEA2" sourceRef="sid-9BC3A21B-1C63-4648-8626-33EB2C2ACAF2" targetRef="sid-BEAFCCA8-8812-4FBF-B044-8AFBF64DAE52"/>
    <userTask id="sid-AA1F211A-2A17-41AB-A954-3ACDE6D38140" name="ask the user what is the contact's NT ID/BP ID"/>
    <sequenceFlow id="sid-39BD237B-56C5-4E2D-85FB-4DACBFD032AA" sourceRef="sid-BEAFCCA8-8812-4FBF-B044-8AFBF64DAE52" targetRef="sid-AA1F211A-2A17-41AB-A954-3ACDE6D38140"/>
    <userTask id="sid-AC7661C7-6F71-44A2-B846-4F9DF00FB0F4" name="execute the automaton aut_bpid_lookup_ps"/>
    <sequenceFlow id="sid-F8592CBE-D1BD-4185-A756-A33E55D7E187" sourceRef="sid-AA1F211A-2A17-41AB-A954-3ACDE6D38140" targetRef="sid-AC7661C7-6F71-44A2-B846-4F9DF00FB0F4"/>
    <userTask id="sid-170A8868-D6DE-4643-BDC4-39834F13FFA0" name="set the variable count_ntbp to ${count_ntbp+1}"/>
    <userTask id="sid-24B4BC23-62FE-4D70-95E6-8238BD64EC30" name="ask the user whether he would like to reenter the NTID/BPID"/>
    <sequenceFlow id="sid-030A3002-EBCD-4743-83A4-49B154B635BC" name="yes" sourceRef="sid-24B4BC23-62FE-4D70-95E6-8238BD64EC30" targetRef="sid-AA1F211A-2A17-41AB-A954-3ACDE6D38140"/>
    <userTask id="sid-1E2CEE46-3258-4EA2-8E29-2078B5AC0B1E" name="escalate because &quot;the user failed to provide a valid NTID/BPID&quot;"/>
    <endEvent id="sid-2F140F6D-FAC9-498D-AA1B-4CEBE79ECB45"/>
    <sequenceFlow id="sid-5E51D4C9-FC56-4CEC-99B0-AE6DE4F2FD35" sourceRef="sid-1E2CEE46-3258-4EA2-8E29-2078B5AC0B1E" targetRef="sid-2F140F6D-FAC9-498D-AA1B-4CEBE79ECB45"/>
    <sequenceFlow id="sid-AEE961C8-4A11-4AD9-BBA8-D968978281F9" name="no" sourceRef="sid-24B4BC23-62FE-4D70-95E6-8238BD64EC30" targetRef="sid-1E2CEE46-3258-4EA2-8E29-2078B5AC0B1E"/>
    <sequenceFlow id="sid-5CAE79FF-D966-4F60-95C4-46508BA6C5E8" name="${count_ntbp gt 1}" sourceRef="sid-170A8868-D6DE-4643-BDC4-39834F13FFA0" targetRef="sid-1E2CEE46-3258-4EA2-8E29-2078B5AC0B1E"/>
    <userTask id="sid-1860DFDA-7449-4FE4-9E97-E3D297A25060" name="say &quot;I found the NTID/BPID&quot;"/>
    <userTask id="sid-7DED6307-1C19-4703-9743-689252D9A51A" name="ask what is the contact's phone number"/>
    <userTask id="sid-85A5690F-C0C9-4B3C-8352-44C0638C403F" name="Ask what the contact's email is"/>
    <endEvent id="sid-DAF25B46-9E70-4605-8730-B1E66CF3EBAE"/>
    <endEvent id="sid-FF6CE594-D9C2-47AB-B677-5B08FD574E05"/>
    <sequenceFlow id="sid-AE8B1130-9F08-4D96-94E2-AF6DA6482A73" sourceRef="sid-7DED6307-1C19-4703-9743-689252D9A51A" targetRef="sid-3B1C8550-AD6E-4CD7-9D93-FCF5FA2020A3"/>
    <userTask id="sid-A0705326-52BD-4F0A-A392-D41BE8040B41" name="say &quot;I have found the contact's phone number&quot;"/>
    <sequenceFlow id="sid-1C59C91A-66FE-41C2-97DD-EA69BEA14632" name="else" sourceRef="sid-A0705326-52BD-4F0A-A392-D41BE8040B41" targetRef="sid-FF6CE594-D9C2-47AB-B677-5B08FD574E05"/>
    <userTask id="sid-3B1C8550-AD6E-4CD7-9D93-FCF5FA2020A3" name="set the variable donothing to donothing"/>
    <sequenceFlow id="sid-E9230DF6-C609-46BA-A297-3806B2CBEE32" name="else" sourceRef="sid-3B1C8550-AD6E-4CD7-9D93-FCF5FA2020A3" targetRef="sid-DAF25B46-9E70-4605-8730-B1E66CF3EBAE"/>
    <userTask id="sid-E66281FB-73E2-46CF-951D-B368407CE7F6" name="say &quot;I couldn't find the NTID/BPID&quot;"/>
    <sequenceFlow id="sid-42E97992-09E2-4553-AD71-AD71E5056C70" sourceRef="sid-E66281FB-73E2-46CF-951D-B368407CE7F6" targetRef="sid-24B4BC23-62FE-4D70-95E6-8238BD64EC30"/>
    <sequenceFlow id="sid-623A4C25-2F62-4A61-93C8-14E950CEB8FD" name="else" sourceRef="sid-170A8868-D6DE-4643-BDC4-39834F13FFA0" targetRef="sid-E66281FB-73E2-46CF-951D-B368407CE7F6"/>
    <sequenceFlow id="sid-B6F5766D-CD8D-4529-964D-AA46256C591B" name="${contact_email == &quot;not applicable&quot;}" sourceRef="sid-3B1C8550-AD6E-4CD7-9D93-FCF5FA2020A3" targetRef="sid-85A5690F-C0C9-4B3C-8352-44C0638C403F"/>
    <sequenceFlow id="sid-AE8859E8-7297-4E4A-A6EE-0F98966DC59B" name="${contact_email == &quot;not applicable&quot;}" sourceRef="sid-A0705326-52BD-4F0A-A392-D41BE8040B41" targetRef="sid-85A5690F-C0C9-4B3C-8352-44C0638C403F"/>
    <userTask id="sid-7CE73848-B31D-43E9-B539-6EC2C172E364" name="say &quot;The NTID/BPID is disabled, this is a security breach&quot;"/>
    <userTask id="sid-D8401566-580A-4C25-9837-43AE7F6B2A22" name="escalate because &quot;the user provided a disabled NTID/BPID&quot;"/>
    <sequenceFlow id="sid-A5C8DAA8-C8B6-41F4-9304-C05A46E79AD7" sourceRef="sid-7CE73848-B31D-43E9-B539-6EC2C172E364" targetRef="sid-D8401566-580A-4C25-9837-43AE7F6B2A22"/>
    <endEvent id="sid-54E4F9B6-3EC1-4807-92B2-23A79FC9B73B"/>
    <sequenceFlow id="sid-1F1803D3-B576-4C7E-A392-AD6BCE5D4CD7" sourceRef="sid-D8401566-580A-4C25-9837-43AE7F6B2A22" targetRef="sid-54E4F9B6-3EC1-4807-92B2-23A79FC9B73B"/>
    <sequenceFlow id="sid-FCBD7CE2-4823-4166-9CC7-6DCDA6C4BD5C" name="else" sourceRef="sid-AC7661C7-6F71-44A2-B846-4F9DF00FB0F4" targetRef="sid-170A8868-D6DE-4643-BDC4-39834F13FFA0"/>
    <sequenceFlow id="sid-4EBEF832-31F0-4A8E-A3F1-462E87A0C2D7" name="${disabled == 0 &amp;&amp; result ==1}" sourceRef="sid-AC7661C7-6F71-44A2-B846-4F9DF00FB0F4" targetRef="sid-1860DFDA-7449-4FE4-9E97-E3D297A25060"/>
    <sequenceFlow id="sid-8392F5B2-B9D1-4DF2-BEBD-5903F9345A27" name="${disabled == 1 &amp;&amp; result ==1}" sourceRef="sid-AC7661C7-6F71-44A2-B846-4F9DF00FB0F4" targetRef="sid-7CE73848-B31D-43E9-B539-6EC2C172E364"/>
    <sequenceFlow id="sid-9F6C678C-3954-428F-8B57-3C7592A5CE55" sourceRef="sid-85A5690F-C0C9-4B3C-8352-44C0638C403F" targetRef="sid-DAF25B46-9E70-4605-8730-B1E66CF3EBAE"/>
    <userTask id="sid-A6DC73AC-8668-445C-BEF3-FB660C9782BE" name="set the variable noop to noop"/>
    <sequenceFlow id="sid-A854CF53-C7B7-43E6-BBF8-4C4E8B91AF3B" sourceRef="sid-1860DFDA-7449-4FE4-9E97-E3D297A25060" targetRef="sid-A6DC73AC-8668-445C-BEF3-FB660C9782BE"/>
    <sequenceFlow id="sid-6E9BC947-087A-429C-A606-35A515032455" name="${contact_number == &quot;not applicable&quot;}" sourceRef="sid-A6DC73AC-8668-445C-BEF3-FB660C9782BE" targetRef="sid-7DED6307-1C19-4703-9743-689252D9A51A"/>
    <sequenceFlow id="sid-5A6515C3-30A0-4282-B96E-84945BF412E4" name="else" sourceRef="sid-A6DC73AC-8668-445C-BEF3-FB660C9782BE" targetRef="sid-A0705326-52BD-4F0A-A392-D41BE8040B41"/>
  </process>
  <bpmndi:BPMNDiagram id="BPMNDiagram_bpn_comcast_ntbpid">
    <bpmndi:BPMNPlane bpmnElement="bpn_comcast_ntbpid" id="BPMNPlane_bpn_comcast_ntbpid">
      <bpmndi:BPMNShape bpmnElement="sid-9BC3A21B-1C63-4648-8626-33EB2C2ACAF2" id="BPMNShape_sid-9BC3A21B-1C63-4648-8626-33EB2C2ACAF2">
        <omgdc:Bounds height="30.0" width="30.0" x="58.0" y="113.0"/>
      </bpmndi:BPMNShape>
      <bpmndi:BPMNShape bpmnElement="sid-BEAFCCA8-8812-4FBF-B044-8AFBF64DAE52" id="BPMNShape_sid-BEAFCCA8-8812-4FBF-B044-8AFBF64DAE52">
        <omgdc:Bounds height="80.0" width="100.0" x="133.0" y="88.0"/>
      </bpmndi:BPMNShape>
      <bpmndi:BPMNShape bpmnElement="sid-AA1F211A-2A17-41AB-A954-3ACDE6D38140" id="BPMNShape_sid-AA1F211A-2A17-41AB-A954-3ACDE6D38140">
        <omgdc:Bounds height="80.0" width="100.0" x="278.0" y="88.0"/>
      </bpmndi:BPMNShape>
      <bpmndi:BPMNShape bpmnElement="sid-AC7661C7-6F71-44A2-B846-4F9DF00FB0F4" id="BPMNShape_sid-AC7661C7-6F71-44A2-B846-4F9DF00FB0F4">
        <omgdc:Bounds height="80.0" width="100.0" x="690.0" y="88.0"/>
      </bpmndi:BPMNShape>
      <bpmndi:BPMNShape bpmnElement="sid-170A8868-D6DE-4643-BDC4-39834F13FFA0" id="BPMNShape_sid-170A8868-D6DE-4643-BDC4-39834F13FFA0">
        <omgdc:Bounds height="80.0" width="100.0" x="690.0" y="212.0"/>
      </bpmndi:BPMNShape>
      <bpmndi:BPMNShape bpmnElement="sid-24B4BC23-62FE-4D70-95E6-8238BD64EC30" id="BPMNShape_sid-24B4BC23-62FE-4D70-95E6-8238BD64EC30">
        <omgdc:Bounds height="80.0" width="100.0" x="405.0" y="212.0"/>
      </bpmndi:BPMNShape>
      <bpmndi:BPMNShape bpmnElement="sid-1E2CEE46-3258-4EA2-8E29-2078B5AC0B1E" id="BPMNShape_sid-1E2CEE46-3258-4EA2-8E29-2078B5AC0B1E">
        <omgdc:Bounds height="80.0" width="100.0" x="320.0" y="345.0"/>
      </bpmndi:BPMNShape>
      <bpmndi:BPMNShape bpmnElement="sid-2F140F6D-FAC9-498D-AA1B-4CEBE79ECB45" id="BPMNShape_sid-2F140F6D-FAC9-498D-AA1B-4CEBE79ECB45">
        <omgdc:Bounds height="28.0" width="28.0" x="240.0" y="371.0"/>
      </bpmndi:BPMNShape>
      <bpmndi:BPMNShape bpmnElement="sid-1860DFDA-7449-4FE4-9E97-E3D297A25060" id="BPMNShape_sid-1860DFDA-7449-4FE4-9E97-E3D297A25060">
        <omgdc:Bounds height="80.0" width="100.0" x="975.0" y="88.0"/>
      </bpmndi:BPMNShape>
      <bpmndi:BPMNShape bpmnElement="sid-7DED6307-1C19-4703-9743-689252D9A51A" id="BPMNShape_sid-7DED6307-1C19-4703-9743-689252D9A51A">
        <omgdc:Bounds height="80.0" width="100.0" x="1440.0" y="0.0"/>
      </bpmndi:BPMNShape>
      <bpmndi:BPMNShape bpmnElement="sid-85A5690F-C0C9-4B3C-8352-44C0638C403F" id="BPMNShape_sid-85A5690F-C0C9-4B3C-8352-44C0638C403F">
        <omgdc:Bounds height="80.0" width="100.0" x="1590.0" y="660.0"/>
      </bpmndi:BPMNShape>
      <bpmndi:BPMNShape bpmnElement="sid-DAF25B46-9E70-4605-8730-B1E66CF3EBAE" id="BPMNShape_sid-DAF25B46-9E70-4605-8730-B1E66CF3EBAE">
        <omgdc:Bounds height="28.0" width="28.0" x="1740.0" y="26.0"/>
      </bpmndi:BPMNShape>
      <bpmndi:BPMNShape bpmnElement="sid-FF6CE594-D9C2-47AB-B677-5B08FD574E05" id="BPMNShape_sid-FF6CE594-D9C2-47AB-B677-5B08FD574E05">
        <omgdc:Bounds height="28.0" width="28.0" x="1440.0" y="114.0"/>
      </bpmndi:BPMNShape>
      <bpmndi:BPMNShape bpmnElement="sid-A0705326-52BD-4F0A-A392-D41BE8040B41" id="BPMNShape_sid-A0705326-52BD-4F0A-A392-D41BE8040B41">
        <omgdc:Bounds height="80.0" width="100.0" x="1260.0" y="88.0"/>
      </bpmndi:BPMNShape>
      <bpmndi:BPMNShape bpmnElement="sid-3B1C8550-AD6E-4CD7-9D93-FCF5FA2020A3" id="BPMNShape_sid-3B1C8550-AD6E-4CD7-9D93-FCF5FA2020A3">
        <omgdc:Bounds height="80.0" width="100.0" x="1590.0" y="0.0"/>
      </bpmndi:BPMNShape>
      <bpmndi:BPMNShape bpmnElement="sid-E66281FB-73E2-46CF-951D-B368407CE7F6" id="BPMNShape_sid-E66281FB-73E2-46CF-951D-B368407CE7F6">
        <omgdc:Bounds height="80.0" width="100.0" x="540.0" y="212.0"/>
      </bpmndi:BPMNShape>
      <bpmndi:BPMNShape bpmnElement="sid-7CE73848-B31D-43E9-B539-6EC2C172E364" id="BPMNShape_sid-7CE73848-B31D-43E9-B539-6EC2C172E364">
        <omgdc:Bounds height="80.0" width="100.0" x="960.0" y="315.0"/>
      </bpmndi:BPMNShape>
      <bpmndi:BPMNShape bpmnElement="sid-D8401566-580A-4C25-9837-43AE7F6B2A22" id="BPMNShape_sid-D8401566-580A-4C25-9837-43AE7F6B2A22">
        <omgdc:Bounds height="80.0" width="100.0" x="960.0" y="465.0"/>
      </bpmndi:BPMNShape>
      <bpmndi:BPMNShape bpmnElement="sid-54E4F9B6-3EC1-4807-92B2-23A79FC9B73B" id="BPMNShape_sid-54E4F9B6-3EC1-4807-92B2-23A79FC9B73B">
        <omgdc:Bounds height="28.0" width="28.0" x="996.0" y="615.0"/>
      </bpmndi:BPMNShape>
      <bpmndi:BPMNShape bpmnElement="sid-A6DC73AC-8668-445C-BEF3-FB660C9782BE" id="BPMNShape_sid-A6DC73AC-8668-445C-BEF3-FB660C9782BE">
        <omgdc:Bounds height="80.0" width="100.0" x="1120.0" y="88.0"/>
      </bpmndi:BPMNShape>
      <bpmndi:BPMNEdge bpmnElement="sid-42E97992-09E2-4553-AD71-AD71E5056C70" id="BPMNEdge_sid-42E97992-09E2-4553-AD71-AD71E5056C70">
        <omgdi:waypoint x="540.0" y="252.0"/>
        <omgdi:waypoint x="505.0" y="252.0"/>
      </bpmndi:BPMNEdge>
      <bpmndi:BPMNEdge bpmnElement="sid-FCBD7CE2-4823-4166-9CC7-6DCDA6C4BD5C" id="BPMNEdge_sid-FCBD7CE2-4823-4166-9CC7-6DCDA6C4BD5C">
        <omgdi:waypoint x="740.0" y="168.0"/>
        <omgdi:waypoint x="740.0" y="212.0"/>
      </bpmndi:BPMNEdge>
      <bpmndi:BPMNEdge bpmnElement="sid-AE8859E8-7297-4E4A-A6EE-0F98966DC59B" id="BPMNEdge_sid-AE8859E8-7297-4E4A-A6EE-0F98966DC59B">
        <omgdi:waypoint x="1310.0" y="168.0"/>
        <omgdi:waypoint x="1310.0" y="700.0"/>
        <omgdi:waypoint x="1590.0" y="700.0"/>
      </bpmndi:BPMNEdge>
      <bpmndi:BPMNEdge bpmnElement="sid-1C59C91A-66FE-41C2-97DD-EA69BEA14632" id="BPMNEdge_sid-1C59C91A-66FE-41C2-97DD-EA69BEA14632">
        <omgdi:waypoint x="1360.0" y="128.0"/>
        <omgdi:waypoint x="1440.0" y="128.0"/>
      </bpmndi:BPMNEdge>
      <bpmndi:BPMNEdge bpmnElement="sid-9F6C678C-3954-428F-8B57-3C7592A5CE55" id="BPMNEdge_sid-9F6C678C-3954-428F-8B57-3C7592A5CE55">
        <omgdi:waypoint x="1646.909090909091" y="660.0"/>
        <omgdi:waypoint x="1751.6171034492804" y="53.79571687258655"/>
      </bpmndi:BPMNEdge>
      <bpmndi:BPMNEdge bpmnElement="sid-F8592CBE-D1BD-4185-A756-A33E55D7E187" id="BPMNEdge_sid-F8592CBE-D1BD-4185-A756-A33E55D7E187">
        <omgdi:waypoint x="378.0" y="128.0"/>
        <omgdi:waypoint x="690.0" y="128.0"/>
      </bpmndi:BPMNEdge>
      <bpmndi:BPMNEdge bpmnElement="sid-AE8B1130-9F08-4D96-94E2-AF6DA6482A73" id="BPMNEdge_sid-AE8B1130-9F08-4D96-94E2-AF6DA6482A73">
        <omgdi:waypoint x="1540.0" y="40.0"/>
        <omgdi:waypoint x="1590.0" y="40.0"/>
      </bpmndi:BPMNEdge>
      <bpmndi:BPMNEdge bpmnElement="sid-4EBEF832-31F0-4A8E-A3F1-462E87A0C2D7" id="BPMNEdge_sid-4EBEF832-31F0-4A8E-A3F1-462E87A0C2D7">
        <omgdi:waypoint x="790.0" y="128.0"/>
        <omgdi:waypoint x="975.0" y="128.0"/>
      </bpmndi:BPMNEdge>
      <bpmndi:BPMNEdge bpmnElement="sid-6E9BC947-087A-429C-A606-35A515032455" id="BPMNEdge_sid-6E9BC947-087A-429C-A606-35A515032455">
        <omgdi:waypoint x="1170.0" y="88.0"/>
        <omgdi:waypoint x="1170.0" y="40.0"/>
        <omgdi:waypoint x="1440.0" y="40.0"/>
      </bpmndi:BPMNEdge>
      <bpmndi:BPMNEdge bpmnElement="sid-AEE961C8-4A11-4AD9-BBA8-D968978281F9" id="BPMNEdge_sid-AEE961C8-4A11-4AD9-BBA8-D968978281F9">
        <omgdi:waypoint x="455.0" y="292.0"/>
        <omgdi:waypoint x="455.0" y="385.0"/>
        <omgdi:waypoint x="420.0" y="385.0"/>
      </bpmndi:BPMNEdge>
      <bpmndi:BPMNEdge bpmnElement="sid-E9230DF6-C609-46BA-A297-3806B2CBEE32" id="BPMNEdge_sid-E9230DF6-C609-46BA-A297-3806B2CBEE32">
        <omgdi:waypoint x="1690.0" y="40.0"/>
        <omgdi:waypoint x="1740.0" y="40.0"/>
      </bpmndi:BPMNEdge>
      <bpmndi:BPMNEdge bpmnElement="sid-8392F5B2-B9D1-4DF2-BEBD-5903F9345A27" id="BPMNEdge_sid-8392F5B2-B9D1-4DF2-BEBD-5903F9345A27">
        <omgdi:waypoint x="787.5770925110132" y="168.0"/>
        <omgdi:waypoint x="962.4229074889868" y="315.0"/>
      </bpmndi:BPMNEdge>
      <bpmndi:BPMNEdge bpmnElement="sid-39BD237B-56C5-4E2D-85FB-4DACBFD032AA" id="BPMNEdge_sid-39BD237B-56C5-4E2D-85FB-4DACBFD032AA">
        <omgdi:waypoint x="233.0" y="128.0"/>
        <omgdi:waypoint x="278.0" y="128.0"/>
      </bpmndi:BPMNEdge>
      <bpmndi:BPMNEdge bpmnElement="sid-A5C8DAA8-C8B6-41F4-9304-C05A46E79AD7" id="BPMNEdge_sid-A5C8DAA8-C8B6-41F4-9304-C05A46E79AD7">
        <omgdi:waypoint x="1010.0" y="395.0"/>
        <omgdi:waypoint x="1010.0" y="465.0"/>
      </bpmndi:BPMNEdge>
      <bpmndi:BPMNEdge bpmnElement="sid-623A4C25-2F62-4A61-93C8-14E950CEB8FD" id="BPMNEdge_sid-623A4C25-2F62-4A61-93C8-14E950CEB8FD">
        <omgdi:waypoint x="690.0" y="252.0"/>
        <omgdi:waypoint x="640.0" y="252.0"/>
      </bpmndi:BPMNEdge>
      <bpmndi:BPMNEdge bpmnElement="sid-030A3002-EBCD-4743-83A4-49B154B635BC" id="BPMNEdge_sid-030A3002-EBCD-4743-83A4-49B154B635BC">
        <omgdi:waypoint x="405.0" y="252.0"/>
        <omgdi:waypoint x="328.0" y="252.0"/>
        <omgdi:waypoint x="328.0" y="168.0"/>
      </bpmndi:BPMNEdge>
      <bpmndi:BPMNEdge bpmnElement="sid-B6F5766D-CD8D-4529-964D-AA46256C591B" id="BPMNEdge_sid-B6F5766D-CD8D-4529-964D-AA46256C591B">
        <omgdi:waypoint x="1640.0" y="80.0"/>
        <omgdi:waypoint x="1640.0" y="660.0"/>
      </bpmndi:BPMNEdge>
      <bpmndi:BPMNEdge bpmnElement="sid-5CAE79FF-D966-4F60-95C4-46508BA6C5E8" id="BPMNEdge_sid-5CAE79FF-D966-4F60-95C4-46508BA6C5E8">
        <omgdi:waypoint x="740.0" y="292.0"/>
        <omgdi:waypoint x="740.0" y="462.0"/>
        <omgdi:waypoint x="370.0" y="462.0"/>
        <omgdi:waypoint x="370.0" y="425.0"/>
      </bpmndi:BPMNEdge>
      <bpmndi:BPMNEdge bpmnElement="sid-AE538B41-0A8A-4A5A-B603-E45C858EDEA2" id="BPMNEdge_sid-AE538B41-0A8A-4A5A-B603-E45C858EDEA2">
        <omgdi:waypoint x="88.0" y="128.0"/>
        <omgdi:waypoint x="133.0" y="128.0"/>
      </bpmndi:BPMNEdge>
      <bpmndi:BPMNEdge bpmnElement="sid-5E51D4C9-FC56-4CEC-99B0-AE6DE4F2FD35" id="BPMNEdge_sid-5E51D4C9-FC56-4CEC-99B0-AE6DE4F2FD35">
        <omgdi:waypoint x="320.0" y="385.0"/>
        <omgdi:waypoint x="268.0" y="385.0"/>
      </bpmndi:BPMNEdge>
      <bpmndi:BPMNEdge bpmnElement="sid-1F1803D3-B576-4C7E-A392-AD6BCE5D4CD7" id="BPMNEdge_sid-1F1803D3-B576-4C7E-A392-AD6BCE5D4CD7">
        <omgdi:waypoint x="1010.0" y="545.0"/>
        <omgdi:waypoint x="1010.0" y="615.0"/>
      </bpmndi:BPMNEdge>
      <bpmndi:BPMNEdge bpmnElement="sid-5A6515C3-30A0-4282-B96E-84945BF412E4" id="BPMNEdge_sid-5A6515C3-30A0-4282-B96E-84945BF412E4">
        <omgdi:waypoint x="1220.0" y="128.0"/>
        <omgdi:waypoint x="1260.0" y="128.0"/>
      </bpmndi:BPMNEdge>
      <bpmndi:BPMNEdge bpmnElement="sid-A854CF53-C7B7-43E6-BBF8-4C4E8B91AF3B" id="BPMNEdge_sid-A854CF53-C7B7-43E6-BBF8-4C4E8B91AF3B">
        <omgdi:waypoint x="1075.0" y="128.0"/>
        <omgdi:waypoint x="1120.0" y="128.0"/>
      </bpmndi:BPMNEdge>
    </bpmndi:BPMNPlane>
  </bpmndi:BPMNDiagram>
</definitions>