<?xml version='1.0' encoding='UTF-8'?>
<definitions xmlns="http://www.omg.org/spec/BPMN/20100524/MODEL" xmlns:xsi="http://www.w3.org/2001/XMLSchema-instance" xmlns:activiti="http://activiti.org/bpmn" xmlns:bpmndi="http://www.omg.org/spec/BPMN/20100524/DI" xmlns:omgdc="http://www.omg.org/spec/DD/20100524/DC" xmlns:omgdi="http://www.omg.org/spec/DD/20100524/DI" typeLanguage="http://www.w3.org/2001/XMLSchema" expressionLanguage="http://www.w3.org/1999/XPath" targetNamespace="http://www.activiti.org/processdef">
  <process id="bpn_comcast_comtrac_unlock_reset" name="bpn_comcast_comtrac_unlock_reset" isExecutable="true">
    <startEvent id="sid-605DD2CB-ABA2-40B3-8280-414DBDD3741D"/>
    <userTask id="sid-A869E8AD-5C84-41FD-85AA-B223C6DCB199" name="say I will be happy to assist you with your Comtrac unlock request"/>
    <sequenceFlow id="sid-0ED26327-4D85-4CFF-BCEC-3C07988C1760" sourceRef="sid-605DD2CB-ABA2-40B3-8280-414DBDD3741D" targetRef="sid-A869E8AD-5C84-41FD-85AA-B223C6DCB199"/>
    <userTask id="sid-74EAC75F-C45B-4EEE-A12B-F18D8AF997C1" name="ask what is the comtrac_id"/>
    <userTask id="sid-61752C4E-CC06-42A7-A410-0729EF3AF57A" name="ask what is the type of request"/>
    <sequenceFlow id="sid-7934885E-E5B1-4756-A9C8-07F9A3D1C856" sourceRef="sid-74EAC75F-C45B-4EEE-A12B-F18D8AF997C1" targetRef="sid-61752C4E-CC06-42A7-A410-0729EF3AF57A"/>
    <userTask id="sid-D24BA13E-D621-4E99-8EA4-45BDD9DFE726" name="execute the automaton aut_comtract_unlock_reset_tkt"/>
    <userTask id="sid-2C7D8995-54C5-4536-B033-064B4AAD8C63" name="execute the automaton aut_comtract_unlock"/>
    <endEvent id="sid-90DD3B70-D33F-4467-840E-BD2CAB8647C9"/>
    <userTask id="sid-AFCA0895-0E81-48DB-972A-FAFA51E37824" name="say I created a ticket and I will now unlock the user's account"/>
    <sequenceFlow id="sid-77A764BA-1D35-49F6-85E5-32D1D704CC32" sourceRef="sid-D24BA13E-D621-4E99-8EA4-45BDD9DFE726" targetRef="sid-AFCA0895-0E81-48DB-972A-FAFA51E37824"/>
    <userTask id="sid-8BFAC07B-0546-4C98-A962-2305F1AD1A52" name="say Comtrac Unlock: ${errorMessage}"/>
    <sequenceFlow id="sid-3EC837F8-5736-409E-843D-1A58CA6B1FCA" sourceRef="sid-8BFAC07B-0546-4C98-A962-2305F1AD1A52" targetRef="sid-90DD3B70-D33F-4467-840E-BD2CAB8647C9"/>
    <userTask id="sid-A0D584DB-D912-411F-8883-D0B8D318224C" name="set the variable ticket_id to &quot;_ticket_&quot;"/>
    <userTask id="sid-690C1C56-E59A-429F-9302-60265DB2292B" name="set the variable first_post to &quot;_ticket_&quot;"/>
    <sequenceFlow id="sid-F9ABB291-FFF1-4D77-B314-6156B08EB12B" sourceRef="sid-A0D584DB-D912-411F-8883-D0B8D318224C" targetRef="sid-690C1C56-E59A-429F-9302-60265DB2292B"/>
    <userTask id="sid-6F93BFCF-84A3-4EAB-A0FA-B518B68184EC" name="say I am gathering the data to run the automaton"/>
    <sequenceFlow id="sid-FB674A27-F797-4123-B964-3A96AD5D51F8" sourceRef="sid-690C1C56-E59A-429F-9302-60265DB2292B" targetRef="sid-6F93BFCF-84A3-4EAB-A0FA-B518B68184EC"/>
    <sequenceFlow id="sid-F8D2F4C6-EFDA-4A88-80A1-51080A64A8F2" sourceRef="sid-6F93BFCF-84A3-4EAB-A0FA-B518B68184EC" targetRef="sid-2C7D8995-54C5-4536-B033-064B4AAD8C63"/>
    <sequenceFlow id="sid-F568FE27-5EDA-4152-8D33-605E0B4DE418" sourceRef="sid-A869E8AD-5C84-41FD-85AA-B223C6DCB199" targetRef="sid-74EAC75F-C45B-4EEE-A12B-F18D8AF997C1"/>
    <userTask id="sid-00457489-31FC-49BE-B773-B4BEAD2A5BD1" name="set the variable requested_response to email"/>
    <sequenceFlow id="sid-764A7E27-0BC1-40CD-9D99-86BF7DC8A4DC" sourceRef="sid-A0842B68-B6BC-40A0-AB94-8F4B8980F36F" targetRef="sid-00457489-31FC-49BE-B773-B4BEAD2A5BD1"/>
    <sequenceFlow id="sid-478CC5EB-0631-4A8D-9BC7-0B1464A3AEF1" sourceRef="sid-00457489-31FC-49BE-B773-B4BEAD2A5BD1" targetRef="sid-D24BA13E-D621-4E99-8EA4-45BDD9DFE726"/>
    <userTask id="sid-130F6E8A-23F7-4848-BA90-1937253F9635" name="say Ticket Number: ${radarTicketId}"/>
    <sequenceFlow id="sid-E10D09C3-25D3-4BF1-84E9-0CEA6622A7A1" sourceRef="sid-AFCA0895-0E81-48DB-972A-FAFA51E37824" targetRef="sid-130F6E8A-23F7-4848-BA90-1937253F9635"/>
    <sequenceFlow id="sid-96F8FE7C-5548-453F-A185-A10DCBC44343" sourceRef="sid-130F6E8A-23F7-4848-BA90-1937253F9635" targetRef="sid-A0D584DB-D912-411F-8883-D0B8D318224C"/>
    <userTask id="sid-A0842B68-B6BC-40A0-AB94-8F4B8980F36F" name="run the workflow bpn_comcast_ntbpid"/>
    <sequenceFlow id="sid-B2976343-FD8B-4EBF-AF50-5336E1F4046F" name="else" sourceRef="sid-2C7D8995-54C5-4536-B033-064B4AAD8C63" targetRef="sid-8BFAC07B-0546-4C98-A962-2305F1AD1A52"/>
    <userTask id="sid-8608CCDF-C08F-4095-B13A-0EA3FED0B0C8" name="say Comtrac Session Closed: ${errorMessage}"/>
    <userTask id="sid-22302510-41F7-416B-B93F-3114F0A00B40" name="ask the user whether the user can login"/>
    <endEvent id="sid-C1E0DAF2-038B-4FAF-B639-8D36C2A36AB4"/>
    <sequenceFlow id="sid-A8A77DA7-8304-4A22-83A5-0B8D456DACC5" name="yes" sourceRef="sid-22302510-41F7-416B-B93F-3114F0A00B40" targetRef="sid-C1E0DAF2-038B-4FAF-B639-8D36C2A36AB4"/>
    <userTask id="sid-0DF1DEE5-AD55-44D5-A2BD-914A371545FB" name="say &quot;Please delete the browsing history (Tools> Internet options> Browsing history>Delete>Delete all) and then, close all the active IE pages. these steps.&quot;"/>
    <userTask id="sid-478547E1-ADFC-458E-B391-2AE70BC46E8E" name="ask the user whether the user wants to close the session again"/>
    <sequenceFlow id="sid-8E39640F-F0D2-4F93-95DE-092489352823" sourceRef="sid-0DF1DEE5-AD55-44D5-A2BD-914A371545FB" targetRef="sid-478547E1-ADFC-458E-B391-2AE70BC46E8E"/>
    <userTask id="sid-2FAB0993-8514-47D4-8957-9D18D5C1204E" name="set the variable countclose to ${countclose+1}"/>
    <sequenceFlow id="sid-5F0F3F23-0B62-41C0-9AD1-A8EFB8EA926B" name="no" sourceRef="sid-22302510-41F7-416B-B93F-3114F0A00B40" targetRef="sid-2FAB0993-8514-47D4-8957-9D18D5C1204E"/>
    <userTask id="sid-121CA4B9-2386-4F43-94BB-A9CB004AC792" name="set the variable countclose to 0"/>
    <sequenceFlow id="sid-FE3B591B-BA1A-4F6E-B621-21583B69E9FE" sourceRef="sid-8608CCDF-C08F-4095-B13A-0EA3FED0B0C8" targetRef="sid-121CA4B9-2386-4F43-94BB-A9CB004AC792"/>
    <sequenceFlow id="sid-D89EB76B-8AA2-4801-9E3E-8D2605AF3FD1" sourceRef="sid-121CA4B9-2386-4F43-94BB-A9CB004AC792" targetRef="sid-22302510-41F7-416B-B93F-3114F0A00B40"/>
    <sequenceFlow id="sid-3E28FECE-C610-4684-866E-F3F4CA7ACF84" name="else" sourceRef="sid-2FAB0993-8514-47D4-8957-9D18D5C1204E" targetRef="sid-0DF1DEE5-AD55-44D5-A2BD-914A371545FB"/>
    <userTask id="sid-39D9D595-6D5A-42D2-B3FA-5D9CF69E3560" name="escalate because &quot;the Comtrac ID ${comtrac_id} could not be unlocked or reset due to the error: ${errorMessage}&quot;"/>
    <endEvent id="sid-BF50ED0D-EB1D-436A-A5C5-412246B08027"/>
    <sequenceFlow id="sid-184723B3-12A7-44B6-8857-87A1FCD15106" sourceRef="sid-39D9D595-6D5A-42D2-B3FA-5D9CF69E3560" targetRef="sid-BF50ED0D-EB1D-436A-A5C5-412246B08027"/>
    <sequenceFlow id="sid-C82B0234-4718-4121-BDE7-9D249FC59C7C" name="${countclose gt 1}" sourceRef="sid-2FAB0993-8514-47D4-8957-9D18D5C1204E" targetRef="sid-39D9D595-6D5A-42D2-B3FA-5D9CF69E3560"/>
    <sequenceFlow id="sid-7C3EDFD9-27A8-4909-9EF6-062A6D18AA9D" name="no" sourceRef="sid-478547E1-ADFC-458E-B391-2AE70BC46E8E" targetRef="sid-39D9D595-6D5A-42D2-B3FA-5D9CF69E3560"/>
    <sequenceFlow id="sid-F8A13F8F-04F7-4FBB-AD2A-B1BDAB1A8D94" name="yes" sourceRef="sid-478547E1-ADFC-458E-B391-2AE70BC46E8E" targetRef="sid-2C7D8995-54C5-4536-B033-064B4AAD8C63"/>
    <sequenceFlow id="sid-48C418E2-5ECB-41BC-A567-FE3CBCBFC78E" name="${session eq 1}" sourceRef="sid-2C7D8995-54C5-4536-B033-064B4AAD8C63" targetRef="sid-8608CCDF-C08F-4095-B13A-0EA3FED0B0C8"/>
    <sequenceFlow id="sid-625EA492-C4B9-40C1-8431-01ABD0945673" name="unlock, password reset, close the session" sourceRef="sid-61752C4E-CC06-42A7-A410-0729EF3AF57A" targetRef="sid-A0842B68-B6BC-40A0-AB94-8F4B8980F36F"/>
  </process>
  <bpmndi:BPMNDiagram id="BPMNDiagram_bpn_comcast_comtrac_unlock_reset">
    <bpmndi:BPMNPlane bpmnElement="bpn_comcast_comtrac_unlock_reset" id="BPMNPlane_bpn_comcast_comtrac_unlock_reset">
      <bpmndi:BPMNShape bpmnElement="sid-605DD2CB-ABA2-40B3-8280-414DBDD3741D" id="BPMNShape_sid-605DD2CB-ABA2-40B3-8280-414DBDD3741D">
        <omgdc:Bounds height="30.0" width="30.0" x="105.0" y="85.0"/>
      </bpmndi:BPMNShape>
      <bpmndi:BPMNShape bpmnElement="sid-A869E8AD-5C84-41FD-85AA-B223C6DCB199" id="BPMNShape_sid-A869E8AD-5C84-41FD-85AA-B223C6DCB199">
        <omgdc:Bounds height="80.0" width="100.0" x="180.0" y="60.0"/>
      </bpmndi:BPMNShape>
      <bpmndi:BPMNShape bpmnElement="sid-74EAC75F-C45B-4EEE-A12B-F18D8AF997C1" id="BPMNShape_sid-74EAC75F-C45B-4EEE-A12B-F18D8AF997C1">
        <omgdc:Bounds height="80.0" width="100.0" x="330.0" y="60.0"/>
      </bpmndi:BPMNShape>
      <bpmndi:BPMNShape bpmnElement="sid-61752C4E-CC06-42A7-A410-0729EF3AF57A" id="BPMNShape_sid-61752C4E-CC06-42A7-A410-0729EF3AF57A">
        <omgdc:Bounds height="80.0" width="100.0" x="495.0" y="60.0"/>
      </bpmndi:BPMNShape>
      <bpmndi:BPMNShape bpmnElement="sid-D24BA13E-D621-4E99-8EA4-45BDD9DFE726" id="BPMNShape_sid-D24BA13E-D621-4E99-8EA4-45BDD9DFE726">
        <omgdc:Bounds height="80.0" width="100.0" x="1326.0" y="60.0"/>
      </bpmndi:BPMNShape>
      <bpmndi:BPMNShape bpmnElement="sid-2C7D8995-54C5-4536-B033-064B4AAD8C63" id="BPMNShape_sid-2C7D8995-54C5-4536-B033-064B4AAD8C63">
        <omgdc:Bounds height="80.0" width="100.0" x="360.0" y="180.0"/>
      </bpmndi:BPMNShape>
      <bpmndi:BPMNShape bpmnElement="sid-90DD3B70-D33F-4467-840E-BD2CAB8647C9" id="BPMNShape_sid-90DD3B70-D33F-4467-840E-BD2CAB8647C9">
        <omgdc:Bounds height="28.0" width="28.0" x="105.0" y="206.0"/>
      </bpmndi:BPMNShape>
      <bpmndi:BPMNShape bpmnElement="sid-AFCA0895-0E81-48DB-972A-FAFA51E37824" id="BPMNShape_sid-AFCA0895-0E81-48DB-972A-FAFA51E37824">
        <omgdc:Bounds height="80.0" width="100.0" x="1161.0" y="180.0"/>
      </bpmndi:BPMNShape>
      <bpmndi:BPMNShape bpmnElement="sid-8BFAC07B-0546-4C98-A962-2305F1AD1A52" id="BPMNShape_sid-8BFAC07B-0546-4C98-A962-2305F1AD1A52">
        <omgdc:Bounds height="80.0" width="100.0" x="195.0" y="180.0"/>
      </bpmndi:BPMNShape>
      <bpmndi:BPMNShape bpmnElement="sid-A0D584DB-D912-411F-8883-D0B8D318224C" id="BPMNShape_sid-A0D584DB-D912-411F-8883-D0B8D318224C">
        <omgdc:Bounds height="80.0" width="100.0" x="853.0" y="180.0"/>
      </bpmndi:BPMNShape>
      <bpmndi:BPMNShape bpmnElement="sid-690C1C56-E59A-429F-9302-60265DB2292B" id="BPMNShape_sid-690C1C56-E59A-429F-9302-60265DB2292B">
        <omgdc:Bounds height="80.0" width="100.0" x="690.0" y="180.0"/>
      </bpmndi:BPMNShape>
      <bpmndi:BPMNShape bpmnElement="sid-6F93BFCF-84A3-4EAB-A0FA-B518B68184EC" id="BPMNShape_sid-6F93BFCF-84A3-4EAB-A0FA-B518B68184EC">
        <omgdc:Bounds height="80.0" width="100.0" x="509.0" y="180.0"/>
      </bpmndi:BPMNShape>
      <bpmndi:BPMNShape bpmnElement="sid-00457489-31FC-49BE-B773-B4BEAD2A5BD1" id="BPMNShape_sid-00457489-31FC-49BE-B773-B4BEAD2A5BD1">
        <omgdc:Bounds height="80.0" width="100.0" x="1161.0" y="60.0"/>
      </bpmndi:BPMNShape>
      <bpmndi:BPMNShape bpmnElement="sid-130F6E8A-23F7-4848-BA90-1937253F9635" id="BPMNShape_sid-130F6E8A-23F7-4848-BA90-1937253F9635">
        <omgdc:Bounds height="80.0" width="100.0" x="1016.0" y="180.0"/>
      </bpmndi:BPMNShape>
      <bpmndi:BPMNShape bpmnElement="sid-A0842B68-B6BC-40A0-AB94-8F4B8980F36F" id="BPMNShape_sid-A0842B68-B6BC-40A0-AB94-8F4B8980F36F">
        <omgdc:Bounds height="80.0" width="100.0" x="885.0" y="60.0"/>
      </bpmndi:BPMNShape>
      <bpmndi:BPMNShape bpmnElement="sid-8608CCDF-C08F-4095-B13A-0EA3FED0B0C8" id="BPMNShape_sid-8608CCDF-C08F-4095-B13A-0EA3FED0B0C8">
        <omgdc:Bounds height="80.0" width="100.0" x="690.0" y="360.0"/>
      </bpmndi:BPMNShape>
      <bpmndi:BPMNShape bpmnElement="sid-22302510-41F7-416B-B93F-3114F0A00B40" id="BPMNShape_sid-22302510-41F7-416B-B93F-3114F0A00B40">
        <omgdc:Bounds height="80.0" width="100.0" x="990.0" y="360.0"/>
      </bpmndi:BPMNShape>
      <bpmndi:BPMNShape bpmnElement="sid-C1E0DAF2-038B-4FAF-B639-8D36C2A36AB4" id="BPMNShape_sid-C1E0DAF2-038B-4FAF-B639-8D36C2A36AB4">
        <omgdc:Bounds height="28.0" width="28.0" x="1175.0" y="386.0"/>
      </bpmndi:BPMNShape>
      <bpmndi:BPMNShape bpmnElement="sid-0DF1DEE5-AD55-44D5-A2BD-914A371545FB" id="BPMNShape_sid-0DF1DEE5-AD55-44D5-A2BD-914A371545FB">
        <omgdc:Bounds height="80.0" width="100.0" x="690.0" y="555.0"/>
      </bpmndi:BPMNShape>
      <bpmndi:BPMNShape bpmnElement="sid-478547E1-ADFC-458E-B391-2AE70BC46E8E" id="BPMNShape_sid-478547E1-ADFC-458E-B391-2AE70BC46E8E">
        <omgdc:Bounds height="80.0" width="100.0" x="452.0" y="555.0"/>
      </bpmndi:BPMNShape>
      <bpmndi:BPMNShape bpmnElement="sid-2FAB0993-8514-47D4-8957-9D18D5C1204E" id="BPMNShape_sid-2FAB0993-8514-47D4-8957-9D18D5C1204E">
        <omgdc:Bounds height="80.0" width="100.0" x="990.0" y="555.0"/>
      </bpmndi:BPMNShape>
      <bpmndi:BPMNShape bpmnElement="sid-121CA4B9-2386-4F43-94BB-A9CB004AC792" id="BPMNShape_sid-121CA4B9-2386-4F43-94BB-A9CB004AC792">
        <omgdc:Bounds height="80.0" width="100.0" x="835.0" y="360.0"/>
      </bpmndi:BPMNShape>
      <bpmndi:BPMNShape bpmnElement="sid-39D9D595-6D5A-42D2-B3FA-5D9CF69E3560" id="BPMNShape_sid-39D9D595-6D5A-42D2-B3FA-5D9CF69E3560">
        <omgdc:Bounds height="80.0" width="100.0" x="990.0" y="795.0"/>
      </bpmndi:BPMNShape>
      <bpmndi:BPMNShape bpmnElement="sid-BF50ED0D-EB1D-436A-A5C5-412246B08027" id="BPMNShape_sid-BF50ED0D-EB1D-436A-A5C5-412246B08027">
        <omgdc:Bounds height="28.0" width="28.0" x="1175.0" y="821.0"/>
      </bpmndi:BPMNShape>
      <bpmndi:BPMNEdge bpmnElement="sid-FE3B591B-BA1A-4F6E-B621-21583B69E9FE" id="BPMNEdge_sid-FE3B591B-BA1A-4F6E-B621-21583B69E9FE">
        <omgdi:waypoint x="790.0" y="400.0"/>
        <omgdi:waypoint x="835.0" y="400.0"/>
      </bpmndi:BPMNEdge>
      <bpmndi:BPMNEdge bpmnElement="sid-C82B0234-4718-4121-BDE7-9D249FC59C7C" id="BPMNEdge_sid-C82B0234-4718-4121-BDE7-9D249FC59C7C">
        <omgdi:waypoint x="1040.0" y="635.0"/>
        <omgdi:waypoint x="1040.0" y="795.0"/>
      </bpmndi:BPMNEdge>
      <bpmndi:BPMNEdge bpmnElement="sid-F9ABB291-FFF1-4D77-B314-6156B08EB12B" id="BPMNEdge_sid-F9ABB291-FFF1-4D77-B314-6156B08EB12B">
        <omgdi:waypoint x="853.0" y="220.0"/>
        <omgdi:waypoint x="790.0" y="220.0"/>
      </bpmndi:BPMNEdge>
      <bpmndi:BPMNEdge bpmnElement="sid-B2976343-FD8B-4EBF-AF50-5336E1F4046F" id="BPMNEdge_sid-B2976343-FD8B-4EBF-AF50-5336E1F4046F">
        <omgdi:waypoint x="360.0" y="220.0"/>
        <omgdi:waypoint x="295.0" y="220.0"/>
      </bpmndi:BPMNEdge>
      <bpmndi:BPMNEdge bpmnElement="sid-77A764BA-1D35-49F6-85E5-32D1D704CC32" id="BPMNEdge_sid-77A764BA-1D35-49F6-85E5-32D1D704CC32">
        <omgdi:waypoint x="1376.0" y="140.0"/>
        <omgdi:waypoint x="1376.0" y="220.0"/>
        <omgdi:waypoint x="1261.0" y="220.0"/>
      </bpmndi:BPMNEdge>
      <bpmndi:BPMNEdge bpmnElement="sid-A8A77DA7-8304-4A22-83A5-0B8D456DACC5" id="BPMNEdge_sid-A8A77DA7-8304-4A22-83A5-0B8D456DACC5">
        <omgdi:waypoint x="1090.0" y="400.0"/>
        <omgdi:waypoint x="1175.0" y="400.0"/>
      </bpmndi:BPMNEdge>
      <bpmndi:BPMNEdge bpmnElement="sid-5F0F3F23-0B62-41C0-9AD1-A8EFB8EA926B" id="BPMNEdge_sid-5F0F3F23-0B62-41C0-9AD1-A8EFB8EA926B">
        <omgdi:waypoint x="1040.0" y="440.0"/>
        <omgdi:waypoint x="1040.0" y="555.0"/>
      </bpmndi:BPMNEdge>
      <bpmndi:BPMNEdge bpmnElement="sid-F8A13F8F-04F7-4FBB-AD2A-B1BDAB1A8D94" id="BPMNEdge_sid-F8A13F8F-04F7-4FBB-AD2A-B1BDAB1A8D94">
        <omgdi:waypoint x="452.0" y="594.1379310344828"/>
        <omgdi:waypoint x="328.0" y="592.0"/>
        <omgdi:waypoint x="401.18279569892474" y="260.0"/>
      </bpmndi:BPMNEdge>
      <bpmndi:BPMNEdge bpmnElement="sid-0ED26327-4D85-4CFF-BCEC-3C07988C1760" id="BPMNEdge_sid-0ED26327-4D85-4CFF-BCEC-3C07988C1760">
        <omgdi:waypoint x="135.0" y="100.0"/>
        <omgdi:waypoint x="180.0" y="100.0"/>
      </bpmndi:BPMNEdge>
      <bpmndi:BPMNEdge bpmnElement="sid-96F8FE7C-5548-453F-A185-A10DCBC44343" id="BPMNEdge_sid-96F8FE7C-5548-453F-A185-A10DCBC44343">
        <omgdi:waypoint x="1016.0" y="220.0"/>
        <omgdi:waypoint x="953.0" y="220.0"/>
      </bpmndi:BPMNEdge>
      <bpmndi:BPMNEdge bpmnElement="sid-F568FE27-5EDA-4152-8D33-605E0B4DE418" id="BPMNEdge_sid-F568FE27-5EDA-4152-8D33-605E0B4DE418">
        <omgdi:waypoint x="280.0" y="100.0"/>
        <omgdi:waypoint x="330.0" y="100.0"/>
      </bpmndi:BPMNEdge>
      <bpmndi:BPMNEdge bpmnElement="sid-184723B3-12A7-44B6-8857-87A1FCD15106" id="BPMNEdge_sid-184723B3-12A7-44B6-8857-87A1FCD15106">
        <omgdi:waypoint x="1090.0" y="835.0"/>
        <omgdi:waypoint x="1175.0" y="835.0"/>
      </bpmndi:BPMNEdge>
      <bpmndi:BPMNEdge bpmnElement="sid-D89EB76B-8AA2-4801-9E3E-8D2605AF3FD1" id="BPMNEdge_sid-D89EB76B-8AA2-4801-9E3E-8D2605AF3FD1">
        <omgdi:waypoint x="935.0" y="400.0"/>
        <omgdi:waypoint x="990.0" y="400.0"/>
      </bpmndi:BPMNEdge>
      <bpmndi:BPMNEdge bpmnElement="sid-8E39640F-F0D2-4F93-95DE-092489352823" id="BPMNEdge_sid-8E39640F-F0D2-4F93-95DE-092489352823">
        <omgdi:waypoint x="690.0" y="595.0"/>
        <omgdi:waypoint x="552.0" y="595.0"/>
      </bpmndi:BPMNEdge>
      <bpmndi:BPMNEdge bpmnElement="sid-48C418E2-5ECB-41BC-A567-FE3CBCBFC78E" id="BPMNEdge_sid-48C418E2-5ECB-41BC-A567-FE3CBCBFC78E">
        <omgdi:waypoint x="410.0" y="260.0"/>
        <omgdi:waypoint x="410.0" y="400.0"/>
        <omgdi:waypoint x="690.0" y="400.0"/>
      </bpmndi:BPMNEdge>
      <bpmndi:BPMNEdge bpmnElement="sid-764A7E27-0BC1-40CD-9D99-86BF7DC8A4DC" id="BPMNEdge_sid-764A7E27-0BC1-40CD-9D99-86BF7DC8A4DC">
        <omgdi:waypoint x="985.0" y="100.0"/>
        <omgdi:waypoint x="1161.0" y="100.0"/>
      </bpmndi:BPMNEdge>
      <bpmndi:BPMNEdge bpmnElement="sid-F8D2F4C6-EFDA-4A88-80A1-51080A64A8F2" id="BPMNEdge_sid-F8D2F4C6-EFDA-4A88-80A1-51080A64A8F2">
        <omgdi:waypoint x="509.0" y="220.0"/>
        <omgdi:waypoint x="460.0" y="220.0"/>
      </bpmndi:BPMNEdge>
      <bpmndi:BPMNEdge bpmnElement="sid-7C3EDFD9-27A8-4909-9EF6-062A6D18AA9D" id="BPMNEdge_sid-7C3EDFD9-27A8-4909-9EF6-062A6D18AA9D">
        <omgdi:waypoint x="502.0" y="635.0"/>
        <omgdi:waypoint x="502.0" y="835.0"/>
        <omgdi:waypoint x="990.0" y="835.0"/>
      </bpmndi:BPMNEdge>
      <bpmndi:BPMNEdge bpmnElement="sid-3E28FECE-C610-4684-866E-F3F4CA7ACF84" id="BPMNEdge_sid-3E28FECE-C610-4684-866E-F3F4CA7ACF84">
        <omgdi:waypoint x="990.0" y="595.0"/>
        <omgdi:waypoint x="790.0" y="595.0"/>
      </bpmndi:BPMNEdge>
      <bpmndi:BPMNEdge bpmnElement="sid-478CC5EB-0631-4A8D-9BC7-0B1464A3AEF1" id="BPMNEdge_sid-478CC5EB-0631-4A8D-9BC7-0B1464A3AEF1">
        <omgdi:waypoint x="1261.0" y="100.0"/>
        <omgdi:waypoint x="1326.0" y="100.0"/>
      </bpmndi:BPMNEdge>
      <bpmndi:BPMNEdge bpmnElement="sid-3EC837F8-5736-409E-843D-1A58CA6B1FCA" id="BPMNEdge_sid-3EC837F8-5736-409E-843D-1A58CA6B1FCA">
        <omgdi:waypoint x="195.0" y="220.0"/>
        <omgdi:waypoint x="133.0" y="220.0"/>
      </bpmndi:BPMNEdge>
      <bpmndi:BPMNEdge bpmnElement="sid-FB674A27-F797-4123-B964-3A96AD5D51F8" id="BPMNEdge_sid-FB674A27-F797-4123-B964-3A96AD5D51F8">
        <omgdi:waypoint x="690.0" y="220.0"/>
        <omgdi:waypoint x="609.0" y="220.0"/>
      </bpmndi:BPMNEdge>
      <bpmndi:BPMNEdge bpmnElement="sid-625EA492-C4B9-40C1-8431-01ABD0945673" id="BPMNEdge_sid-625EA492-C4B9-40C1-8431-01ABD0945673">
        <omgdi:waypoint x="595.0" y="100.0"/>
        <omgdi:waypoint x="885.0" y="100.0"/>
      </bpmndi:BPMNEdge>
      <bpmndi:BPMNEdge bpmnElement="sid-E10D09C3-25D3-4BF1-84E9-0CEA6622A7A1" id="BPMNEdge_sid-E10D09C3-25D3-4BF1-84E9-0CEA6622A7A1">
        <omgdi:waypoint x="1161.0" y="220.0"/>
        <omgdi:waypoint x="1116.0" y="220.0"/>
      </bpmndi:BPMNEdge>
      <bpmndi:BPMNEdge bpmnElement="sid-7934885E-E5B1-4756-A9C8-07F9A3D1C856" id="BPMNEdge_sid-7934885E-E5B1-4756-A9C8-07F9A3D1C856">
        <omgdi:waypoint x="430.0" y="100.0"/>
        <omgdi:waypoint x="495.0" y="100.0"/>
      </bpmndi:BPMNEdge>
    </bpmndi:BPMNPlane>
  </bpmndi:BPMNDiagram>
</definitions>