<?xml version='1.0' encoding='UTF-8'?>
<definitions xmlns="http://www.omg.org/spec/BPMN/20100524/MODEL" xmlns:xsi="http://www.w3.org/2001/XMLSchema-instance" xmlns:activiti="http://activiti.org/bpmn" xmlns:bpmndi="http://www.omg.org/spec/BPMN/20100524/DI" xmlns:omgdc="http://www.omg.org/spec/DD/20100524/DC" xmlns:omgdi="http://www.omg.org/spec/DD/20100524/DI" typeLanguage="http://www.w3.org/2001/XMLSchema" expressionLanguage="http://www.w3.org/1999/XPath" targetNamespace="http://www.activiti.org/test">
  <process id="bpn_comcast_csg_portnumber1_3" name="bpn_comcast_csg_portnumber1_3" isExecutable="true">
    <userTask id="sid-b6e0b00b-4644-4cdb-b031-746ef1a8765f" name="ask what type of account is this request for" activiti:exclusive="false"/>
    <userTask id="sid-a2693ed9-37ad-445b-9e42-4ed570e2d429" name="run the workflow bpn_comcast_contact_info" activiti:exclusive="false"/>
    <userTask id="sid-11661f8c-9a50-4117-bbe6-222fa40b32cf" name="execute the automaton acsr_lookup" activiti:exclusive="false"/>
    <userTask id="sid-c10a7300-75a2-4f90-b3ce-492218b281e1" name="set the variable loop to 0" activiti:exclusive="false"/>
    <userTask id="sid-71659070-d0db-4e46-b3c1-52f7b4f31438" name="set the variable loop to ${loop+1}" activiti:exclusive="false"/>
    <userTask id="sid-10a715b2-2085-453c-9582-8611312c21e1" name="say I couldn't find your account number in our records" activiti:exclusive="false"/>
    <userTask id="sid-2b90f008-970d-4902-a2af-cd13a6e6d1b2" name="escalate because &quot;the CSG account number ${acc_number} was not found in our records&quot;" activiti:exclusive="false"/>
    <userTask id="sid-3d07a253-a6c6-4318-a05f-0833b7a3c38d" name="set the variable market to &quot;Not Applicable&quot;" activiti:exclusive="false"/>
    <userTask id="sid-926defc2-7caa-4050-8b4d-5527d1245d6f" name="Say This was merely a test and the dispatch is really fast" activiti:exclusive="false"/>
    <userTask id="sid-1f60e1e9-a79e-4641-a9d3-4739435218a6" name="Say closing the ticket" activiti:exclusive="false"/>
    <endEvent id="sid-3dc77ca7-3ac9-46eb-b331-cccc395314ec"/>
    <endEvent id="sid-684e1e36-a24e-4937-897a-b1e607e7b118"/>
    <startEvent id="sid-8aaf829f-c147-4b4a-814b-2347d641f9e0"/>
    <userTask id="sid-2365bc56-774e-4558-80de-45650be907ef" name="ask the user what the customer's account number is" activiti:exclusive="false"/>
    <userTask id="sid-1bc30fab-e645-45a4-aef2-70ba8637b2e2" name="ask the user what the phone number to port is" activiti:exclusive="false"/>
    <userTask id="sid-76e44910-0570-4d15-a101-8de434277b73" name="execute the automaton aut_acsr_portnumber_tkt_creator" activiti:exclusive="false"/>
    <userTask id="sid-06fcb472-d690-49b0-8c8c-958e8c0676d1" name="say I will be happy to help you  to port a number; first let me gather the required details." activiti:exclusive="false"/>
    <userTask id="sid-98c2551d-32c2-44ec-a3bc-ed079fe16a41" name="say I will now create a port number request ticket for you; once I have created the ticket, I will give you the ticket number for your reference." activiti:exclusive="false"/>
    <endEvent id="sid-9c903efb-8cc0-421b-8999-328dfaaf705d"/>
    <userTask id="sid-5c1820fb-cb5d-486f-adec-9b183dc3e5ff" name="say Remedy Ticket Number: ${ebond_number}" activiti:exclusive="false"/>
    <userTask id="sid-fd1a7f39-8dc5-417e-82d9-5be5453a3682" name="ask What is the rate center on the account" activiti:exclusive="false"/>
    <userTask id="sid-6ffac269-4457-414e-8878-1b70ff0e5f85" name="ask what is the &quot;rate_center&quot; on the phone number" activiti:exclusive="false"/>
    <userTask id="sid-7ce47b2a-6764-4518-8739-9b1d74cf5cc9" name="run the workflow bpn_comcast_screenshot_optional" activiti:exclusive="false"/>
    <sequenceFlow id="sid-5e25a41d-db76-4492-b78a-4f5077323e0b" name="residential, business" sourceRef="sid-b6e0b00b-4644-4cdb-b031-746ef1a8765f" targetRef="sid-c10a7300-75a2-4f90-b3ce-492218b281e1"/>
    <sequenceFlow id="sid-f53dacdc-cf3e-43d5-81c8-ab74f3f97f00" sourceRef="sid-a2693ed9-37ad-445b-9e42-4ed570e2d429" targetRef="sid-b6e0b00b-4644-4cdb-b031-746ef1a8765f"/>
    <sequenceFlow id="sid-9b591a16-1dca-4957-b37e-30ff4418ca2d" name="1" sourceRef="sid-11661f8c-9a50-4117-bbe6-222fa40b32cf" targetRef="sid-fd1a7f39-8dc5-417e-82d9-5be5453a3682"/>
    <sequenceFlow id="sid-5b9b6a76-da66-4d4d-b1be-d34c32c53c7d" name="0" sourceRef="sid-11661f8c-9a50-4117-bbe6-222fa40b32cf" targetRef="sid-10a715b2-2085-453c-9582-8611312c21e1"/>
    <sequenceFlow id="sid-3a997211-592d-4c2a-ab27-9b348031d14b" sourceRef="sid-c10a7300-75a2-4f90-b3ce-492218b281e1" targetRef="sid-3d07a253-a6c6-4318-a05f-0833b7a3c38d"/>
    <sequenceFlow id="sid-1c254460-b859-4147-b727-f4ccf3573a9d" name="${loop gt 1}" sourceRef="sid-71659070-d0db-4e46-b3c1-52f7b4f31438" targetRef="sid-2b90f008-970d-4902-a2af-cd13a6e6d1b2"/>
    <sequenceFlow id="sid-6e2fdef6-5681-415c-8ed6-e55d6df32b09" name="else" sourceRef="sid-71659070-d0db-4e46-b3c1-52f7b4f31438" targetRef="sid-2365bc56-774e-4558-80de-45650be907ef"/>
    <sequenceFlow id="sid-971adc3d-2900-4b75-8a46-609dc0009e2d" sourceRef="sid-10a715b2-2085-453c-9582-8611312c21e1" targetRef="sid-71659070-d0db-4e46-b3c1-52f7b4f31438"/>
    <sequenceFlow id="sid-34b57b3b-dff5-40d6-a328-401f6851a48b" sourceRef="sid-2b90f008-970d-4902-a2af-cd13a6e6d1b2" targetRef="sid-3dc77ca7-3ac9-46eb-b331-cccc395314ec"/>
    <sequenceFlow id="sid-21570bbe-2d89-4b95-a75a-70c6a7f562a0" sourceRef="sid-2b90f008-970d-4902-a2af-cd13a6e6d1b2" targetRef="sid-926defc2-7caa-4050-8b4d-5527d1245d6f"/>
    <sequenceFlow id="sid-94479626-7d14-4bc7-9225-0ae3d8621ce1" sourceRef="sid-3d07a253-a6c6-4318-a05f-0833b7a3c38d" targetRef="sid-2365bc56-774e-4558-80de-45650be907ef"/>
    <sequenceFlow id="sid-65c8d81a-6f37-44b8-a41e-52bfc00e40e7" sourceRef="sid-926defc2-7caa-4050-8b4d-5527d1245d6f" targetRef="sid-1f60e1e9-a79e-4641-a9d3-4739435218a6"/>
    <sequenceFlow id="sid-7b4f3b9a-14a2-4966-9bd5-d80067ef5c22" sourceRef="sid-1f60e1e9-a79e-4641-a9d3-4739435218a6" targetRef="sid-684e1e36-a24e-4937-897a-b1e607e7b118"/>
    <sequenceFlow id="sid-bfbb4078-a04f-49de-b3c1-517f0ead68fd" sourceRef="sid-8aaf829f-c147-4b4a-814b-2347d641f9e0" targetRef="sid-06fcb472-d690-49b0-8c8c-958e8c0676d1"/>
    <sequenceFlow id="sid-1104694c-af30-4230-956b-d79e65eff630" sourceRef="sid-2365bc56-774e-4558-80de-45650be907ef" targetRef="sid-11661f8c-9a50-4117-bbe6-222fa40b32cf"/>
    <sequenceFlow id="sid-b7d5640f-1a49-4dc3-8d2c-5fa1fdb3f7af" sourceRef="sid-1bc30fab-e645-45a4-aef2-70ba8637b2e2" targetRef="sid-6ffac269-4457-414e-8878-1b70ff0e5f85"/>
    <sequenceFlow id="sid-9566ee3f-dae1-4671-9fe7-c8f3f6c05071" sourceRef="sid-76e44910-0570-4d15-a101-8de434277b73" targetRef="sid-5c1820fb-cb5d-486f-adec-9b183dc3e5ff"/>
    <sequenceFlow id="sid-40b3b0ff-38b2-4377-a38c-700a5c9727d2" sourceRef="sid-06fcb472-d690-49b0-8c8c-958e8c0676d1" targetRef="sid-a2693ed9-37ad-445b-9e42-4ed570e2d429"/>
    <sequenceFlow id="sid-396ad773-b989-41ff-88ab-a4efe31a078a" sourceRef="sid-98c2551d-32c2-44ec-a3bc-ed079fe16a41" targetRef="sid-76e44910-0570-4d15-a101-8de434277b73"/>
    <sequenceFlow id="sid-284000a9-69e8-40f0-a6ec-7a350eb9269a" sourceRef="sid-5c1820fb-cb5d-486f-adec-9b183dc3e5ff" targetRef="sid-9c903efb-8cc0-421b-8999-328dfaaf705d"/>
    <sequenceFlow id="sid-c4ef39b3-9b0f-4ef6-a5cd-8796b3926254" sourceRef="sid-fd1a7f39-8dc5-417e-82d9-5be5453a3682" targetRef="sid-1bc30fab-e645-45a4-aef2-70ba8637b2e2"/>
    <sequenceFlow id="sid-215db524-cca1-4487-a86d-6d75cbf01651" sourceRef="sid-6ffac269-4457-414e-8878-1b70ff0e5f85" targetRef="sid-7ce47b2a-6764-4518-8739-9b1d74cf5cc9"/>
    <sequenceFlow id="sid-b9b34bcc-2442-4f8b-b165-801f83a3cd07" sourceRef="sid-7ce47b2a-6764-4518-8739-9b1d74cf5cc9" targetRef="sid-98c2551d-32c2-44ec-a3bc-ed079fe16a41"/>
  </process>
  <bpmndi:BPMNDiagram id="BPMNDiagram_bpn_comcast_csg_portnumber1_3">
    <bpmndi:BPMNPlane bpmnElement="bpn_comcast_csg_portnumber1_3" id="BPMNPlane_bpn_comcast_csg_portnumber1_3">
      <bpmndi:BPMNShape bpmnElement="sid-b6e0b00b-4644-4cdb-b031-746ef1a8765f" id="BPMNShape_sid-b6e0b00b-4644-4cdb-b031-746ef1a8765f">
        <omgdc:Bounds height="82.0" width="102.0" x="534.0" y="206.0"/>
      </bpmndi:BPMNShape>
      <bpmndi:BPMNShape bpmnElement="sid-a2693ed9-37ad-445b-9e42-4ed570e2d429" id="BPMNShape_sid-a2693ed9-37ad-445b-9e42-4ed570e2d429">
        <omgdc:Bounds height="82.0" width="102.0" x="332.0" y="206.0"/>
      </bpmndi:BPMNShape>
      <bpmndi:BPMNShape bpmnElement="sid-11661f8c-9a50-4117-bbe6-222fa40b32cf" id="BPMNShape_sid-11661f8c-9a50-4117-bbe6-222fa40b32cf">
        <omgdc:Bounds height="82.0" width="102.0" x="1342.0" y="131.0"/>
      </bpmndi:BPMNShape>
      <bpmndi:BPMNShape bpmnElement="sid-c10a7300-75a2-4f90-b3ce-492218b281e1" id="BPMNShape_sid-c10a7300-75a2-4f90-b3ce-492218b281e1">
        <omgdc:Bounds height="82.0" width="102.0" x="736.0" y="206.0"/>
      </bpmndi:BPMNShape>
      <bpmndi:BPMNShape bpmnElement="sid-71659070-d0db-4e46-b3c1-52f7b4f31438" id="BPMNShape_sid-71659070-d0db-4e46-b3c1-52f7b4f31438">
        <omgdc:Bounds height="82.0" width="102.0" x="1746.0" y="322.0"/>
      </bpmndi:BPMNShape>
      <bpmndi:BPMNShape bpmnElement="sid-10a715b2-2085-453c-9582-8611312c21e1" id="BPMNShape_sid-10a715b2-2085-453c-9582-8611312c21e1">
        <omgdc:Bounds height="82.0" width="102.0" x="1544.0" y="247.0"/>
      </bpmndi:BPMNShape>
      <bpmndi:BPMNShape bpmnElement="sid-2b90f008-970d-4902-a2af-cd13a6e6d1b2" id="BPMNShape_sid-2b90f008-970d-4902-a2af-cd13a6e6d1b2">
        <omgdc:Bounds height="82.0" width="102.0" x="1948.0" y="322.0"/>
      </bpmndi:BPMNShape>
      <bpmndi:BPMNShape bpmnElement="sid-3d07a253-a6c6-4318-a05f-0833b7a3c38d" id="BPMNShape_sid-3d07a253-a6c6-4318-a05f-0833b7a3c38d">
        <omgdc:Bounds height="82.0" width="102.0" x="938.0" y="206.0"/>
      </bpmndi:BPMNShape>
      <bpmndi:BPMNShape bpmnElement="sid-926defc2-7caa-4050-8b4d-5527d1245d6f" id="BPMNShape_sid-926defc2-7caa-4050-8b4d-5527d1245d6f">
        <omgdc:Bounds height="82.0" width="102.0" x="2150.0" y="412.0"/>
      </bpmndi:BPMNShape>
      <bpmndi:BPMNShape bpmnElement="sid-1f60e1e9-a79e-4641-a9d3-4739435218a6" id="BPMNShape_sid-1f60e1e9-a79e-4641-a9d3-4739435218a6">
        <omgdc:Bounds height="82.0" width="102.0" x="2352.0" y="322.0"/>
      </bpmndi:BPMNShape>
      <bpmndi:BPMNShape bpmnElement="sid-3dc77ca7-3ac9-46eb-b331-cccc395314ec" id="BPMNShape_sid-3dc77ca7-3ac9-46eb-b331-cccc395314ec">
        <omgdc:Bounds height="30.0" width="30.0" x="2186.0" y="232.0"/>
      </bpmndi:BPMNShape>
      <bpmndi:BPMNShape bpmnElement="sid-684e1e36-a24e-4937-897a-b1e607e7b118" id="BPMNShape_sid-684e1e36-a24e-4937-897a-b1e607e7b118">
        <omgdc:Bounds height="30.0" width="30.0" x="2590.0" y="348.0"/>
      </bpmndi:BPMNShape>
      <bpmndi:BPMNShape bpmnElement="sid-8aaf829f-c147-4b4a-814b-2347d641f9e0" id="BPMNShape_sid-8aaf829f-c147-4b4a-814b-2347d641f9e0">
        <omgdc:Bounds height="30.0" width="30.0" x="0.0" y="232.0"/>
      </bpmndi:BPMNShape>
      <bpmndi:BPMNShape bpmnElement="sid-2365bc56-774e-4558-80de-45650be907ef" id="BPMNShape_sid-2365bc56-774e-4558-80de-45650be907ef">
        <omgdc:Bounds height="82.0" width="102.0" x="1140.0" y="206.0"/>
      </bpmndi:BPMNShape>
      <bpmndi:BPMNShape bpmnElement="sid-1bc30fab-e645-45a4-aef2-70ba8637b2e2" id="BPMNShape_sid-1bc30fab-e645-45a4-aef2-70ba8637b2e2">
        <omgdc:Bounds height="82.0" width="102.0" x="1746.0" y="90.0"/>
      </bpmndi:BPMNShape>
      <bpmndi:BPMNShape bpmnElement="sid-76e44910-0570-4d15-a101-8de434277b73" id="BPMNShape_sid-76e44910-0570-4d15-a101-8de434277b73">
        <omgdc:Bounds height="82.0" width="102.0" x="2554.0" y="116.0"/>
      </bpmndi:BPMNShape>
      <bpmndi:BPMNShape bpmnElement="sid-06fcb472-d690-49b0-8c8c-958e8c0676d1" id="BPMNShape_sid-06fcb472-d690-49b0-8c8c-958e8c0676d1">
        <omgdc:Bounds height="82.0" width="102.0" x="130.0" y="206.0"/>
      </bpmndi:BPMNShape>
      <bpmndi:BPMNShape bpmnElement="sid-98c2551d-32c2-44ec-a3bc-ed079fe16a41" id="BPMNShape_sid-98c2551d-32c2-44ec-a3bc-ed079fe16a41">
        <omgdc:Bounds height="82.0" width="102.0" x="2352.0" y="90.0"/>
      </bpmndi:BPMNShape>
      <bpmndi:BPMNShape bpmnElement="sid-9c903efb-8cc0-421b-8999-328dfaaf705d" id="BPMNShape_sid-9c903efb-8cc0-421b-8999-328dfaaf705d">
        <omgdc:Bounds height="30.0" width="30.0" x="2958.0" y="232.0"/>
      </bpmndi:BPMNShape>
      <bpmndi:BPMNShape bpmnElement="sid-5c1820fb-cb5d-486f-adec-9b183dc3e5ff" id="BPMNShape_sid-5c1820fb-cb5d-486f-adec-9b183dc3e5ff">
        <omgdc:Bounds height="82.0" width="102.0" x="2756.0" y="206.0"/>
      </bpmndi:BPMNShape>
      <bpmndi:BPMNShape bpmnElement="sid-fd1a7f39-8dc5-417e-82d9-5be5453a3682" id="BPMNShape_sid-fd1a7f39-8dc5-417e-82d9-5be5453a3682">
        <omgdc:Bounds height="82.0" width="102.0" x="1544.0" y="15.0"/>
      </bpmndi:BPMNShape>
      <bpmndi:BPMNShape bpmnElement="sid-6ffac269-4457-414e-8878-1b70ff0e5f85" id="BPMNShape_sid-6ffac269-4457-414e-8878-1b70ff0e5f85">
        <omgdc:Bounds height="82.0" width="102.0" x="1948.0" y="90.0"/>
      </bpmndi:BPMNShape>
      <bpmndi:BPMNShape bpmnElement="sid-7ce47b2a-6764-4518-8739-9b1d74cf5cc9" id="BPMNShape_sid-7ce47b2a-6764-4518-8739-9b1d74cf5cc9">
        <omgdc:Bounds height="82.0" width="102.0" x="2150.0" y="0.0"/>
      </bpmndi:BPMNShape>
      <bpmndi:BPMNEdge bpmnElement="sid-971adc3d-2900-4b75-8a46-609dc0009e2d" id="BPMNEdge_sid-971adc3d-2900-4b75-8a46-609dc0009e2d">
        <omgdi:waypoint x="1646.0" y="306.93564356435644"/>
        <omgdi:waypoint x="1746.0" y="344.06435643564356"/>
      </bpmndi:BPMNEdge>
      <bpmndi:BPMNEdge bpmnElement="sid-34b57b3b-dff5-40d6-a328-401f6851a48b" id="BPMNEdge_sid-34b57b3b-dff5-40d6-a328-401f6851a48b">
        <omgdi:waypoint x="2050.0" y="333.71287128712873"/>
        <omgdi:waypoint x="2187.992233457795" y="254.46980652918717"/>
      </bpmndi:BPMNEdge>
      <bpmndi:BPMNEdge bpmnElement="sid-9b591a16-1dca-4957-b37e-30ff4418ca2d" id="BPMNEdge_sid-9b591a16-1dca-4957-b37e-30ff4418ca2d">
        <omgdi:waypoint x="1444.0" y="142.7128712871287"/>
        <omgdi:waypoint x="1544.0" y="85.2871287128713"/>
      </bpmndi:BPMNEdge>
      <bpmndi:BPMNEdge bpmnElement="sid-5e25a41d-db76-4492-b78a-4f5077323e0b" id="BPMNEdge_sid-5e25a41d-db76-4492-b78a-4f5077323e0b">
        <omgdi:waypoint x="636.0" y="247.0"/>
        <omgdi:waypoint x="736.0" y="247.0"/>
      </bpmndi:BPMNEdge>
      <bpmndi:BPMNEdge bpmnElement="sid-1104694c-af30-4230-956b-d79e65eff630" id="BPMNEdge_sid-1104694c-af30-4230-956b-d79e65eff630">
        <omgdi:waypoint x="1242.0" y="228.06435643564356"/>
        <omgdi:waypoint x="1342.0" y="190.93564356435644"/>
      </bpmndi:BPMNEdge>
      <bpmndi:BPMNEdge bpmnElement="sid-3a997211-592d-4c2a-ab27-9b348031d14b" id="BPMNEdge_sid-3a997211-592d-4c2a-ab27-9b348031d14b">
        <omgdi:waypoint x="838.0" y="247.0"/>
        <omgdi:waypoint x="938.0" y="247.0"/>
      </bpmndi:BPMNEdge>
      <bpmndi:BPMNEdge bpmnElement="sid-f53dacdc-cf3e-43d5-81c8-ab74f3f97f00" id="BPMNEdge_sid-f53dacdc-cf3e-43d5-81c8-ab74f3f97f00">
        <omgdi:waypoint x="434.0" y="247.0"/>
        <omgdi:waypoint x="534.0" y="247.0"/>
      </bpmndi:BPMNEdge>
      <bpmndi:BPMNEdge bpmnElement="sid-bfbb4078-a04f-49de-b3c1-517f0ead68fd" id="BPMNEdge_sid-bfbb4078-a04f-49de-b3c1-517f0ead68fd">
        <omgdi:waypoint x="30.0" y="247.0"/>
        <omgdi:waypoint x="130.0" y="247.0"/>
      </bpmndi:BPMNEdge>
      <bpmndi:BPMNEdge bpmnElement="sid-5b9b6a76-da66-4d4d-b1be-d34c32c53c7d" id="BPMNEdge_sid-5b9b6a76-da66-4d4d-b1be-d34c32c53c7d">
        <omgdi:waypoint x="1444.0" y="201.28712871287127"/>
        <omgdi:waypoint x="1544.0" y="258.71287128712873"/>
      </bpmndi:BPMNEdge>
      <bpmndi:BPMNEdge bpmnElement="sid-65c8d81a-6f37-44b8-a41e-52bfc00e40e7" id="BPMNEdge_sid-65c8d81a-6f37-44b8-a41e-52bfc00e40e7">
        <omgdi:waypoint x="2252.0" y="430.2772277227723"/>
        <omgdi:waypoint x="2352.0" y="385.7227722772277"/>
      </bpmndi:BPMNEdge>
      <bpmndi:BPMNEdge bpmnElement="sid-40b3b0ff-38b2-4377-a38c-700a5c9727d2" id="BPMNEdge_sid-40b3b0ff-38b2-4377-a38c-700a5c9727d2">
        <omgdi:waypoint x="232.0" y="247.0"/>
        <omgdi:waypoint x="332.0" y="247.0"/>
      </bpmndi:BPMNEdge>
      <bpmndi:BPMNEdge bpmnElement="sid-396ad773-b989-41ff-88ab-a4efe31a078a" id="BPMNEdge_sid-396ad773-b989-41ff-88ab-a4efe31a078a">
        <omgdi:waypoint x="2454.0" y="137.56435643564356"/>
        <omgdi:waypoint x="2554.0" y="150.43564356435644"/>
      </bpmndi:BPMNEdge>
      <bpmndi:BPMNEdge bpmnElement="sid-284000a9-69e8-40f0-a6ec-7a350eb9269a" id="BPMNEdge_sid-284000a9-69e8-40f0-a6ec-7a350eb9269a">
        <omgdi:waypoint x="2858.0" y="247.0"/>
        <omgdi:waypoint x="2958.0" y="247.0"/>
      </bpmndi:BPMNEdge>
      <bpmndi:BPMNEdge bpmnElement="sid-1c254460-b859-4147-b727-f4ccf3573a9d" id="BPMNEdge_sid-1c254460-b859-4147-b727-f4ccf3573a9d">
        <omgdi:waypoint x="1848.0" y="363.0"/>
        <omgdi:waypoint x="1948.0" y="363.0"/>
      </bpmndi:BPMNEdge>
      <bpmndi:BPMNEdge bpmnElement="sid-94479626-7d14-4bc7-9225-0ae3d8621ce1" id="BPMNEdge_sid-94479626-7d14-4bc7-9225-0ae3d8621ce1">
        <omgdi:waypoint x="1040.0" y="247.0"/>
        <omgdi:waypoint x="1140.0" y="247.0"/>
      </bpmndi:BPMNEdge>
      <bpmndi:BPMNEdge bpmnElement="sid-9566ee3f-dae1-4671-9fe7-c8f3f6c05071" id="BPMNEdge_sid-9566ee3f-dae1-4671-9fe7-c8f3f6c05071">
        <omgdi:waypoint x="2656.0" y="179.72277227722773"/>
        <omgdi:waypoint x="2756.0" y="224.27722772277227"/>
      </bpmndi:BPMNEdge>
      <bpmndi:BPMNEdge bpmnElement="sid-b9b34bcc-2442-4f8b-b165-801f83a3cd07" id="BPMNEdge_sid-b9b34bcc-2442-4f8b-b165-801f83a3cd07">
        <omgdi:waypoint x="2252.0" y="63.722772277227726"/>
        <omgdi:waypoint x="2352.0" y="108.27722772277227"/>
      </bpmndi:BPMNEdge>
      <bpmndi:BPMNEdge bpmnElement="sid-c4ef39b3-9b0f-4ef6-a5cd-8796b3926254" id="BPMNEdge_sid-c4ef39b3-9b0f-4ef6-a5cd-8796b3926254">
        <omgdi:waypoint x="1646.0" y="74.93564356435644"/>
        <omgdi:waypoint x="1746.0" y="112.06435643564356"/>
      </bpmndi:BPMNEdge>
      <bpmndi:BPMNEdge bpmnElement="sid-6e2fdef6-5681-415c-8ed6-e55d6df32b09" id="BPMNEdge_sid-6e2fdef6-5681-415c-8ed6-e55d6df32b09">
        <omgdi:waypoint x="1761.301724137931" y="404.0"/>
        <omgdi:waypoint x="1696.0" y="479.0"/>
        <omgdi:waypoint x="1494.0" y="479.0"/>
        <omgdi:waypoint x="1494.0" y="363.0"/>
        <omgdi:waypoint x="1292.0" y="363.0"/>
        <omgdi:waypoint x="1226.698275862069" y="288.0"/>
      </bpmndi:BPMNEdge>
      <bpmndi:BPMNEdge bpmnElement="sid-21570bbe-2d89-4b95-a75a-70c6a7f562a0" id="BPMNEdge_sid-21570bbe-2d89-4b95-a75a-70c6a7f562a0">
        <omgdi:waypoint x="2050.0" y="385.7227722772277"/>
        <omgdi:waypoint x="2150.0" y="430.2772277227723"/>
      </bpmndi:BPMNEdge>
      <bpmndi:BPMNEdge bpmnElement="sid-b7d5640f-1a49-4dc3-8d2c-5fa1fdb3f7af" id="BPMNEdge_sid-b7d5640f-1a49-4dc3-8d2c-5fa1fdb3f7af">
        <omgdi:waypoint x="1848.0" y="131.0"/>
        <omgdi:waypoint x="1948.0" y="131.0"/>
      </bpmndi:BPMNEdge>
      <bpmndi:BPMNEdge bpmnElement="sid-7b4f3b9a-14a2-4966-9bd5-d80067ef5c22" id="BPMNEdge_sid-7b4f3b9a-14a2-4966-9bd5-d80067ef5c22">
        <omgdi:waypoint x="2454.0" y="363.0"/>
        <omgdi:waypoint x="2590.0" y="363.0"/>
      </bpmndi:BPMNEdge>
      <bpmndi:BPMNEdge bpmnElement="sid-215db524-cca1-4487-a86d-6d75cbf01651" id="BPMNEdge_sid-215db524-cca1-4487-a86d-6d75cbf01651">
        <omgdi:waypoint x="2050.0" y="108.27722772277228"/>
        <omgdi:waypoint x="2150.0" y="63.72277227722772"/>
      </bpmndi:BPMNEdge>
    </bpmndi:BPMNPlane>
  </bpmndi:BPMNDiagram>
</definitions>