<?xml version='1.0' encoding='UTF-8'?>
<definitions xmlns="http://www.omg.org/spec/BPMN/20100524/MODEL" xmlns:xsi="http://www.w3.org/2001/XMLSchema-instance" xmlns:activiti="http://activiti.org/bpmn" xmlns:bpmndi="http://www.omg.org/spec/BPMN/20100524/DI" xmlns:omgdc="http://www.omg.org/spec/DD/20100524/DC" xmlns:omgdi="http://www.omg.org/spec/DD/20100524/DI" typeLanguage="http://www.w3.org/2001/XMLSchema" expressionLanguage="http://www.w3.org/1999/XPath" targetNamespace="http://www.activiti.org/processdef">
  <process id="bpn_demo_xfinity_home" name="bpn_demo_xfinity_home" isExecutable="true">
    <startEvent id="sid-5243F53C-FFBE-40E6-BD2F-0FE66485A54A"/>
    <userTask id="sid-50C3DB7D-69A0-4B51-980E-EF67875A0FF9" name="say Thank you for contacting Comcast Home Security." activiti:exclusive="false"/>
    <sequenceFlow id="sid-F7A93CF5-9014-47DE-8863-A7C9AF81BE00" sourceRef="sid-5243F53C-FFBE-40E6-BD2F-0FE66485A54A" targetRef="sid-50C3DB7D-69A0-4B51-980E-EF67875A0FF9"/>
    <userTask id="sid-AADA49DF-A83C-4864-AC63-D0A0DFAD108E" name="ask how can you help the user today" activiti:exclusive="false"/>
    <userTask id="sid-463DC28A-F445-4D3B-B5D0-C97B1C5F9AD9" name="say I’m sorry to hear that" activiti:exclusive="false"/>
    <sequenceFlow id="sid-728EA34B-A1BB-4A81-9F83-62127647A430" sourceRef="sid-AADA49DF-A83C-4864-AC63-D0A0DFAD108E" targetRef="sid-463DC28A-F445-4D3B-B5D0-C97B1C5F9AD9"/>
    <userTask id="sid-9982DE34-802B-4F72-BA1E-F7ABDF7C09CC" name="say I can understand that can be very frustrating" activiti:exclusive="false"/>
    <sequenceFlow id="sid-CE890DFE-E072-45FF-B68D-10589A8E5195" sourceRef="sid-463DC28A-F445-4D3B-B5D0-C97B1C5F9AD9" targetRef="sid-9982DE34-802B-4F72-BA1E-F7ABDF7C09CC"/>
    <endEvent id="sid-699DB7CA-B5DE-430D-AF82-AB54518FFE28"/>
    <userTask id="sid-57FAB115-538F-42E8-B8EF-8436C51BF84F" name="say I’d be happy to help you " activiti:exclusive="false"/>
    <userTask id="sid-28EB4BC0-FA2A-4DED-A4EA-11E9AFDDC52D" name="say Let me pull up your account details" activiti:exclusive="false"/>
    <sequenceFlow id="sid-13CD791B-1FA8-4F14-A7E9-C62688FB26F5" sourceRef="sid-57FAB115-538F-42E8-B8EF-8436C51BF84F" targetRef="sid-28EB4BC0-FA2A-4DED-A4EA-11E9AFDDC52D"/>
    <userTask id="sid-9E9B3686-4787-4109-962A-EB5EF8F60EDC" name="ask the user what is the phone number on the account" activiti:exclusive="false"/>
    <sequenceFlow id="sid-0AE7C1AF-0CAA-469A-B026-5D8F879B90D1" sourceRef="sid-28EB4BC0-FA2A-4DED-A4EA-11E9AFDDC52D" targetRef="sid-9E9B3686-4787-4109-962A-EB5EF8F60EDC"/>
    <userTask id="sid-42F8170A-C5EB-4698-BDA9-994BF09452EE" name="say Thank you" activiti:exclusive="false"/>
    <sequenceFlow id="sid-7FE1F017-6CD3-46E8-B28A-563883EF00F0" sourceRef="sid-9E9B3686-4787-4109-962A-EB5EF8F60EDC" targetRef="sid-42F8170A-C5EB-4698-BDA9-994BF09452EE"/>
    <userTask id="sid-D7DCBFA6-DA62-4545-A697-A199BC9781DC" name="say I'm looking up your account." activiti:exclusive="false"/>
    <sequenceFlow id="sid-4DB972AD-BE48-476C-86B0-CC98406B6BEA" sourceRef="sid-42F8170A-C5EB-4698-BDA9-994BF09452EE" targetRef="sid-D7DCBFA6-DA62-4545-A697-A199BC9781DC"/>
    <sequenceFlow id="sid-E6252047-79FF-45C8-AB51-48FF3C7FB317" sourceRef="sid-9982DE34-802B-4F72-BA1E-F7ABDF7C09CC" targetRef="sid-57FAB115-538F-42E8-B8EF-8436C51BF84F"/>
    <userTask id="sid-8A25CDD9-B3FD-48CB-ACEA-99D3105C1B42" name="say I've found your account" activiti:exclusive="false"/>
    <sequenceFlow id="sid-69F805E4-6C48-42A7-8FBE-E7EB73A502B5" sourceRef="sid-D7DCBFA6-DA62-4545-A697-A199BC9781DC" targetRef="sid-8A25CDD9-B3FD-48CB-ACEA-99D3105C1B42"/>
    <userTask id="sid-AE50323D-525D-4872-BEDC-7935F3F03FD7" name="ask the user what is the last 4 digits of my social security number" activiti:exclusive="false"/>
    <sequenceFlow id="sid-16B3ED91-5F62-40C2-BDC6-108BC837F77B" sourceRef="sid-8A25CDD9-B3FD-48CB-ACEA-99D3105C1B42" targetRef="sid-AE50323D-525D-4872-BEDC-7935F3F03FD7"/>
    <sequenceFlow id="sid-6494232D-578C-4E04-8D26-A104466EFFCD" name="1234" sourceRef="sid-AE50323D-525D-4872-BEDC-7935F3F03FD7" targetRef="sid-9BF5439B-C7CD-4BE7-839F-914F7E244E93"/>
    <userTask id="sid-DDBAB712-65F0-4565-901D-D74C2982D434" name="say sorry i wasn't able to verify your account" activiti:exclusive="false"/>
    <sequenceFlow id="sid-39AF6357-6BFF-42E3-834E-A32C83CE40BD" name="else" sourceRef="sid-AE50323D-525D-4872-BEDC-7935F3F03FD7" targetRef="sid-DDBAB712-65F0-4565-901D-D74C2982D434"/>
    <userTask id="sid-AAB0695F-09CE-4781-90FB-47458FC7F2E3" name="ask would I like to enter it again" activiti:exclusive="false"/>
    <sequenceFlow id="sid-3614EA7A-C332-4DB9-A638-086A36085D0D" sourceRef="sid-DDBAB712-65F0-4565-901D-D74C2982D434" targetRef="sid-AAB0695F-09CE-4781-90FB-47458FC7F2E3"/>
    <sequenceFlow id="sid-699B6736-94ED-4931-B15D-4986473D7BAA" name="yes" sourceRef="sid-AAB0695F-09CE-4781-90FB-47458FC7F2E3" targetRef="sid-AE50323D-525D-4872-BEDC-7935F3F03FD7"/>
    <userTask id="sid-3D593DE4-DF74-429B-B938-4FB854069133" name="escalate" activiti:exclusive="false"/>
    <sequenceFlow id="sid-75D4681C-33AE-4DFD-BA72-DBE9EEBB3F61" name="no" sourceRef="sid-AAB0695F-09CE-4781-90FB-47458FC7F2E3" targetRef="sid-3D593DE4-DF74-429B-B938-4FB854069133"/>
    <intermediateThrowEvent id="sid-98B4F000-51CB-41E5-AE96-FB7CD63C86F4"/>
    <sequenceFlow id="sid-FD3FD0FF-9A0E-4162-8578-F1AA2942EAD4" sourceRef="sid-3D593DE4-DF74-429B-B938-4FB854069133" targetRef="sid-98B4F000-51CB-41E5-AE96-FB7CD63C86F4"/>
    <userTask id="sid-9BF5439B-C7CD-4BE7-839F-914F7E244E93" name="say Great I've confirmed your account information Ergun Ekici" activiti:exclusive="false"/>
    <sequenceFlow id="sid-F8C34D9D-3046-408B-9DD1-5F259B2CFB6D" sourceRef="sid-50C3DB7D-69A0-4B51-980E-EF67875A0FF9" targetRef="sid-AADA49DF-A83C-4864-AC63-D0A0DFAD108E"/>
    <userTask id="sid-3C1F7557-10E9-43F8-BE7B-CBA12EA2335C" name="ask how long have i had this issue" activiti:exclusive="false"/>
    <sequenceFlow id="sid-B6653E40-4AA0-4410-B085-3B5EB3340613" sourceRef="sid-9BF5439B-C7CD-4BE7-839F-914F7E244E93" targetRef="sid-3C1F7557-10E9-43F8-BE7B-CBA12EA2335C"/>
    <userTask id="sid-80EF46D5-5A92-4218-93A2-0F1611706283" name="say I understand" activiti:exclusive="false"/>
    <sequenceFlow id="sid-513E9C5B-B0BA-4F51-88FF-9C4F3FB873E5" sourceRef="sid-3C1F7557-10E9-43F8-BE7B-CBA12EA2335C" targetRef="sid-80EF46D5-5A92-4218-93A2-0F1611706283"/>
    <userTask id="sid-589625DC-5741-46D2-83DC-93782EEA06B7" name="say Let's start by checking your touchscreen interface" activiti:exclusive="false"/>
    <sequenceFlow id="sid-585A7A76-CEA6-4178-AD15-637AAB70F7E3" sourceRef="sid-80EF46D5-5A92-4218-93A2-0F1611706283" targetRef="sid-589625DC-5741-46D2-83DC-93782EEA06B7"/>
    <userTask id="sid-95A703F5-C507-41FF-ACF3-13281D714BC0" name="ask does it light up" activiti:exclusive="false"/>
    <sequenceFlow id="sid-8DB26CB7-1EC5-4E4E-A66A-D34229B33531" sourceRef="sid-589625DC-5741-46D2-83DC-93782EEA06B7" targetRef="sid-95A703F5-C507-41FF-ACF3-13281D714BC0"/>
    <userTask id="sid-F08DA3FE-8A25-4ED9-A383-9DCF48BD44BF" name="say That might be the cause of our problem" activiti:exclusive="false"/>
    <sequenceFlow id="sid-D9D0FACC-CA05-440F-936B-81C4DA024837" name="no" sourceRef="sid-95A703F5-C507-41FF-ACF3-13281D714BC0" targetRef="sid-F08DA3FE-8A25-4ED9-A383-9DCF48BD44BF"/>
    <userTask id="sid-8A8A98E0-B028-4266-A12D-4C14F89F77AB" name="say I'm going to schedule a technician  to come out and check the equipment" activiti:exclusive="false"/>
    <sequenceFlow id="sid-A0C23549-DD8B-4AE5-8F0B-17CB4DDA769D" sourceRef="sid-F08DA3FE-8A25-4ED9-A383-9DCF48BD44BF" targetRef="sid-8A8A98E0-B028-4266-A12D-4C14F89F77AB"/>
    <userTask id="sid-8B6F3390-7D1A-4E8E-910B-2B8360992EEC" name="ask does Thursday afternoon work for me" activiti:exclusive="false"/>
    <sequenceFlow id="sid-F1CCC8D8-2840-42BF-983E-BD8F2FB5919A" sourceRef="sid-8A8A98E0-B028-4266-A12D-4C14F89F77AB" targetRef="sid-8B6F3390-7D1A-4E8E-910B-2B8360992EEC"/>
    <userTask id="sid-6F9CA7EA-EFF5-420F-81FC-76BD7441C1DC" name="say Great I've confirmed your appointment for Thursday 2pm" activiti:exclusive="false"/>
    <sequenceFlow id="sid-18681DD0-9791-4B66-9777-C9B31E794B80" name="yes" sourceRef="sid-8B6F3390-7D1A-4E8E-910B-2B8360992EEC" targetRef="sid-6F9CA7EA-EFF5-420F-81FC-76BD7441C1DC"/>
    <userTask id="sid-B6895FCA-566E-4FC4-AFF8-2B56B33543FF" name="escalate" activiti:exclusive="false"/>
    <sequenceFlow id="sid-9E23AB4A-0B82-4766-908D-EB2232CBFE91" name="no" sourceRef="sid-8B6F3390-7D1A-4E8E-910B-2B8360992EEC" targetRef="sid-B6895FCA-566E-4FC4-AFF8-2B56B33543FF"/>
    <endEvent id="sid-BE388C89-03D0-4C58-8E35-1ADE05499FF6"/>
    <sequenceFlow id="sid-77C261CE-94ED-400E-84AC-56E01B1FDA11" sourceRef="sid-B6895FCA-566E-4FC4-AFF8-2B56B33543FF" targetRef="sid-BE388C89-03D0-4C58-8E35-1ADE05499FF6"/>
    <userTask id="sid-5F0F46AC-78B1-40E1-8261-5782FD8ACEB9" name="say Lets try to arm it while I watch from here" activiti:exclusive="false"/>
    <sequenceFlow id="sid-2E0AECA3-22A3-4C7F-84D6-BF82FED66A12" name="yes" sourceRef="sid-95A703F5-C507-41FF-ACF3-13281D714BC0" targetRef="sid-5F0F46AC-78B1-40E1-8261-5782FD8ACEB9"/>
    <endEvent id="sid-2B83B85B-77C6-40D9-8155-4887CA395731"/>
    <sequenceFlow id="sid-49419DBF-0876-4118-A935-25D58AA4DC23" sourceRef="sid-5F0F46AC-78B1-40E1-8261-5782FD8ACEB9" targetRef="sid-2B83B85B-77C6-40D9-8155-4887CA395731"/>
    <userTask id="sid-21E24B6B-E36F-4E83-B9D4-E18DF485204A" name="say For future reference your ticket number is INC4321" activiti:exclusive="false"/>
    <sequenceFlow id="sid-EE2512DD-20C0-41EE-9C41-014B840F3848" sourceRef="sid-6F9CA7EA-EFF5-420F-81FC-76BD7441C1DC" targetRef="sid-21E24B6B-E36F-4E83-B9D4-E18DF485204A"/>
    <endEvent id="sid-372A2B1D-3A66-4A4C-8470-DB2707BD46A6"/>
    <sequenceFlow id="sid-2F1219AA-890F-4165-9FA1-D53DAE82D94C" sourceRef="sid-21E24B6B-E36F-4E83-B9D4-E18DF485204A" targetRef="sid-372A2B1D-3A66-4A4C-8470-DB2707BD46A6"/>
  </process>
  <bpmndi:BPMNDiagram id="BPMNDiagram_bpn_demo_xfinity_home">
    <bpmndi:BPMNPlane bpmnElement="bpn_demo_xfinity_home" id="BPMNPlane_bpn_demo_xfinity_home">
      <bpmndi:BPMNShape bpmnElement="sid-5243F53C-FFBE-40E6-BD2F-0FE66485A54A" id="BPMNShape_sid-5243F53C-FFBE-40E6-BD2F-0FE66485A54A">
        <omgdc:Bounds height="30.0" width="30.0" x="86.5" y="80.0"/>
      </bpmndi:BPMNShape>
      <bpmndi:BPMNShape bpmnElement="sid-50C3DB7D-69A0-4B51-980E-EF67875A0FF9" id="BPMNShape_sid-50C3DB7D-69A0-4B51-980E-EF67875A0FF9">
        <omgdc:Bounds height="80.0" width="100.0" x="161.5" y="55.0"/>
      </bpmndi:BPMNShape>
      <bpmndi:BPMNShape bpmnElement="sid-AADA49DF-A83C-4864-AC63-D0A0DFAD108E" id="BPMNShape_sid-AADA49DF-A83C-4864-AC63-D0A0DFAD108E">
        <omgdc:Bounds height="80.0" width="100.0" x="300.0" y="55.0"/>
      </bpmndi:BPMNShape>
      <bpmndi:BPMNShape bpmnElement="sid-463DC28A-F445-4D3B-B5D0-C97B1C5F9AD9" id="BPMNShape_sid-463DC28A-F445-4D3B-B5D0-C97B1C5F9AD9">
        <omgdc:Bounds height="80.0" width="100.0" x="510.0" y="55.0"/>
      </bpmndi:BPMNShape>
      <bpmndi:BPMNShape bpmnElement="sid-9982DE34-802B-4F72-BA1E-F7ABDF7C09CC" id="BPMNShape_sid-9982DE34-802B-4F72-BA1E-F7ABDF7C09CC">
        <omgdc:Bounds height="80.0" width="100.0" x="655.0" y="55.0"/>
      </bpmndi:BPMNShape>
      <bpmndi:BPMNShape bpmnElement="sid-699DB7CA-B5DE-430D-AF82-AB54518FFE28" id="BPMNShape_sid-699DB7CA-B5DE-430D-AF82-AB54518FFE28">
        <omgdc:Bounds height="28.0" width="28.0" x="800.0" y="81.0"/>
      </bpmndi:BPMNShape>
      <bpmndi:BPMNShape bpmnElement="sid-57FAB115-538F-42E8-B8EF-8436C51BF84F" id="BPMNShape_sid-57FAB115-538F-42E8-B8EF-8436C51BF84F">
        <omgdc:Bounds height="80.0" width="100.0" x="800.0" y="55.0"/>
      </bpmndi:BPMNShape>
      <bpmndi:BPMNShape bpmnElement="sid-28EB4BC0-FA2A-4DED-A4EA-11E9AFDDC52D" id="BPMNShape_sid-28EB4BC0-FA2A-4DED-A4EA-11E9AFDDC52D">
        <omgdc:Bounds height="80.0" width="100.0" x="945.0" y="55.0"/>
      </bpmndi:BPMNShape>
      <bpmndi:BPMNShape bpmnElement="sid-9E9B3686-4787-4109-962A-EB5EF8F60EDC" id="BPMNShape_sid-9E9B3686-4787-4109-962A-EB5EF8F60EDC">
        <omgdc:Bounds height="80.0" width="100.0" x="1090.0" y="55.0"/>
      </bpmndi:BPMNShape>
      <bpmndi:BPMNShape bpmnElement="sid-42F8170A-C5EB-4698-BDA9-994BF09452EE" id="BPMNShape_sid-42F8170A-C5EB-4698-BDA9-994BF09452EE">
        <omgdc:Bounds height="80.0" width="100.0" x="1235.0" y="55.0"/>
      </bpmndi:BPMNShape>
      <bpmndi:BPMNShape bpmnElement="sid-D7DCBFA6-DA62-4545-A697-A199BC9781DC" id="BPMNShape_sid-D7DCBFA6-DA62-4545-A697-A199BC9781DC">
        <omgdc:Bounds height="80.0" width="100.0" x="165.0" y="240.0"/>
      </bpmndi:BPMNShape>
      <bpmndi:BPMNShape bpmnElement="sid-8A25CDD9-B3FD-48CB-ACEA-99D3105C1B42" id="BPMNShape_sid-8A25CDD9-B3FD-48CB-ACEA-99D3105C1B42">
        <omgdc:Bounds height="80.0" width="100.0" x="310.0" y="240.0"/>
      </bpmndi:BPMNShape>
      <bpmndi:BPMNShape bpmnElement="sid-AE50323D-525D-4872-BEDC-7935F3F03FD7" id="BPMNShape_sid-AE50323D-525D-4872-BEDC-7935F3F03FD7">
        <omgdc:Bounds height="80.0" width="100.0" x="455.0" y="240.0"/>
      </bpmndi:BPMNShape>
      <bpmndi:BPMNShape bpmnElement="sid-DDBAB712-65F0-4565-901D-D74C2982D434" id="BPMNShape_sid-DDBAB712-65F0-4565-901D-D74C2982D434">
        <omgdc:Bounds height="80.0" width="100.0" x="455.0" y="450.0"/>
      </bpmndi:BPMNShape>
      <bpmndi:BPMNShape bpmnElement="sid-AAB0695F-09CE-4781-90FB-47458FC7F2E3" id="BPMNShape_sid-AAB0695F-09CE-4781-90FB-47458FC7F2E3">
        <omgdc:Bounds height="80.0" width="100.0" x="600.0" y="450.0"/>
      </bpmndi:BPMNShape>
      <bpmndi:BPMNShape bpmnElement="sid-3D593DE4-DF74-429B-B938-4FB854069133" id="BPMNShape_sid-3D593DE4-DF74-429B-B938-4FB854069133">
        <omgdc:Bounds height="80.0" width="100.0" x="750.0" y="450.0"/>
      </bpmndi:BPMNShape>
      <bpmndi:BPMNShape bpmnElement="sid-98B4F000-51CB-41E5-AE96-FB7CD63C86F4" id="BPMNShape_sid-98B4F000-51CB-41E5-AE96-FB7CD63C86F4">
        <omgdc:Bounds height="30.0" width="30.0" x="895.0" y="475.0"/>
      </bpmndi:BPMNShape>
      <bpmndi:BPMNShape bpmnElement="sid-9BF5439B-C7CD-4BE7-839F-914F7E244E93" id="BPMNShape_sid-9BF5439B-C7CD-4BE7-839F-914F7E244E93">
        <omgdc:Bounds height="80.0" width="100.0" x="764.0" y="240.0"/>
      </bpmndi:BPMNShape>
      <bpmndi:BPMNShape bpmnElement="sid-3C1F7557-10E9-43F8-BE7B-CBA12EA2335C" id="BPMNShape_sid-3C1F7557-10E9-43F8-BE7B-CBA12EA2335C">
        <omgdc:Bounds height="80.0" width="100.0" x="909.0" y="240.0"/>
      </bpmndi:BPMNShape>
      <bpmndi:BPMNShape bpmnElement="sid-80EF46D5-5A92-4218-93A2-0F1611706283" id="BPMNShape_sid-80EF46D5-5A92-4218-93A2-0F1611706283">
        <omgdc:Bounds height="80.0" width="100.0" x="1054.0" y="240.0"/>
      </bpmndi:BPMNShape>
      <bpmndi:BPMNShape bpmnElement="sid-589625DC-5741-46D2-83DC-93782EEA06B7" id="BPMNShape_sid-589625DC-5741-46D2-83DC-93782EEA06B7">
        <omgdc:Bounds height="80.0" width="100.0" x="1199.0" y="240.0"/>
      </bpmndi:BPMNShape>
      <bpmndi:BPMNShape bpmnElement="sid-95A703F5-C507-41FF-ACF3-13281D714BC0" id="BPMNShape_sid-95A703F5-C507-41FF-ACF3-13281D714BC0">
        <omgdc:Bounds height="80.0" width="100.0" x="930.0" y="375.0"/>
      </bpmndi:BPMNShape>
      <bpmndi:BPMNShape bpmnElement="sid-F08DA3FE-8A25-4ED9-A383-9DCF48BD44BF" id="BPMNShape_sid-F08DA3FE-8A25-4ED9-A383-9DCF48BD44BF">
        <omgdc:Bounds height="80.0" width="100.0" x="1075.0" y="375.0"/>
      </bpmndi:BPMNShape>
      <bpmndi:BPMNShape bpmnElement="sid-8A8A98E0-B028-4266-A12D-4C14F89F77AB" id="BPMNShape_sid-8A8A98E0-B028-4266-A12D-4C14F89F77AB">
        <omgdc:Bounds height="80.0" width="100.0" x="1220.0" y="375.0"/>
      </bpmndi:BPMNShape>
      <bpmndi:BPMNShape bpmnElement="sid-8B6F3390-7D1A-4E8E-910B-2B8360992EEC" id="BPMNShape_sid-8B6F3390-7D1A-4E8E-910B-2B8360992EEC">
        <omgdc:Bounds height="80.0" width="100.0" x="1220.0" y="510.0"/>
      </bpmndi:BPMNShape>
      <bpmndi:BPMNShape bpmnElement="sid-6F9CA7EA-EFF5-420F-81FC-76BD7441C1DC" id="BPMNShape_sid-6F9CA7EA-EFF5-420F-81FC-76BD7441C1DC">
        <omgdc:Bounds height="80.0" width="100.0" x="1017.5" y="645.0"/>
      </bpmndi:BPMNShape>
      <bpmndi:BPMNShape bpmnElement="sid-B6895FCA-566E-4FC4-AFF8-2B56B33543FF" id="BPMNShape_sid-B6895FCA-566E-4FC4-AFF8-2B56B33543FF">
        <omgdc:Bounds height="80.0" width="100.0" x="1220.0" y="645.0"/>
      </bpmndi:BPMNShape>
      <bpmndi:BPMNShape bpmnElement="sid-BE388C89-03D0-4C58-8E35-1ADE05499FF6" id="BPMNShape_sid-BE388C89-03D0-4C58-8E35-1ADE05499FF6">
        <omgdc:Bounds height="28.0" width="28.0" x="1380.0" y="671.0"/>
      </bpmndi:BPMNShape>
      <bpmndi:BPMNShape bpmnElement="sid-5F0F46AC-78B1-40E1-8261-5782FD8ACEB9" id="BPMNShape_sid-5F0F46AC-78B1-40E1-8261-5782FD8ACEB9">
        <omgdc:Bounds height="80.0" width="100.0" x="870.0" y="570.0"/>
      </bpmndi:BPMNShape>
      <bpmndi:BPMNShape bpmnElement="sid-2B83B85B-77C6-40D9-8155-4887CA395731" id="BPMNShape_sid-2B83B85B-77C6-40D9-8155-4887CA395731">
        <omgdc:Bounds height="28.0" width="28.0" x="1015.0" y="596.0"/>
      </bpmndi:BPMNShape>
      <bpmndi:BPMNShape bpmnElement="sid-21E24B6B-E36F-4E83-B9D4-E18DF485204A" id="BPMNShape_sid-21E24B6B-E36F-4E83-B9D4-E18DF485204A">
        <omgdc:Bounds height="80.0" width="100.0" x="1017.5" y="765.0"/>
      </bpmndi:BPMNShape>
      <bpmndi:BPMNShape bpmnElement="sid-372A2B1D-3A66-4A4C-8470-DB2707BD46A6" id="BPMNShape_sid-372A2B1D-3A66-4A4C-8470-DB2707BD46A6">
        <omgdc:Bounds height="28.0" width="28.0" x="1162.5" y="791.0"/>
      </bpmndi:BPMNShape>
      <bpmndi:BPMNEdge bpmnElement="sid-F8C34D9D-3046-408B-9DD1-5F259B2CFB6D" id="BPMNEdge_sid-F8C34D9D-3046-408B-9DD1-5F259B2CFB6D">
        <omgdi:waypoint x="261.5" y="95.0"/>
        <omgdi:waypoint x="300.0" y="95.0"/>
      </bpmndi:BPMNEdge>
      <bpmndi:BPMNEdge bpmnElement="sid-CE890DFE-E072-45FF-B68D-10589A8E5195" id="BPMNEdge_sid-CE890DFE-E072-45FF-B68D-10589A8E5195">
        <omgdi:waypoint x="610.0" y="95.0"/>
        <omgdi:waypoint x="655.0" y="95.0"/>
      </bpmndi:BPMNEdge>
      <bpmndi:BPMNEdge bpmnElement="sid-49419DBF-0876-4118-A935-25D58AA4DC23" id="BPMNEdge_sid-49419DBF-0876-4118-A935-25D58AA4DC23">
        <omgdi:waypoint x="970.0" y="610.0"/>
        <omgdi:waypoint x="1015.0" y="610.0"/>
      </bpmndi:BPMNEdge>
      <bpmndi:BPMNEdge bpmnElement="sid-728EA34B-A1BB-4A81-9F83-62127647A430" id="BPMNEdge_sid-728EA34B-A1BB-4A81-9F83-62127647A430">
        <omgdi:waypoint x="400.0" y="95.0"/>
        <omgdi:waypoint x="510.0" y="95.0"/>
      </bpmndi:BPMNEdge>
      <bpmndi:BPMNEdge bpmnElement="sid-F7A93CF5-9014-47DE-8863-A7C9AF81BE00" id="BPMNEdge_sid-F7A93CF5-9014-47DE-8863-A7C9AF81BE00">
        <omgdi:waypoint x="116.5" y="95.0"/>
        <omgdi:waypoint x="161.5" y="95.0"/>
      </bpmndi:BPMNEdge>
      <bpmndi:BPMNEdge bpmnElement="sid-E6252047-79FF-45C8-AB51-48FF3C7FB317" id="BPMNEdge_sid-E6252047-79FF-45C8-AB51-48FF3C7FB317">
        <omgdi:waypoint x="755.0" y="95.0"/>
        <omgdi:waypoint x="800.0" y="95.0"/>
      </bpmndi:BPMNEdge>
      <bpmndi:BPMNEdge bpmnElement="sid-6494232D-578C-4E04-8D26-A104466EFFCD" id="BPMNEdge_sid-6494232D-578C-4E04-8D26-A104466EFFCD">
        <omgdi:waypoint x="555.0" y="280.0"/>
        <omgdi:waypoint x="764.0" y="280.0"/>
      </bpmndi:BPMNEdge>
      <bpmndi:BPMNEdge bpmnElement="sid-B6653E40-4AA0-4410-B085-3B5EB3340613" id="BPMNEdge_sid-B6653E40-4AA0-4410-B085-3B5EB3340613">
        <omgdi:waypoint x="864.0" y="280.0"/>
        <omgdi:waypoint x="909.0" y="280.0"/>
      </bpmndi:BPMNEdge>
      <bpmndi:BPMNEdge bpmnElement="sid-7FE1F017-6CD3-46E8-B28A-563883EF00F0" id="BPMNEdge_sid-7FE1F017-6CD3-46E8-B28A-563883EF00F0">
        <omgdi:waypoint x="1190.0" y="95.0"/>
        <omgdi:waypoint x="1235.0" y="95.0"/>
      </bpmndi:BPMNEdge>
      <bpmndi:BPMNEdge bpmnElement="sid-13CD791B-1FA8-4F14-A7E9-C62688FB26F5" id="BPMNEdge_sid-13CD791B-1FA8-4F14-A7E9-C62688FB26F5">
        <omgdi:waypoint x="900.0" y="95.0"/>
        <omgdi:waypoint x="945.0" y="95.0"/>
      </bpmndi:BPMNEdge>
      <bpmndi:BPMNEdge bpmnElement="sid-D9D0FACC-CA05-440F-936B-81C4DA024837" id="BPMNEdge_sid-D9D0FACC-CA05-440F-936B-81C4DA024837">
        <omgdi:waypoint x="1030.0" y="415.0"/>
        <omgdi:waypoint x="1075.0" y="415.0"/>
      </bpmndi:BPMNEdge>
      <bpmndi:BPMNEdge bpmnElement="sid-18681DD0-9791-4B66-9777-C9B31E794B80" id="BPMNEdge_sid-18681DD0-9791-4B66-9777-C9B31E794B80">
        <omgdi:waypoint x="1220.0" y="550.0"/>
        <omgdi:waypoint x="1067.0" y="550.0"/>
        <omgdi:waypoint x="1067.351851851852" y="645.0"/>
      </bpmndi:BPMNEdge>
      <bpmndi:BPMNEdge bpmnElement="sid-FD3FD0FF-9A0E-4162-8578-F1AA2942EAD4" id="BPMNEdge_sid-FD3FD0FF-9A0E-4162-8578-F1AA2942EAD4">
        <omgdi:waypoint x="850.0" y="490.0"/>
        <omgdi:waypoint x="895.0" y="490.0"/>
      </bpmndi:BPMNEdge>
      <bpmndi:BPMNEdge bpmnElement="sid-2F1219AA-890F-4165-9FA1-D53DAE82D94C" id="BPMNEdge_sid-2F1219AA-890F-4165-9FA1-D53DAE82D94C">
        <omgdi:waypoint x="1117.5" y="805.0"/>
        <omgdi:waypoint x="1162.5" y="805.0"/>
      </bpmndi:BPMNEdge>
      <bpmndi:BPMNEdge bpmnElement="sid-3614EA7A-C332-4DB9-A638-086A36085D0D" id="BPMNEdge_sid-3614EA7A-C332-4DB9-A638-086A36085D0D">
        <omgdi:waypoint x="555.0" y="490.0"/>
        <omgdi:waypoint x="600.0" y="490.0"/>
      </bpmndi:BPMNEdge>
      <bpmndi:BPMNEdge bpmnElement="sid-A0C23549-DD8B-4AE5-8F0B-17CB4DDA769D" id="BPMNEdge_sid-A0C23549-DD8B-4AE5-8F0B-17CB4DDA769D">
        <omgdi:waypoint x="1175.0" y="415.0"/>
        <omgdi:waypoint x="1220.0" y="415.0"/>
      </bpmndi:BPMNEdge>
      <bpmndi:BPMNEdge bpmnElement="sid-77C261CE-94ED-400E-84AC-56E01B1FDA11" id="BPMNEdge_sid-77C261CE-94ED-400E-84AC-56E01B1FDA11">
        <omgdi:waypoint x="1320.0" y="685.0"/>
        <omgdi:waypoint x="1380.0" y="685.0"/>
      </bpmndi:BPMNEdge>
      <bpmndi:BPMNEdge bpmnElement="sid-16B3ED91-5F62-40C2-BDC6-108BC837F77B" id="BPMNEdge_sid-16B3ED91-5F62-40C2-BDC6-108BC837F77B">
        <omgdi:waypoint x="410.0" y="280.0"/>
        <omgdi:waypoint x="455.0" y="280.0"/>
      </bpmndi:BPMNEdge>
      <bpmndi:BPMNEdge bpmnElement="sid-4DB972AD-BE48-476C-86B0-CC98406B6BEA" id="BPMNEdge_sid-4DB972AD-BE48-476C-86B0-CC98406B6BEA">
        <omgdi:waypoint x="1235.0" y="103.64485981308411"/>
        <omgdi:waypoint x="265.0" y="271.3551401869159"/>
      </bpmndi:BPMNEdge>
      <bpmndi:BPMNEdge bpmnElement="sid-39AF6357-6BFF-42E3-834E-A32C83CE40BD" id="BPMNEdge_sid-39AF6357-6BFF-42E3-834E-A32C83CE40BD">
        <omgdi:waypoint x="505.0" y="320.0"/>
        <omgdi:waypoint x="505.0" y="450.0"/>
      </bpmndi:BPMNEdge>
      <bpmndi:BPMNEdge bpmnElement="sid-699B6736-94ED-4931-B15D-4986473D7BAA" id="BPMNEdge_sid-699B6736-94ED-4931-B15D-4986473D7BAA">
        <omgdi:waypoint x="622.3809523809524" y="450.0"/>
        <omgdi:waypoint x="532.6190476190476" y="320.0"/>
      </bpmndi:BPMNEdge>
      <bpmndi:BPMNEdge bpmnElement="sid-585A7A76-CEA6-4178-AD15-637AAB70F7E3" id="BPMNEdge_sid-585A7A76-CEA6-4178-AD15-637AAB70F7E3">
        <omgdi:waypoint x="1154.0" y="280.0"/>
        <omgdi:waypoint x="1199.0" y="280.0"/>
      </bpmndi:BPMNEdge>
      <bpmndi:BPMNEdge bpmnElement="sid-9E23AB4A-0B82-4766-908D-EB2232CBFE91" id="BPMNEdge_sid-9E23AB4A-0B82-4766-908D-EB2232CBFE91">
        <omgdi:waypoint x="1270.0" y="590.0"/>
        <omgdi:waypoint x="1270.0" y="645.0"/>
      </bpmndi:BPMNEdge>
      <bpmndi:BPMNEdge bpmnElement="sid-0AE7C1AF-0CAA-469A-B026-5D8F879B90D1" id="BPMNEdge_sid-0AE7C1AF-0CAA-469A-B026-5D8F879B90D1">
        <omgdi:waypoint x="1045.0" y="95.0"/>
        <omgdi:waypoint x="1090.0" y="95.0"/>
      </bpmndi:BPMNEdge>
      <bpmndi:BPMNEdge bpmnElement="sid-EE2512DD-20C0-41EE-9C41-014B840F3848" id="BPMNEdge_sid-EE2512DD-20C0-41EE-9C41-014B840F3848">
        <omgdi:waypoint x="1067.5" y="725.0"/>
        <omgdi:waypoint x="1067.5" y="765.0"/>
      </bpmndi:BPMNEdge>
      <bpmndi:BPMNEdge bpmnElement="sid-69F805E4-6C48-42A7-8FBE-E7EB73A502B5" id="BPMNEdge_sid-69F805E4-6C48-42A7-8FBE-E7EB73A502B5">
        <omgdi:waypoint x="265.0" y="280.0"/>
        <omgdi:waypoint x="310.0" y="280.0"/>
      </bpmndi:BPMNEdge>
      <bpmndi:BPMNEdge bpmnElement="sid-8DB26CB7-1EC5-4E4E-A66A-D34229B33531" id="BPMNEdge_sid-8DB26CB7-1EC5-4E4E-A66A-D34229B33531">
        <omgdi:waypoint x="1249.0" y="320.0"/>
        <omgdi:waypoint x="1249.0" y="347.0"/>
        <omgdi:waypoint x="980.0" y="347.0"/>
        <omgdi:waypoint x="980.0" y="375.0"/>
      </bpmndi:BPMNEdge>
      <bpmndi:BPMNEdge bpmnElement="sid-75D4681C-33AE-4DFD-BA72-DBE9EEBB3F61" id="BPMNEdge_sid-75D4681C-33AE-4DFD-BA72-DBE9EEBB3F61">
        <omgdi:waypoint x="700.0" y="490.0"/>
        <omgdi:waypoint x="750.0" y="490.0"/>
      </bpmndi:BPMNEdge>
      <bpmndi:BPMNEdge bpmnElement="sid-2E0AECA3-22A3-4C7F-84D6-BF82FED66A12" id="BPMNEdge_sid-2E0AECA3-22A3-4C7F-84D6-BF82FED66A12">
        <omgdi:waypoint x="930.0" y="415.0"/>
        <omgdi:waypoint x="920.0" y="415.0"/>
        <omgdi:waypoint x="920.0" y="570.0"/>
      </bpmndi:BPMNEdge>
      <bpmndi:BPMNEdge bpmnElement="sid-F1CCC8D8-2840-42BF-983E-BD8F2FB5919A" id="BPMNEdge_sid-F1CCC8D8-2840-42BF-983E-BD8F2FB5919A">
        <omgdi:waypoint x="1270.0" y="455.0"/>
        <omgdi:waypoint x="1270.0" y="510.0"/>
      </bpmndi:BPMNEdge>
      <bpmndi:BPMNEdge bpmnElement="sid-513E9C5B-B0BA-4F51-88FF-9C4F3FB873E5" id="BPMNEdge_sid-513E9C5B-B0BA-4F51-88FF-9C4F3FB873E5">
        <omgdi:waypoint x="1009.0" y="280.0"/>
        <omgdi:waypoint x="1054.0" y="280.0"/>
      </bpmndi:BPMNEdge>
    </bpmndi:BPMNPlane>
  </bpmndi:BPMNDiagram>
</definitions>