<?xml version='1.0' encoding='UTF-8'?>
<definitions xmlns="http://www.omg.org/spec/BPMN/20100524/MODEL" xmlns:xsi="http://www.w3.org/2001/XMLSchema-instance" xmlns:activiti="http://activiti.org/bpmn" xmlns:bpmndi="http://www.omg.org/spec/BPMN/20100524/DI" xmlns:omgdc="http://www.omg.org/spec/DD/20100524/DC" xmlns:omgdi="http://www.omg.org/spec/DD/20100524/DI" typeLanguage="http://www.w3.org/2001/XMLSchema" expressionLanguage="http://www.w3.org/1999/XPath" targetNamespace="http://www.activiti.org/processdef">
  <process id="bpn_comcast_salesforce" name="bpn_comcast_salesforce" isExecutable="true">
    <startEvent id="sid-80AA7C7F-8CF7-4E2D-83D9-91D02A028DBF"/>
    <userTask id="sid-85E7DE8D-85B0-4244-86CA-C822FD0D88B6" name="Ask the user what is the salesforce application ID" activiti:exclusive="false"/>
    <endEvent id="sid-ECD7A848-F4EF-4A8D-9C14-15E613D99F9F"/>
    <userTask id="sid-A552B122-988C-4B22-BBFC-BD53DC99C051" name="say I will be happy to help you with your salesforce's issue." activiti:exclusive="false"/>
    <sequenceFlow id="sid-05E52248-4678-4D25-8725-E85274C5F866" sourceRef="sid-80AA7C7F-8CF7-4E2D-83D9-91D02A028DBF" targetRef="sid-A552B122-988C-4B22-BBFC-BD53DC99C051"/>
    <sequenceFlow id="sid-7A6690FF-CFBD-4EA7-89C0-9B6D3198327B" sourceRef="sid-A552B122-988C-4B22-BBFC-BD53DC99C051" targetRef="sid-85E7DE8D-85B0-4244-86CA-C822FD0D88B6"/>
    <userTask id="sid-86BFBCD8-4DC9-49C6-AEA5-C7B64175EECD" name="ask what is the opportunity_ID" activiti:exclusive="false"/>
    <userTask id="sid-E4282D1F-3BE0-4DC5-A3AD-FAA24F66CF42" name="ask whether this is a prospect issue" activiti:exclusive="false"/>
    <userTask id="sid-66B46D42-3C0B-4CE3-AF83-0720BD432482" name="ask what is the prospect_ID" activiti:exclusive="false"/>
    <sequenceFlow id="sid-FA772D52-7262-4F33-AACE-FE17B4055AE5" name="yes" sourceRef="sid-E4282D1F-3BE0-4DC5-A3AD-FAA24F66CF42" targetRef="sid-66B46D42-3C0B-4CE3-AF83-0720BD432482"/>
    <sequenceFlow id="sid-8D65AC78-79C7-426A-B21D-5289158C5B7A" name="ENT" sourceRef="sid-85E7DE8D-85B0-4244-86CA-C822FD0D88B6" targetRef="sid-86BFBCD8-4DC9-49C6-AEA5-C7B64175EECD"/>
    <userTask id="sid-1EFA0203-CD36-452D-85CB-F75AB8E69DA3" name="ask what is the description" activiti:exclusive="false"/>
    <userTask id="sid-A2E520A8-515C-4544-A4E3-CE039A7E8FFD" name="ask what is the error message" activiti:exclusive="false"/>
    <sequenceFlow id="sid-EF1C0733-D010-4B2E-8AF1-6FBC7E7DB4A5" sourceRef="sid-1EFA0203-CD36-452D-85CB-F75AB8E69DA3" targetRef="sid-A2E520A8-515C-4544-A4E3-CE039A7E8FFD"/>
    <userTask id="sid-E5212383-6B14-46B9-99F8-2EF333D6F3C1" name="ask what is the contact number" activiti:exclusive="false"/>
    <userTask id="sid-5C397637-CF71-43A1-BA7F-F291390158D3" name="ask what is the email address" activiti:exclusive="false"/>
    <sequenceFlow id="sid-B29DF3E0-2637-449D-BA7C-A0491FB59C54" sourceRef="sid-E5212383-6B14-46B9-99F8-2EF333D6F3C1" targetRef="sid-5C397637-CF71-43A1-BA7F-F291390158D3"/>
    <userTask id="sid-B6805A1C-6A94-4A9B-8640-E99EA51F986D" name="execute the automaton aut_salesforces_issue_tkt" activiti:exclusive="false"/>
    <userTask id="sid-69B7370D-ACFB-4BF7-9FE3-24FB854C23F9" name="say Your Ticket:${ticket_number}" activiti:exclusive="false"/>
    <sequenceFlow id="sid-D5B3C688-A9E3-4A35-805A-AD4878D4292D" sourceRef="sid-B6805A1C-6A94-4A9B-8640-E99EA51F986D" targetRef="sid-69B7370D-ACFB-4BF7-9FE3-24FB854C23F9"/>
    <sequenceFlow id="sid-5A127EE0-1335-4DCA-A7FE-08F98FF78DCE" sourceRef="sid-69B7370D-ACFB-4BF7-9FE3-24FB854C23F9" targetRef="sid-ECD7A848-F4EF-4A8D-9C14-15E613D99F9F"/>
    <sequenceFlow id="sid-2201DB0B-4DDA-40AB-954C-14452466D8D9" name="SMB" sourceRef="sid-85E7DE8D-85B0-4244-86CA-C822FD0D88B6" targetRef="sid-1EFA0203-CD36-452D-85CB-F75AB8E69DA3"/>
    <userTask id="sid-06FDD3A2-753A-421C-BDA9-4FB315686708" name="ask who is the opportunity owner" activiti:exclusive="false"/>
    <sequenceFlow id="sid-BC8E302F-0B9C-4DE4-96EB-837E4C0E695B" sourceRef="sid-86BFBCD8-4DC9-49C6-AEA5-C7B64175EECD" targetRef="sid-06FDD3A2-753A-421C-BDA9-4FB315686708"/>
    <sequenceFlow id="sid-2E02C75A-EDD4-415C-9B7E-A98130E474F5" sourceRef="sid-06FDD3A2-753A-421C-BDA9-4FB315686708" targetRef="sid-E4282D1F-3BE0-4DC5-A3AD-FAA24F66CF42"/>
    <sequenceFlow id="sid-E3686856-0382-4DEE-8216-27B42B819A16" sourceRef="sid-5C397637-CF71-43A1-BA7F-F291390158D3" targetRef="sid-B6805A1C-6A94-4A9B-8640-E99EA51F986D"/>
    <userTask id="sid-AF0E434B-3EBC-44C0-8F06-F8040C54ACF9" name="ask whether the user wants to upload a screenshot" activiti:exclusive="false"/>
    <userTask id="sid-44F4DD3E-DD17-4014-9217-86512F96F8E6" name="request an image file identified by screenshot_id" activiti:exclusive="false"/>
    <sequenceFlow id="sid-F003B091-B5BB-4B28-BAEE-F4DBB5B0257C" name="yes" sourceRef="sid-AF0E434B-3EBC-44C0-8F06-F8040C54ACF9" targetRef="sid-44F4DD3E-DD17-4014-9217-86512F96F8E6"/>
    <userTask id="sid-2537CA93-5833-4780-AD92-7436DFCDEAEB" name="set the variable file_url to &quot;${screenshot_id.encodedUrl}&quot;" activiti:exclusive="false"/>
    <sequenceFlow id="sid-C774A42C-9B5C-4F3C-AFA2-45AF83F44A0E" sourceRef="sid-44F4DD3E-DD17-4014-9217-86512F96F8E6" targetRef="sid-2537CA93-5833-4780-AD92-7436DFCDEAEB"/>
    <userTask id="sid-711C23BC-3E50-4898-8C3F-665DC5A151EC" name="set the variable file_url to &quot;Not Applicable&quot;" activiti:exclusive="false"/>
    <sequenceFlow id="sid-E52680C5-6316-475D-8B21-97FCC81F8613" name="no" sourceRef="sid-AF0E434B-3EBC-44C0-8F06-F8040C54ACF9" targetRef="sid-711C23BC-3E50-4898-8C3F-665DC5A151EC"/>
    <sequenceFlow id="sid-15D412CA-D976-4CB6-8118-97E55F0C90A0" sourceRef="sid-A2E520A8-515C-4544-A4E3-CE039A7E8FFD" targetRef="sid-E5212383-6B14-46B9-99F8-2EF333D6F3C1"/>
    <sequenceFlow id="sid-A8C5A849-2E56-4D71-AAA1-166AB81DD28D" name="no" sourceRef="sid-E4282D1F-3BE0-4DC5-A3AD-FAA24F66CF42" targetRef="sid-AF0E434B-3EBC-44C0-8F06-F8040C54ACF9"/>
    <sequenceFlow id="sid-322E3CEB-0428-4DA8-A88D-800B4D38FB34" sourceRef="sid-66B46D42-3C0B-4CE3-AF83-0720BD432482" targetRef="sid-AF0E434B-3EBC-44C0-8F06-F8040C54ACF9"/>
    <sequenceFlow id="sid-9D8737B6-452E-4C0B-AA72-C2A1DE668D42" sourceRef="sid-711C23BC-3E50-4898-8C3F-665DC5A151EC" targetRef="sid-1EFA0203-CD36-452D-85CB-F75AB8E69DA3"/>
    <sequenceFlow id="sid-20CFA15A-4756-4E57-819F-1B1B205AC9F2" sourceRef="sid-2537CA93-5833-4780-AD92-7436DFCDEAEB" targetRef="sid-1EFA0203-CD36-452D-85CB-F75AB8E69DA3"/>
  </process>
  <bpmndi:BPMNDiagram id="BPMNDiagram_bpn_comcast_salesforce">
    <bpmndi:BPMNPlane bpmnElement="bpn_comcast_salesforce" id="BPMNPlane_bpn_comcast_salesforce">
      <bpmndi:BPMNShape bpmnElement="sid-80AA7C7F-8CF7-4E2D-83D9-91D02A028DBF" id="BPMNShape_sid-80AA7C7F-8CF7-4E2D-83D9-91D02A028DBF">
        <omgdc:Bounds height="30.0" width="30.0" x="15.0" y="270.0"/>
      </bpmndi:BPMNShape>
      <bpmndi:BPMNShape bpmnElement="sid-85E7DE8D-85B0-4244-86CA-C822FD0D88B6" id="BPMNShape_sid-85E7DE8D-85B0-4244-86CA-C822FD0D88B6">
        <omgdc:Bounds height="80.0" width="100.0" x="225.0" y="245.0"/>
      </bpmndi:BPMNShape>
      <bpmndi:BPMNShape bpmnElement="sid-ECD7A848-F4EF-4A8D-9C14-15E613D99F9F" id="BPMNShape_sid-ECD7A848-F4EF-4A8D-9C14-15E613D99F9F">
        <omgdc:Bounds height="28.0" width="28.0" x="711.0" y="630.0"/>
      </bpmndi:BPMNShape>
      <bpmndi:BPMNShape bpmnElement="sid-A552B122-988C-4B22-BBFC-BD53DC99C051" id="BPMNShape_sid-A552B122-988C-4B22-BBFC-BD53DC99C051">
        <omgdc:Bounds height="80.0" width="100.0" x="90.0" y="245.0"/>
      </bpmndi:BPMNShape>
      <bpmndi:BPMNShape bpmnElement="sid-86BFBCD8-4DC9-49C6-AEA5-C7B64175EECD" id="BPMNShape_sid-86BFBCD8-4DC9-49C6-AEA5-C7B64175EECD">
        <omgdc:Bounds height="80.0" width="100.0" x="315.0" y="90.0"/>
      </bpmndi:BPMNShape>
      <bpmndi:BPMNShape bpmnElement="sid-E4282D1F-3BE0-4DC5-A3AD-FAA24F66CF42" id="BPMNShape_sid-E4282D1F-3BE0-4DC5-A3AD-FAA24F66CF42">
        <omgdc:Bounds height="80.0" width="100.0" x="585.0" y="90.0"/>
      </bpmndi:BPMNShape>
      <bpmndi:BPMNShape bpmnElement="sid-66B46D42-3C0B-4CE3-AF83-0720BD432482" id="BPMNShape_sid-66B46D42-3C0B-4CE3-AF83-0720BD432482">
        <omgdc:Bounds height="80.0" width="100.0" x="750.0" y="90.0"/>
      </bpmndi:BPMNShape>
      <bpmndi:BPMNShape bpmnElement="sid-1EFA0203-CD36-452D-85CB-F75AB8E69DA3" id="BPMNShape_sid-1EFA0203-CD36-452D-85CB-F75AB8E69DA3">
        <omgdc:Bounds height="80.0" width="100.0" x="1350.0" y="245.0"/>
      </bpmndi:BPMNShape>
      <bpmndi:BPMNShape bpmnElement="sid-A2E520A8-515C-4544-A4E3-CE039A7E8FFD" id="BPMNShape_sid-A2E520A8-515C-4544-A4E3-CE039A7E8FFD">
        <omgdc:Bounds height="80.0" width="100.0" x="75.0" y="450.0"/>
      </bpmndi:BPMNShape>
      <bpmndi:BPMNShape bpmnElement="sid-E5212383-6B14-46B9-99F8-2EF333D6F3C1" id="BPMNShape_sid-E5212383-6B14-46B9-99F8-2EF333D6F3C1">
        <omgdc:Bounds height="80.0" width="100.0" x="225.0" y="450.0"/>
      </bpmndi:BPMNShape>
      <bpmndi:BPMNShape bpmnElement="sid-5C397637-CF71-43A1-BA7F-F291390158D3" id="BPMNShape_sid-5C397637-CF71-43A1-BA7F-F291390158D3">
        <omgdc:Bounds height="80.0" width="100.0" x="360.0" y="450.0"/>
      </bpmndi:BPMNShape>
      <bpmndi:BPMNShape bpmnElement="sid-B6805A1C-6A94-4A9B-8640-E99EA51F986D" id="BPMNShape_sid-B6805A1C-6A94-4A9B-8640-E99EA51F986D">
        <omgdc:Bounds height="80.0" width="100.0" x="525.0" y="450.0"/>
      </bpmndi:BPMNShape>
      <bpmndi:BPMNShape bpmnElement="sid-69B7370D-ACFB-4BF7-9FE3-24FB854C23F9" id="BPMNShape_sid-69B7370D-ACFB-4BF7-9FE3-24FB854C23F9">
        <omgdc:Bounds height="80.0" width="100.0" x="675.0" y="450.0"/>
      </bpmndi:BPMNShape>
      <bpmndi:BPMNShape bpmnElement="sid-06FDD3A2-753A-421C-BDA9-4FB315686708" id="BPMNShape_sid-06FDD3A2-753A-421C-BDA9-4FB315686708">
        <omgdc:Bounds height="80.0" width="100.0" x="450.0" y="90.0"/>
      </bpmndi:BPMNShape>
      <bpmndi:BPMNShape bpmnElement="sid-AF0E434B-3EBC-44C0-8F06-F8040C54ACF9" id="BPMNShape_sid-AF0E434B-3EBC-44C0-8F06-F8040C54ACF9">
        <omgdc:Bounds height="80.0" width="100.0" x="900.0" y="165.0"/>
      </bpmndi:BPMNShape>
      <bpmndi:BPMNShape bpmnElement="sid-44F4DD3E-DD17-4014-9217-86512F96F8E6" id="BPMNShape_sid-44F4DD3E-DD17-4014-9217-86512F96F8E6">
        <omgdc:Bounds height="80.0" width="100.0" x="1075.0" y="165.0"/>
      </bpmndi:BPMNShape>
      <bpmndi:BPMNShape bpmnElement="sid-2537CA93-5833-4780-AD92-7436DFCDEAEB" id="BPMNShape_sid-2537CA93-5833-4780-AD92-7436DFCDEAEB">
        <omgdc:Bounds height="80.0" width="100.0" x="1220.0" y="165.0"/>
      </bpmndi:BPMNShape>
      <bpmndi:BPMNShape bpmnElement="sid-711C23BC-3E50-4898-8C3F-665DC5A151EC" id="BPMNShape_sid-711C23BC-3E50-4898-8C3F-665DC5A151EC">
        <omgdc:Bounds height="80.0" width="100.0" x="1080.0" y="0.0"/>
      </bpmndi:BPMNShape>
      <bpmndi:BPMNEdge bpmnElement="sid-7A6690FF-CFBD-4EA7-89C0-9B6D3198327B" id="BPMNEdge_sid-7A6690FF-CFBD-4EA7-89C0-9B6D3198327B">
        <omgdi:waypoint x="190.0" y="285.0"/>
        <omgdi:waypoint x="225.0" y="285.0"/>
      </bpmndi:BPMNEdge>
      <bpmndi:BPMNEdge bpmnElement="sid-C774A42C-9B5C-4F3C-AFA2-45AF83F44A0E" id="BPMNEdge_sid-C774A42C-9B5C-4F3C-AFA2-45AF83F44A0E">
        <omgdi:waypoint x="1175.0" y="205.0"/>
        <omgdi:waypoint x="1220.0" y="205.0"/>
      </bpmndi:BPMNEdge>
      <bpmndi:BPMNEdge bpmnElement="sid-FA772D52-7262-4F33-AACE-FE17B4055AE5" id="BPMNEdge_sid-FA772D52-7262-4F33-AACE-FE17B4055AE5">
        <omgdi:waypoint x="685.0" y="130.0"/>
        <omgdi:waypoint x="750.0" y="130.0"/>
      </bpmndi:BPMNEdge>
      <bpmndi:BPMNEdge bpmnElement="sid-322E3CEB-0428-4DA8-A88D-800B4D38FB34" id="BPMNEdge_sid-322E3CEB-0428-4DA8-A88D-800B4D38FB34">
        <omgdi:waypoint x="850.0" y="130.0"/>
        <omgdi:waypoint x="875.0" y="130.0"/>
        <omgdi:waypoint x="875.0" y="140.0"/>
        <omgdi:waypoint x="903.8461538461538" y="165.0"/>
      </bpmndi:BPMNEdge>
      <bpmndi:BPMNEdge bpmnElement="sid-9D8737B6-452E-4C0B-AA72-C2A1DE668D42" id="BPMNEdge_sid-9D8737B6-452E-4C0B-AA72-C2A1DE668D42">
        <omgdi:waypoint x="1180.0" y="40.0"/>
        <omgdi:waypoint x="1400.0" y="40.0"/>
        <omgdi:waypoint x="1400.0" y="245.0"/>
      </bpmndi:BPMNEdge>
      <bpmndi:BPMNEdge bpmnElement="sid-E52680C5-6316-475D-8B21-97FCC81F8613" id="BPMNEdge_sid-E52680C5-6316-475D-8B21-97FCC81F8613">
        <omgdi:waypoint x="950.0" y="165.0"/>
        <omgdi:waypoint x="950.0" y="40.0"/>
        <omgdi:waypoint x="1080.0" y="40.0"/>
      </bpmndi:BPMNEdge>
      <bpmndi:BPMNEdge bpmnElement="sid-A8C5A849-2E56-4D71-AAA1-166AB81DD28D" id="BPMNEdge_sid-A8C5A849-2E56-4D71-AAA1-166AB81DD28D">
        <omgdi:waypoint x="635.0" y="170.0"/>
        <omgdi:waypoint x="635.0" y="205.0"/>
        <omgdi:waypoint x="900.0" y="205.0"/>
      </bpmndi:BPMNEdge>
      <bpmndi:BPMNEdge bpmnElement="sid-05E52248-4678-4D25-8725-E85274C5F866" id="BPMNEdge_sid-05E52248-4678-4D25-8725-E85274C5F866">
        <omgdi:waypoint x="45.0" y="285.0"/>
        <omgdi:waypoint x="90.0" y="285.0"/>
      </bpmndi:BPMNEdge>
      <bpmndi:BPMNEdge bpmnElement="sid-8D65AC78-79C7-426A-B21D-5289158C5B7A" id="BPMNEdge_sid-8D65AC78-79C7-426A-B21D-5289158C5B7A">
        <omgdi:waypoint x="275.0" y="245.0"/>
        <omgdi:waypoint x="275.0" y="130.0"/>
        <omgdi:waypoint x="315.0" y="130.0"/>
      </bpmndi:BPMNEdge>
      <bpmndi:BPMNEdge bpmnElement="sid-2201DB0B-4DDA-40AB-954C-14452466D8D9" id="BPMNEdge_sid-2201DB0B-4DDA-40AB-954C-14452466D8D9">
        <omgdi:waypoint x="325.0" y="285.0"/>
        <omgdi:waypoint x="1350.0" y="285.0"/>
      </bpmndi:BPMNEdge>
      <bpmndi:BPMNEdge bpmnElement="sid-2E02C75A-EDD4-415C-9B7E-A98130E474F5" id="BPMNEdge_sid-2E02C75A-EDD4-415C-9B7E-A98130E474F5">
        <omgdi:waypoint x="550.0" y="130.0"/>
        <omgdi:waypoint x="585.0" y="130.0"/>
      </bpmndi:BPMNEdge>
      <bpmndi:BPMNEdge bpmnElement="sid-B29DF3E0-2637-449D-BA7C-A0491FB59C54" id="BPMNEdge_sid-B29DF3E0-2637-449D-BA7C-A0491FB59C54">
        <omgdi:waypoint x="325.0" y="490.0"/>
        <omgdi:waypoint x="360.0" y="490.0"/>
      </bpmndi:BPMNEdge>
      <bpmndi:BPMNEdge bpmnElement="sid-D5B3C688-A9E3-4A35-805A-AD4878D4292D" id="BPMNEdge_sid-D5B3C688-A9E3-4A35-805A-AD4878D4292D">
        <omgdi:waypoint x="625.0" y="490.0"/>
        <omgdi:waypoint x="675.0" y="490.0"/>
      </bpmndi:BPMNEdge>
      <bpmndi:BPMNEdge bpmnElement="sid-15D412CA-D976-4CB6-8118-97E55F0C90A0" id="BPMNEdge_sid-15D412CA-D976-4CB6-8118-97E55F0C90A0">
        <omgdi:waypoint x="175.0" y="490.0"/>
        <omgdi:waypoint x="225.0" y="490.0"/>
      </bpmndi:BPMNEdge>
      <bpmndi:BPMNEdge bpmnElement="sid-20CFA15A-4756-4E57-819F-1B1B205AC9F2" id="BPMNEdge_sid-20CFA15A-4756-4E57-819F-1B1B205AC9F2">
        <omgdi:waypoint x="1320.0" y="205.0"/>
        <omgdi:waypoint x="1400.0" y="205.0"/>
        <omgdi:waypoint x="1400.0" y="245.0"/>
      </bpmndi:BPMNEdge>
      <bpmndi:BPMNEdge bpmnElement="sid-5A127EE0-1335-4DCA-A7FE-08F98FF78DCE" id="BPMNEdge_sid-5A127EE0-1335-4DCA-A7FE-08F98FF78DCE">
        <omgdi:waypoint x="725.0" y="530.0"/>
        <omgdi:waypoint x="725.0" y="630.0"/>
      </bpmndi:BPMNEdge>
      <bpmndi:BPMNEdge bpmnElement="sid-F003B091-B5BB-4B28-BAEE-F4DBB5B0257C" id="BPMNEdge_sid-F003B091-B5BB-4B28-BAEE-F4DBB5B0257C">
        <omgdi:waypoint x="1000.0" y="205.0"/>
        <omgdi:waypoint x="1075.0" y="205.0"/>
      </bpmndi:BPMNEdge>
      <bpmndi:BPMNEdge bpmnElement="sid-EF1C0733-D010-4B2E-8AF1-6FBC7E7DB4A5" id="BPMNEdge_sid-EF1C0733-D010-4B2E-8AF1-6FBC7E7DB4A5">
        <omgdi:waypoint x="1400.0" y="325.0"/>
        <omgdi:waypoint x="1400.0" y="350.0"/>
        <omgdi:waypoint x="125.0" y="350.0"/>
        <omgdi:waypoint x="125.0" y="450.0"/>
      </bpmndi:BPMNEdge>
      <bpmndi:BPMNEdge bpmnElement="sid-E3686856-0382-4DEE-8216-27B42B819A16" id="BPMNEdge_sid-E3686856-0382-4DEE-8216-27B42B819A16">
        <omgdi:waypoint x="460.0" y="490.0"/>
        <omgdi:waypoint x="525.0" y="490.0"/>
      </bpmndi:BPMNEdge>
      <bpmndi:BPMNEdge bpmnElement="sid-BC8E302F-0B9C-4DE4-96EB-837E4C0E695B" id="BPMNEdge_sid-BC8E302F-0B9C-4DE4-96EB-837E4C0E695B">
        <omgdi:waypoint x="415.0" y="130.0"/>
        <omgdi:waypoint x="450.0" y="130.0"/>
      </bpmndi:BPMNEdge>
    </bpmndi:BPMNPlane>
  </bpmndi:BPMNDiagram>
</definitions>