<?xml version='1.0' encoding='UTF-8'?>
<definitions xmlns="http://www.omg.org/spec/BPMN/20100524/MODEL" xmlns:xsi="http://www.w3.org/2001/XMLSchema-instance" xmlns:activiti="http://activiti.org/bpmn" xmlns:bpmndi="http://www.omg.org/spec/BPMN/20100524/DI" xmlns:omgdc="http://www.omg.org/spec/DD/20100524/DC" xmlns:omgdi="http://www.omg.org/spec/DD/20100524/DI" typeLanguage="http://www.w3.org/2001/XMLSchema" expressionLanguage="http://www.w3.org/1999/XPath" targetNamespace="http://www.activiti.org/test">
  <process id="bpn_comcast_csg_portnumber1_1" name="bpn_comcast_csg_portnumber1_1" isExecutable="true">
    <userTask id="sid-18899707-54b0-442c-bd7d-c3076118cf97" name="set the variable loop to ${loop+1}" activiti:exclusive="false"/>
    <userTask id="sid-ce62313e-6b71-4ddc-9f53-f5fba88db1fd" name="say I couldn't find your account number in our records" activiti:exclusive="false"/>
    <userTask id="sid-08465c00-9624-47f5-a9ea-1d55517a0254" name="escalate because &quot;the CSG account number provided was not found in our records&quot;" activiti:exclusive="false"/>
    <userTask id="sid-bcb13a1f-08b7-46f0-afd4-71b5a4d18efb" name="set the variable market to &quot;Not Applicable&quot;" activiti:exclusive="false"/>
    <endEvent id="sid-46b9b632-05bf-4b6d-a452-fddaa0454baf"/>
    <userTask id="sid-b6ca543c-8d3e-4d0b-b85d-0d3ad6874029" name="Say It seems you have submitted an invalid account number." activiti:exclusive="false"/>
    <userTask id="sid-c9fd42e6-8e6b-4411-bbe6-12d5dae232a3" name="Say Please double check the accuracy." activiti:exclusive="false"/>
    <userTask id="sid-c8c85131-6fed-4c32-9c93-1dd4f6b120a4" name="ask the user what the customer's account number is" activiti:exclusive="false"/>
    <userTask id="sid-32a3ee03-0152-4c3c-a519-85747df6065b" name="ask the user what the phone number to port is" activiti:exclusive="false"/>
    <userTask id="sid-8b86900b-4441-4482-8adb-f45c5ed421f4" name="execute the automaton aut_acsr_portnumber_tkt_creator" activiti:exclusive="false"/>
    <userTask id="sid-e0fdc07a-853f-449b-89e4-7f7d66755e10" name="say I will be happy to help you  to port a number; first let me gather the required details." activiti:exclusive="false"/>
    <startEvent id="sid-5fda10dc-c748-465a-b2de-0817ac2d7f0e"/>
    <userTask id="sid-aa5f9d80-3a3a-49fb-9c3f-930371ae1c18" name="say I will now create a port number request ticket for you; once I have created the ticket, I will give you the ticket number for your reference." activiti:exclusive="false"/>
    <userTask id="sid-16132727-4adc-49cd-aa12-8872e281859e" name="say Remedy Ticket Number: ${ebond_number}" activiti:exclusive="false"/>
    <userTask id="sid-39c2918a-1946-4bda-b90b-9ac2d9c79b61" name="ask What is the rate center on the account" activiti:exclusive="false"/>
    <userTask id="sid-85b47546-560e-49be-b3ac-e898cc5e955c" name="ask what is the &quot;rate_center&quot; on the phone number" activiti:exclusive="false"/>
    <userTask id="sid-d0ef2a48-0eaf-4e6d-9cee-d6299f8243ff" name="run the workflow bpn_comcast_screenshot_optional" activiti:exclusive="false"/>
    <userTask id="sid-aabb38d9-ea90-4b09-8f8a-747ad49ad890" name="ask what type of account is this request for" activiti:exclusive="false"/>
    <userTask id="sid-bf88f9c3-6069-41cc-a5d4-c0967170665f" name="run the workflow bpn_comcast_contact_info" activiti:exclusive="false"/>
    <userTask id="sid-9f0068eb-151a-4bc2-91da-8ca98a11c9c3" name="execute the automaton acsr_lookup" activiti:exclusive="false"/>
    <endEvent id="sid-2f8b6e4b-5d7e-4873-836e-a8085174af2d"/>
    <userTask id="sid-2a29f87b-0f79-4263-9a81-58a74f1093b0" name="set the variable loop to 0" activiti:exclusive="false"/>
    <endEvent id="sid-37cbd671-5831-4422-aa7b-d9caa6116dfd"/>
    <sequenceFlow id="sid-a6bdd277-01ef-4ca9-8100-14c9a7ea3ded" name="else" sourceRef="sid-18899707-54b0-442c-bd7d-c3076118cf97" targetRef="sid-c8c85131-6fed-4c32-9c93-1dd4f6b120a4"/>
    <sequenceFlow id="sid-55f326b6-da95-4406-97b7-7e2457a98c9e" name="${loop gt 1}" sourceRef="sid-18899707-54b0-442c-bd7d-c3076118cf97" targetRef="sid-08465c00-9624-47f5-a9ea-1d55517a0254"/>
    <sequenceFlow id="sid-98f57cf6-300d-4aca-bb19-d20abae9e5a2" sourceRef="sid-ce62313e-6b71-4ddc-9f53-f5fba88db1fd" targetRef="sid-18899707-54b0-442c-bd7d-c3076118cf97"/>
    <sequenceFlow id="sid-b5e767d9-c0f6-4c28-a239-e57b4e6d16f0" sourceRef="sid-08465c00-9624-47f5-a9ea-1d55517a0254" targetRef="sid-46b9b632-05bf-4b6d-a452-fddaa0454baf"/>
    <sequenceFlow id="sid-8cf017b5-4a71-485e-b388-579cb7371520" sourceRef="sid-08465c00-9624-47f5-a9ea-1d55517a0254" targetRef="sid-b6ca543c-8d3e-4d0b-b85d-0d3ad6874029"/>
    <sequenceFlow id="sid-d7ab3f76-f4d7-495c-88cb-dd4bf52175f5" sourceRef="sid-bcb13a1f-08b7-46f0-afd4-71b5a4d18efb" targetRef="sid-c8c85131-6fed-4c32-9c93-1dd4f6b120a4"/>
    <sequenceFlow id="sid-f8b9b735-4f09-4486-9b33-ec6c0590590f" sourceRef="sid-b6ca543c-8d3e-4d0b-b85d-0d3ad6874029" targetRef="sid-c9fd42e6-8e6b-4411-bbe6-12d5dae232a3"/>
    <sequenceFlow id="sid-aefa4f12-c6ba-44d2-8ff1-9d61a87c3881" name="ok, will do thanks" sourceRef="sid-c9fd42e6-8e6b-4411-bbe6-12d5dae232a3" targetRef="sid-37cbd671-5831-4422-aa7b-d9caa6116dfd"/>
    <sequenceFlow id="sid-f71f1a56-d702-43fe-a90e-b30f8e21dd77" sourceRef="sid-c8c85131-6fed-4c32-9c93-1dd4f6b120a4" targetRef="sid-9f0068eb-151a-4bc2-91da-8ca98a11c9c3"/>
    <sequenceFlow id="sid-b9686228-d1c2-4090-ab9e-29d22283727d" sourceRef="sid-32a3ee03-0152-4c3c-a519-85747df6065b" targetRef="sid-85b47546-560e-49be-b3ac-e898cc5e955c"/>
    <sequenceFlow id="sid-903e0815-4222-4dd7-8726-bc29060e6266" sourceRef="sid-8b86900b-4441-4482-8adb-f45c5ed421f4" targetRef="sid-16132727-4adc-49cd-aa12-8872e281859e"/>
    <sequenceFlow id="sid-219aeb43-caa9-4fde-bbef-d85960f358da" sourceRef="sid-e0fdc07a-853f-449b-89e4-7f7d66755e10" targetRef="sid-bf88f9c3-6069-41cc-a5d4-c0967170665f"/>
    <sequenceFlow id="sid-159b6cbc-97ec-4981-8baf-04ab2d337fb5" sourceRef="sid-5fda10dc-c748-465a-b2de-0817ac2d7f0e" targetRef="sid-e0fdc07a-853f-449b-89e4-7f7d66755e10"/>
    <sequenceFlow id="sid-18e06df5-7ed9-41ab-8aad-74d8ac342599" sourceRef="sid-aa5f9d80-3a3a-49fb-9c3f-930371ae1c18" targetRef="sid-8b86900b-4441-4482-8adb-f45c5ed421f4"/>
    <sequenceFlow id="sid-880172c0-a178-4eee-96a7-aae7df525172" sourceRef="sid-16132727-4adc-49cd-aa12-8872e281859e" targetRef="sid-2f8b6e4b-5d7e-4873-836e-a8085174af2d"/>
    <sequenceFlow id="sid-1c66945f-c1e5-4a21-8adc-349601b367ba" sourceRef="sid-39c2918a-1946-4bda-b90b-9ac2d9c79b61" targetRef="sid-32a3ee03-0152-4c3c-a519-85747df6065b"/>
    <sequenceFlow id="sid-8f0a3265-5f05-4c03-835b-5064e2cd2a4c" sourceRef="sid-85b47546-560e-49be-b3ac-e898cc5e955c" targetRef="sid-d0ef2a48-0eaf-4e6d-9cee-d6299f8243ff"/>
    <sequenceFlow id="sid-131b6f61-4727-4393-9b07-bd297019ed8f" sourceRef="sid-d0ef2a48-0eaf-4e6d-9cee-d6299f8243ff" targetRef="sid-aa5f9d80-3a3a-49fb-9c3f-930371ae1c18"/>
    <sequenceFlow id="sid-67fbc997-eb25-49cc-984a-8c5b12fb6597" name="residential, business" sourceRef="sid-aabb38d9-ea90-4b09-8f8a-747ad49ad890" targetRef="sid-2a29f87b-0f79-4263-9a81-58a74f1093b0"/>
    <sequenceFlow id="sid-9e5f5489-cd44-4a00-ad9a-902ccf4bfd48" sourceRef="sid-bf88f9c3-6069-41cc-a5d4-c0967170665f" targetRef="sid-aabb38d9-ea90-4b09-8f8a-747ad49ad890"/>
    <sequenceFlow id="sid-ccf41b85-5893-46c8-8872-c521a01913e4" name="1" sourceRef="sid-9f0068eb-151a-4bc2-91da-8ca98a11c9c3" targetRef="sid-39c2918a-1946-4bda-b90b-9ac2d9c79b61"/>
    <sequenceFlow id="sid-59c06433-36d9-41d0-95bc-64c8dd9b4859" name="0" sourceRef="sid-9f0068eb-151a-4bc2-91da-8ca98a11c9c3" targetRef="sid-ce62313e-6b71-4ddc-9f53-f5fba88db1fd"/>
    <sequenceFlow id="sid-d553e022-4288-4728-a3d4-bef945e0e35d" sourceRef="sid-2a29f87b-0f79-4263-9a81-58a74f1093b0" targetRef="sid-bcb13a1f-08b7-46f0-afd4-71b5a4d18efb"/>
  </process>
  <bpmndi:BPMNDiagram id="BPMNDiagram_bpn_comcast_csg_portnumber1_1">
    <bpmndi:BPMNPlane bpmnElement="bpn_comcast_csg_portnumber1_1" id="BPMNPlane_bpn_comcast_csg_portnumber1_1">
      <bpmndi:BPMNShape bpmnElement="sid-18899707-54b0-442c-bd7d-c3076118cf97" id="BPMNShape_sid-18899707-54b0-442c-bd7d-c3076118cf97">
        <omgdc:Bounds height="82.0" width="102.0" x="1746.0" y="322.0"/>
      </bpmndi:BPMNShape>
      <bpmndi:BPMNShape bpmnElement="sid-ce62313e-6b71-4ddc-9f53-f5fba88db1fd" id="BPMNShape_sid-ce62313e-6b71-4ddc-9f53-f5fba88db1fd">
        <omgdc:Bounds height="82.0" width="102.0" x="1544.0" y="247.0"/>
      </bpmndi:BPMNShape>
      <bpmndi:BPMNShape bpmnElement="sid-08465c00-9624-47f5-a9ea-1d55517a0254" id="BPMNShape_sid-08465c00-9624-47f5-a9ea-1d55517a0254">
        <omgdc:Bounds height="82.0" width="102.0" x="1948.0" y="322.0"/>
      </bpmndi:BPMNShape>
      <bpmndi:BPMNShape bpmnElement="sid-bcb13a1f-08b7-46f0-afd4-71b5a4d18efb" id="BPMNShape_sid-bcb13a1f-08b7-46f0-afd4-71b5a4d18efb">
        <omgdc:Bounds height="82.0" width="102.0" x="938.0" y="206.0"/>
      </bpmndi:BPMNShape>
      <bpmndi:BPMNShape bpmnElement="sid-46b9b632-05bf-4b6d-a452-fddaa0454baf" id="BPMNShape_sid-46b9b632-05bf-4b6d-a452-fddaa0454baf">
        <omgdc:Bounds height="30.0" width="30.0" x="2186.0" y="232.0"/>
      </bpmndi:BPMNShape>
      <bpmndi:BPMNShape bpmnElement="sid-b6ca543c-8d3e-4d0b-b85d-0d3ad6874029" id="BPMNShape_sid-b6ca543c-8d3e-4d0b-b85d-0d3ad6874029">
        <omgdc:Bounds height="82.0" width="102.0" x="2150.0" y="412.0"/>
      </bpmndi:BPMNShape>
      <bpmndi:BPMNShape bpmnElement="sid-c9fd42e6-8e6b-4411-bbe6-12d5dae232a3" id="BPMNShape_sid-c9fd42e6-8e6b-4411-bbe6-12d5dae232a3">
        <omgdc:Bounds height="82.0" width="102.0" x="2352.0" y="322.0"/>
      </bpmndi:BPMNShape>
      <bpmndi:BPMNShape bpmnElement="sid-c8c85131-6fed-4c32-9c93-1dd4f6b120a4" id="BPMNShape_sid-c8c85131-6fed-4c32-9c93-1dd4f6b120a4">
        <omgdc:Bounds height="82.0" width="102.0" x="1140.0" y="206.0"/>
      </bpmndi:BPMNShape>
      <bpmndi:BPMNShape bpmnElement="sid-32a3ee03-0152-4c3c-a519-85747df6065b" id="BPMNShape_sid-32a3ee03-0152-4c3c-a519-85747df6065b">
        <omgdc:Bounds height="82.0" width="102.0" x="1746.0" y="90.0"/>
      </bpmndi:BPMNShape>
      <bpmndi:BPMNShape bpmnElement="sid-8b86900b-4441-4482-8adb-f45c5ed421f4" id="BPMNShape_sid-8b86900b-4441-4482-8adb-f45c5ed421f4">
        <omgdc:Bounds height="82.0" width="102.0" x="2554.0" y="116.0"/>
      </bpmndi:BPMNShape>
      <bpmndi:BPMNShape bpmnElement="sid-e0fdc07a-853f-449b-89e4-7f7d66755e10" id="BPMNShape_sid-e0fdc07a-853f-449b-89e4-7f7d66755e10">
        <omgdc:Bounds height="82.0" width="102.0" x="130.0" y="206.0"/>
      </bpmndi:BPMNShape>
      <bpmndi:BPMNShape bpmnElement="sid-5fda10dc-c748-465a-b2de-0817ac2d7f0e" id="BPMNShape_sid-5fda10dc-c748-465a-b2de-0817ac2d7f0e">
        <omgdc:Bounds height="30.0" width="30.0" x="0.0" y="232.0"/>
      </bpmndi:BPMNShape>
      <bpmndi:BPMNShape bpmnElement="sid-aa5f9d80-3a3a-49fb-9c3f-930371ae1c18" id="BPMNShape_sid-aa5f9d80-3a3a-49fb-9c3f-930371ae1c18">
        <omgdc:Bounds height="82.0" width="102.0" x="2352.0" y="90.0"/>
      </bpmndi:BPMNShape>
      <bpmndi:BPMNShape bpmnElement="sid-16132727-4adc-49cd-aa12-8872e281859e" id="BPMNShape_sid-16132727-4adc-49cd-aa12-8872e281859e">
        <omgdc:Bounds height="82.0" width="102.0" x="2756.0" y="206.0"/>
      </bpmndi:BPMNShape>
      <bpmndi:BPMNShape bpmnElement="sid-39c2918a-1946-4bda-b90b-9ac2d9c79b61" id="BPMNShape_sid-39c2918a-1946-4bda-b90b-9ac2d9c79b61">
        <omgdc:Bounds height="82.0" width="102.0" x="1544.0" y="15.0"/>
      </bpmndi:BPMNShape>
      <bpmndi:BPMNShape bpmnElement="sid-85b47546-560e-49be-b3ac-e898cc5e955c" id="BPMNShape_sid-85b47546-560e-49be-b3ac-e898cc5e955c">
        <omgdc:Bounds height="82.0" width="102.0" x="1948.0" y="90.0"/>
      </bpmndi:BPMNShape>
      <bpmndi:BPMNShape bpmnElement="sid-d0ef2a48-0eaf-4e6d-9cee-d6299f8243ff" id="BPMNShape_sid-d0ef2a48-0eaf-4e6d-9cee-d6299f8243ff">
        <omgdc:Bounds height="82.0" width="102.0" x="2150.0" y="0.0"/>
      </bpmndi:BPMNShape>
      <bpmndi:BPMNShape bpmnElement="sid-aabb38d9-ea90-4b09-8f8a-747ad49ad890" id="BPMNShape_sid-aabb38d9-ea90-4b09-8f8a-747ad49ad890">
        <omgdc:Bounds height="82.0" width="102.0" x="534.0" y="206.0"/>
      </bpmndi:BPMNShape>
      <bpmndi:BPMNShape bpmnElement="sid-bf88f9c3-6069-41cc-a5d4-c0967170665f" id="BPMNShape_sid-bf88f9c3-6069-41cc-a5d4-c0967170665f">
        <omgdc:Bounds height="82.0" width="102.0" x="332.0" y="206.0"/>
      </bpmndi:BPMNShape>
      <bpmndi:BPMNShape bpmnElement="sid-9f0068eb-151a-4bc2-91da-8ca98a11c9c3" id="BPMNShape_sid-9f0068eb-151a-4bc2-91da-8ca98a11c9c3">
        <omgdc:Bounds height="82.0" width="102.0" x="1342.0" y="131.0"/>
      </bpmndi:BPMNShape>
      <bpmndi:BPMNShape bpmnElement="sid-2f8b6e4b-5d7e-4873-836e-a8085174af2d" id="BPMNShape_sid-2f8b6e4b-5d7e-4873-836e-a8085174af2d">
        <omgdc:Bounds height="30.0" width="30.0" x="2958.0" y="232.0"/>
      </bpmndi:BPMNShape>
      <bpmndi:BPMNShape bpmnElement="sid-2a29f87b-0f79-4263-9a81-58a74f1093b0" id="BPMNShape_sid-2a29f87b-0f79-4263-9a81-58a74f1093b0">
        <omgdc:Bounds height="82.0" width="102.0" x="736.0" y="206.0"/>
      </bpmndi:BPMNShape>
      <bpmndi:BPMNShape bpmnElement="sid-37cbd671-5831-4422-aa7b-d9caa6116dfd" id="BPMNShape_sid-37cbd671-5831-4422-aa7b-d9caa6116dfd">
        <omgdc:Bounds height="30.0" width="30.0" x="2590.0" y="348.0"/>
      </bpmndi:BPMNShape>
      <bpmndi:BPMNEdge bpmnElement="sid-d7ab3f76-f4d7-495c-88cb-dd4bf52175f5" id="BPMNEdge_sid-d7ab3f76-f4d7-495c-88cb-dd4bf52175f5">
        <omgdi:waypoint x="1040.0" y="247.0"/>
        <omgdi:waypoint x="1140.0" y="247.0"/>
      </bpmndi:BPMNEdge>
      <bpmndi:BPMNEdge bpmnElement="sid-f71f1a56-d702-43fe-a90e-b30f8e21dd77" id="BPMNEdge_sid-f71f1a56-d702-43fe-a90e-b30f8e21dd77">
        <omgdi:waypoint x="1242.0" y="228.06435643564356"/>
        <omgdi:waypoint x="1342.0" y="190.93564356435644"/>
      </bpmndi:BPMNEdge>
      <bpmndi:BPMNEdge bpmnElement="sid-9e5f5489-cd44-4a00-ad9a-902ccf4bfd48" id="BPMNEdge_sid-9e5f5489-cd44-4a00-ad9a-902ccf4bfd48">
        <omgdi:waypoint x="434.0" y="247.0"/>
        <omgdi:waypoint x="534.0" y="247.0"/>
      </bpmndi:BPMNEdge>
      <bpmndi:BPMNEdge bpmnElement="sid-55f326b6-da95-4406-97b7-7e2457a98c9e" id="BPMNEdge_sid-55f326b6-da95-4406-97b7-7e2457a98c9e">
        <omgdi:waypoint x="1848.0" y="363.0"/>
        <omgdi:waypoint x="1948.0" y="363.0"/>
      </bpmndi:BPMNEdge>
      <bpmndi:BPMNEdge bpmnElement="sid-219aeb43-caa9-4fde-bbef-d85960f358da" id="BPMNEdge_sid-219aeb43-caa9-4fde-bbef-d85960f358da">
        <omgdi:waypoint x="232.0" y="247.0"/>
        <omgdi:waypoint x="332.0" y="247.0"/>
      </bpmndi:BPMNEdge>
      <bpmndi:BPMNEdge bpmnElement="sid-98f57cf6-300d-4aca-bb19-d20abae9e5a2" id="BPMNEdge_sid-98f57cf6-300d-4aca-bb19-d20abae9e5a2">
        <omgdi:waypoint x="1646.0" y="306.93564356435644"/>
        <omgdi:waypoint x="1746.0" y="344.06435643564356"/>
      </bpmndi:BPMNEdge>
      <bpmndi:BPMNEdge bpmnElement="sid-131b6f61-4727-4393-9b07-bd297019ed8f" id="BPMNEdge_sid-131b6f61-4727-4393-9b07-bd297019ed8f">
        <omgdi:waypoint x="2252.0" y="63.722772277227726"/>
        <omgdi:waypoint x="2352.0" y="108.27722772277227"/>
      </bpmndi:BPMNEdge>
      <bpmndi:BPMNEdge bpmnElement="sid-b5e767d9-c0f6-4c28-a239-e57b4e6d16f0" id="BPMNEdge_sid-b5e767d9-c0f6-4c28-a239-e57b4e6d16f0">
        <omgdi:waypoint x="2050.0" y="333.71287128712873"/>
        <omgdi:waypoint x="2187.992233457795" y="254.46980652918717"/>
      </bpmndi:BPMNEdge>
      <bpmndi:BPMNEdge bpmnElement="sid-903e0815-4222-4dd7-8726-bc29060e6266" id="BPMNEdge_sid-903e0815-4222-4dd7-8726-bc29060e6266">
        <omgdi:waypoint x="2656.0" y="179.72277227722773"/>
        <omgdi:waypoint x="2756.0" y="224.27722772277227"/>
      </bpmndi:BPMNEdge>
      <bpmndi:BPMNEdge bpmnElement="sid-f8b9b735-4f09-4486-9b33-ec6c0590590f" id="BPMNEdge_sid-f8b9b735-4f09-4486-9b33-ec6c0590590f">
        <omgdi:waypoint x="2252.0" y="430.2772277227723"/>
        <omgdi:waypoint x="2352.0" y="385.7227722772277"/>
      </bpmndi:BPMNEdge>
      <bpmndi:BPMNEdge bpmnElement="sid-1c66945f-c1e5-4a21-8adc-349601b367ba" id="BPMNEdge_sid-1c66945f-c1e5-4a21-8adc-349601b367ba">
        <omgdi:waypoint x="1646.0" y="74.93564356435644"/>
        <omgdi:waypoint x="1746.0" y="112.06435643564356"/>
      </bpmndi:BPMNEdge>
      <bpmndi:BPMNEdge bpmnElement="sid-880172c0-a178-4eee-96a7-aae7df525172" id="BPMNEdge_sid-880172c0-a178-4eee-96a7-aae7df525172">
        <omgdi:waypoint x="2858.0" y="247.0"/>
        <omgdi:waypoint x="2958.0" y="247.0"/>
      </bpmndi:BPMNEdge>
      <bpmndi:BPMNEdge bpmnElement="sid-59c06433-36d9-41d0-95bc-64c8dd9b4859" id="BPMNEdge_sid-59c06433-36d9-41d0-95bc-64c8dd9b4859">
        <omgdi:waypoint x="1444.0" y="201.28712871287127"/>
        <omgdi:waypoint x="1544.0" y="258.71287128712873"/>
      </bpmndi:BPMNEdge>
      <bpmndi:BPMNEdge bpmnElement="sid-8f0a3265-5f05-4c03-835b-5064e2cd2a4c" id="BPMNEdge_sid-8f0a3265-5f05-4c03-835b-5064e2cd2a4c">
        <omgdi:waypoint x="2050.0" y="108.27722772277228"/>
        <omgdi:waypoint x="2150.0" y="63.72277227722772"/>
      </bpmndi:BPMNEdge>
      <bpmndi:BPMNEdge bpmnElement="sid-8cf017b5-4a71-485e-b388-579cb7371520" id="BPMNEdge_sid-8cf017b5-4a71-485e-b388-579cb7371520">
        <omgdi:waypoint x="2050.0" y="385.7227722772277"/>
        <omgdi:waypoint x="2150.0" y="430.2772277227723"/>
      </bpmndi:BPMNEdge>
      <bpmndi:BPMNEdge bpmnElement="sid-aefa4f12-c6ba-44d2-8ff1-9d61a87c3881" id="BPMNEdge_sid-aefa4f12-c6ba-44d2-8ff1-9d61a87c3881">
        <omgdi:waypoint x="2454.0" y="363.0"/>
        <omgdi:waypoint x="2590.0" y="363.0"/>
      </bpmndi:BPMNEdge>
      <bpmndi:BPMNEdge bpmnElement="sid-67fbc997-eb25-49cc-984a-8c5b12fb6597" id="BPMNEdge_sid-67fbc997-eb25-49cc-984a-8c5b12fb6597">
        <omgdi:waypoint x="636.0" y="247.0"/>
        <omgdi:waypoint x="736.0" y="247.0"/>
      </bpmndi:BPMNEdge>
      <bpmndi:BPMNEdge bpmnElement="sid-18e06df5-7ed9-41ab-8aad-74d8ac342599" id="BPMNEdge_sid-18e06df5-7ed9-41ab-8aad-74d8ac342599">
        <omgdi:waypoint x="2454.0" y="137.56435643564356"/>
        <omgdi:waypoint x="2554.0" y="150.43564356435644"/>
      </bpmndi:BPMNEdge>
      <bpmndi:BPMNEdge bpmnElement="sid-b9686228-d1c2-4090-ab9e-29d22283727d" id="BPMNEdge_sid-b9686228-d1c2-4090-ab9e-29d22283727d">
        <omgdi:waypoint x="1848.0" y="131.0"/>
        <omgdi:waypoint x="1948.0" y="131.0"/>
      </bpmndi:BPMNEdge>
      <bpmndi:BPMNEdge bpmnElement="sid-a6bdd277-01ef-4ca9-8100-14c9a7ea3ded" id="BPMNEdge_sid-a6bdd277-01ef-4ca9-8100-14c9a7ea3ded">
        <omgdi:waypoint x="1761.301724137931" y="404.0"/>
        <omgdi:waypoint x="1696.0" y="479.0"/>
        <omgdi:waypoint x="1494.0" y="479.0"/>
        <omgdi:waypoint x="1494.0" y="363.0"/>
        <omgdi:waypoint x="1292.0" y="363.0"/>
        <omgdi:waypoint x="1226.698275862069" y="288.0"/>
      </bpmndi:BPMNEdge>
      <bpmndi:BPMNEdge bpmnElement="sid-159b6cbc-97ec-4981-8baf-04ab2d337fb5" id="BPMNEdge_sid-159b6cbc-97ec-4981-8baf-04ab2d337fb5">
        <omgdi:waypoint x="30.0" y="247.0"/>
        <omgdi:waypoint x="130.0" y="247.0"/>
      </bpmndi:BPMNEdge>
      <bpmndi:BPMNEdge bpmnElement="sid-d553e022-4288-4728-a3d4-bef945e0e35d" id="BPMNEdge_sid-d553e022-4288-4728-a3d4-bef945e0e35d">
        <omgdi:waypoint x="838.0" y="247.0"/>
        <omgdi:waypoint x="938.0" y="247.0"/>
      </bpmndi:BPMNEdge>
      <bpmndi:BPMNEdge bpmnElement="sid-ccf41b85-5893-46c8-8872-c521a01913e4" id="BPMNEdge_sid-ccf41b85-5893-46c8-8872-c521a01913e4">
        <omgdi:waypoint x="1444.0" y="142.7128712871287"/>
        <omgdi:waypoint x="1544.0" y="85.2871287128713"/>
      </bpmndi:BPMNEdge>
    </bpmndi:BPMNPlane>
  </bpmndi:BPMNDiagram>
</definitions>