<?xml version='1.0' encoding='UTF-8'?>
<definitions xmlns="http://www.omg.org/spec/BPMN/20100524/MODEL" xmlns:xsi="http://www.w3.org/2001/XMLSchema-instance" xmlns:activiti="http://activiti.org/bpmn" xmlns:bpmndi="http://www.omg.org/spec/BPMN/20100524/DI" xmlns:omgdc="http://www.omg.org/spec/DD/20100524/DC" xmlns:omgdi="http://www.omg.org/spec/DD/20100524/DI" typeLanguage="http://www.w3.org/2001/XMLSchema" expressionLanguage="http://www.w3.org/1999/XPath" targetNamespace="http://www.activiti.org/test">
  <process id="bpn_comcast_amdocs_dst_biller_ticket_2" name="bpn_comcast_amdocs_dst_biller_ticket_2" isExecutable="true">
    <endEvent id="sid-981899e0-909d-40aa-9d32-24f69569a820"/>
    <userTask id="sid-a161b877-e3a6-4e67-b354-4928f6a49305" name="ask the user what is the user's issue description" activiti:exclusive="false"/>
    <userTask id="sid-e7dc4659-542c-4f08-822c-01dab0736546" name="ask the user what are &quot;the_steps_taken_to_recreate_the_error&quot;." activiti:exclusive="false"/>
    <userTask id="sid-f52b7981-314a-4a11-8416-c791a4837924" name="ask the user What is the customer's account number" activiti:exclusive="false"/>
    <userTask id="sid-0e066ca7-c49e-4332-ad8c-34b6c3b0796f" name="execute the automaton aut_amdocs_dst_biller_tkt_creator" activiti:exclusive="false"/>
    <userTask id="sid-a34ec6f9-66b2-4939-9280-c90d712fb7bd" name="say Remedy Ticket Number: ${ebond_number}" activiti:exclusive="false"/>
    <userTask id="sid-15b59660-7ebe-4e5d-b583-e7db889a033d" name="say I will be happy to help you to create a ticket for DST biller." activiti:exclusive="false"/>
    <userTask id="sid-33e90a10-90fb-4bcd-a579-9695ef1ae342" name="say I couldn't find your account" activiti:exclusive="false"/>
    <userTask id="sid-3e0c1703-b16b-45f4-bd4d-363927687f4a" name="execute the automaton amdocs_acc_number_lookup_dst" activiti:exclusive="false"/>
    <userTask id="sid-aa8238c4-a847-43df-b312-4b1861b77b16" name="Say ello" activiti:exclusive="false"/>
    <userTask id="sid-c4a94001-6e05-4dad-9ff9-a79f7fbf46ed" name="Say Hello" activiti:exclusive="false"/>
    <endEvent id="sid-23ebdce1-76fc-49b3-b14d-136636dafd5a"/>
    <userTask id="sid-7f6ae819-7d3c-41fb-98f2-539e1b47fdef" name="escalate" activiti:exclusive="false"/>
    <userTask id="sid-f76ebf47-184f-410c-901e-805b11001c92" name="set the variable file_url to &quot;${screenshot_id.encodedUrl}&quot;" activiti:exclusive="false"/>
    <userTask id="sid-6d02e227-5556-4736-852e-e033a8617369" name="Say Not much." activiti:exclusive="false"/>
    <startEvent id="sid-5d8f9d9c-d91d-4f3e-a131-29e0e3ff7296"/>
    <userTask id="sid-65cb6dce-53ca-419a-ab72-0504ff235cdd" name="say I am gathering all the data for the automaton" activiti:exclusive="false"/>
    <userTask id="sid-b08711b1-130c-48be-bcc7-4d12c9d94620" name="set the variable counting to ${counting+1}" activiti:exclusive="false"/>
    <userTask id="sid-20dd6b55-0021-4786-b142-f380dea4fc79" name="Ask what the user needs." activiti:exclusive="false"/>
    <endEvent id="sid-304db4a4-29a5-4866-82a9-56dca61465f7"/>
    <userTask id="sid-9a33b928-f294-4610-a28d-d97e25e4cdab" name="run the workflow bpn_comcast_screenshot_upload" activiti:exclusive="false"/>
    <userTask id="sid-33d51365-0fc2-44f2-8e27-12ec6f29782e" name="run the workflow bpn_comcast_contact_info" activiti:exclusive="false"/>
    <userTask id="sid-d99700cf-c4b9-40ce-b64e-0cc9e694beea" name="Say Aight no doubt" activiti:exclusive="false"/>
    <sequenceFlow id="sid-eccc24d6-0e3c-4884-b43d-dcfafa6a1181" sourceRef="sid-a161b877-e3a6-4e67-b354-4928f6a49305" targetRef="sid-e7dc4659-542c-4f08-822c-01dab0736546"/>
    <sequenceFlow id="sid-402e0209-e8b5-4280-a690-b0bbb9f6c06a" sourceRef="sid-e7dc4659-542c-4f08-822c-01dab0736546" targetRef="sid-9a33b928-f294-4610-a28d-d97e25e4cdab"/>
    <sequenceFlow id="sid-25f60a7a-37d4-4c8f-acd4-cf3c6d426abb" sourceRef="sid-f52b7981-314a-4a11-8416-c791a4837924" targetRef="sid-3e0c1703-b16b-45f4-bd4d-363927687f4a"/>
    <sequenceFlow id="sid-3c6a00e1-7b18-400d-a3b0-fe20ced4d55f" sourceRef="sid-0e066ca7-c49e-4332-ad8c-34b6c3b0796f" targetRef="sid-a34ec6f9-66b2-4939-9280-c90d712fb7bd"/>
    <sequenceFlow id="sid-be28f626-9e6c-4cc0-b890-061f003a741d" sourceRef="sid-a34ec6f9-66b2-4939-9280-c90d712fb7bd" targetRef="sid-23ebdce1-76fc-49b3-b14d-136636dafd5a"/>
    <sequenceFlow id="sid-5de00cf4-eea7-4265-8fd8-61fe2f0da2c7" sourceRef="sid-15b59660-7ebe-4e5d-b583-e7db889a033d" targetRef="sid-33d51365-0fc2-44f2-8e27-12ec6f29782e"/>
    <sequenceFlow id="sid-70c5b579-7851-4334-979c-328e4dde8545" name="${counting gt 1}" sourceRef="sid-33e90a10-90fb-4bcd-a579-9695ef1ae342" targetRef="sid-7f6ae819-7d3c-41fb-98f2-539e1b47fdef"/>
    <sequenceFlow id="sid-a2026e3d-14ed-42ec-9300-383634085d81" name="else" sourceRef="sid-33e90a10-90fb-4bcd-a579-9695ef1ae342" targetRef="sid-f52b7981-314a-4a11-8416-c791a4837924"/>
    <sequenceFlow id="sid-190ea63f-6d62-4de8-b195-52b572fc5272" name="1" sourceRef="sid-3e0c1703-b16b-45f4-bd4d-363927687f4a" targetRef="sid-a161b877-e3a6-4e67-b354-4928f6a49305"/>
    <sequenceFlow id="sid-6b06c283-a44a-4af4-bfcc-24dc16dc345c" name="0" sourceRef="sid-3e0c1703-b16b-45f4-bd4d-363927687f4a" targetRef="sid-b08711b1-130c-48be-bcc7-4d12c9d94620"/>
    <sequenceFlow id="sid-c9b7ee79-a6ce-4f27-b2a3-965b5cd34c68" sourceRef="sid-aa8238c4-a847-43df-b312-4b1861b77b16" targetRef="sid-c4a94001-6e05-4dad-9ff9-a79f7fbf46ed"/>
    <sequenceFlow id="sid-dabcdfa2-04f9-44a1-b202-d5a7102d9798" name="sup" sourceRef="sid-c4a94001-6e05-4dad-9ff9-a79f7fbf46ed" targetRef="sid-6d02e227-5556-4736-852e-e033a8617369"/>
    <sequenceFlow id="sid-cd4f2428-bc27-4188-aef8-708ed745d2a7" sourceRef="sid-7f6ae819-7d3c-41fb-98f2-539e1b47fdef" targetRef="sid-aa8238c4-a847-43df-b312-4b1861b77b16"/>
    <sequenceFlow id="sid-e43fa446-cbce-4e18-bc97-7d12e00776f6" sourceRef="sid-7f6ae819-7d3c-41fb-98f2-539e1b47fdef" targetRef="sid-304db4a4-29a5-4866-82a9-56dca61465f7"/>
    <sequenceFlow id="sid-8f215312-2430-4669-81ec-f4137e8ff0a4" sourceRef="sid-f76ebf47-184f-410c-901e-805b11001c92" targetRef="sid-65cb6dce-53ca-419a-ab72-0504ff235cdd"/>
    <sequenceFlow id="sid-767bbb6b-3d04-4aef-92c8-dfd9deba85d1" sourceRef="sid-6d02e227-5556-4736-852e-e033a8617369" targetRef="sid-20dd6b55-0021-4786-b142-f380dea4fc79"/>
    <sequenceFlow id="sid-655b1857-7d8d-4397-8987-a1c7ee05a095" sourceRef="sid-5d8f9d9c-d91d-4f3e-a131-29e0e3ff7296" targetRef="sid-15b59660-7ebe-4e5d-b583-e7db889a033d"/>
    <sequenceFlow id="sid-40e0b629-c9b5-40a5-af89-910dcce9ebf0" sourceRef="sid-65cb6dce-53ca-419a-ab72-0504ff235cdd" targetRef="sid-0e066ca7-c49e-4332-ad8c-34b6c3b0796f"/>
    <sequenceFlow id="sid-5de10512-876a-4f05-b570-c0ecd3386a49" sourceRef="sid-b08711b1-130c-48be-bcc7-4d12c9d94620" targetRef="sid-33e90a10-90fb-4bcd-a579-9695ef1ae342"/>
    <sequenceFlow id="sid-9c47476d-69e5-41d9-942b-140fe3e01992" name="you can close this one out" sourceRef="sid-20dd6b55-0021-4786-b142-f380dea4fc79" targetRef="sid-d99700cf-c4b9-40ce-b64e-0cc9e694beea"/>
    <sequenceFlow id="sid-6f869e44-52dd-4f64-b0e5-f26fdf56a91c" sourceRef="sid-9a33b928-f294-4610-a28d-d97e25e4cdab" targetRef="sid-f76ebf47-184f-410c-901e-805b11001c92"/>
    <sequenceFlow id="sid-8c5223e7-c653-4c1f-b457-83f191eb8704" sourceRef="sid-33d51365-0fc2-44f2-8e27-12ec6f29782e" targetRef="sid-f52b7981-314a-4a11-8416-c791a4837924"/>
    <sequenceFlow id="sid-96d13c0a-e0ec-4a1f-8ce2-1c609378aaf6" sourceRef="sid-d99700cf-c4b9-40ce-b64e-0cc9e694beea" targetRef="sid-981899e0-909d-40aa-9d32-24f69569a820"/>
  </process>
  <bpmndi:BPMNDiagram id="BPMNDiagram_bpn_comcast_amdocs_dst_biller_ticket_2">
    <bpmndi:BPMNPlane bpmnElement="bpn_comcast_amdocs_dst_biller_ticket_2" id="BPMNPlane_bpn_comcast_amdocs_dst_biller_ticket_2">
      <bpmndi:BPMNShape bpmnElement="sid-981899e0-909d-40aa-9d32-24f69569a820" id="BPMNShape_sid-981899e0-909d-40aa-9d32-24f69569a820">
        <omgdc:Bounds height="30.0" width="30.0" x="2554.0" y="232.0"/>
      </bpmndi:BPMNShape>
      <bpmndi:BPMNShape bpmnElement="sid-a161b877-e3a6-4e67-b354-4928f6a49305" id="BPMNShape_sid-a161b877-e3a6-4e67-b354-4928f6a49305">
        <omgdc:Bounds height="82.0" width="102.0" x="938.0" y="15.0"/>
      </bpmndi:BPMNShape>
      <bpmndi:BPMNShape bpmnElement="sid-e7dc4659-542c-4f08-822c-01dab0736546" id="BPMNShape_sid-e7dc4659-542c-4f08-822c-01dab0736546">
        <omgdc:Bounds height="82.0" width="102.0" x="1140.0" y="90.0"/>
      </bpmndi:BPMNShape>
      <bpmndi:BPMNShape bpmnElement="sid-f52b7981-314a-4a11-8416-c791a4837924" id="BPMNShape_sid-f52b7981-314a-4a11-8416-c791a4837924">
        <omgdc:Bounds height="82.0" width="102.0" x="534.0" y="206.0"/>
      </bpmndi:BPMNShape>
      <bpmndi:BPMNShape bpmnElement="sid-0e066ca7-c49e-4332-ad8c-34b6c3b0796f" id="BPMNShape_sid-0e066ca7-c49e-4332-ad8c-34b6c3b0796f">
        <omgdc:Bounds height="82.0" width="102.0" x="1948.0" y="90.0"/>
      </bpmndi:BPMNShape>
      <bpmndi:BPMNShape bpmnElement="sid-a34ec6f9-66b2-4939-9280-c90d712fb7bd" id="BPMNShape_sid-a34ec6f9-66b2-4939-9280-c90d712fb7bd">
        <omgdc:Bounds height="82.0" width="102.0" x="2150.0" y="90.0"/>
      </bpmndi:BPMNShape>
      <bpmndi:BPMNShape bpmnElement="sid-15b59660-7ebe-4e5d-b583-e7db889a033d" id="BPMNShape_sid-15b59660-7ebe-4e5d-b583-e7db889a033d">
        <omgdc:Bounds height="82.0" width="102.0" x="130.0" y="206.0"/>
      </bpmndi:BPMNShape>
      <bpmndi:BPMNShape bpmnElement="sid-33e90a10-90fb-4bcd-a579-9695ef1ae342" id="BPMNShape_sid-33e90a10-90fb-4bcd-a579-9695ef1ae342">
        <omgdc:Bounds height="82.0" width="102.0" x="1140.0" y="322.0"/>
      </bpmndi:BPMNShape>
      <bpmndi:BPMNShape bpmnElement="sid-3e0c1703-b16b-45f4-bd4d-363927687f4a" id="BPMNShape_sid-3e0c1703-b16b-45f4-bd4d-363927687f4a">
        <omgdc:Bounds height="82.0" width="102.0" x="736.0" y="131.0"/>
      </bpmndi:BPMNShape>
      <bpmndi:BPMNShape bpmnElement="sid-aa8238c4-a847-43df-b312-4b1861b77b16" id="BPMNShape_sid-aa8238c4-a847-43df-b312-4b1861b77b16">
        <omgdc:Bounds height="82.0" width="102.0" x="1544.0" y="232.0"/>
      </bpmndi:BPMNShape>
      <bpmndi:BPMNShape bpmnElement="sid-c4a94001-6e05-4dad-9ff9-a79f7fbf46ed" id="BPMNShape_sid-c4a94001-6e05-4dad-9ff9-a79f7fbf46ed">
        <omgdc:Bounds height="82.0" width="102.0" x="1746.0" y="322.0"/>
      </bpmndi:BPMNShape>
      <bpmndi:BPMNShape bpmnElement="sid-23ebdce1-76fc-49b3-b14d-136636dafd5a" id="BPMNShape_sid-23ebdce1-76fc-49b3-b14d-136636dafd5a">
        <omgdc:Bounds height="30.0" width="30.0" x="2388.0" y="116.0"/>
      </bpmndi:BPMNShape>
      <bpmndi:BPMNShape bpmnElement="sid-7f6ae819-7d3c-41fb-98f2-539e1b47fdef" id="BPMNShape_sid-7f6ae819-7d3c-41fb-98f2-539e1b47fdef">
        <omgdc:Bounds height="82.0" width="102.0" x="1342.0" y="322.0"/>
      </bpmndi:BPMNShape>
      <bpmndi:BPMNShape bpmnElement="sid-f76ebf47-184f-410c-901e-805b11001c92" id="BPMNShape_sid-f76ebf47-184f-410c-901e-805b11001c92">
        <omgdc:Bounds height="82.0" width="102.0" x="1544.0" y="0.0"/>
      </bpmndi:BPMNShape>
      <bpmndi:BPMNShape bpmnElement="sid-6d02e227-5556-4736-852e-e033a8617369" id="BPMNShape_sid-6d02e227-5556-4736-852e-e033a8617369">
        <omgdc:Bounds height="82.0" width="102.0" x="1948.0" y="322.0"/>
      </bpmndi:BPMNShape>
      <bpmndi:BPMNShape bpmnElement="sid-5d8f9d9c-d91d-4f3e-a131-29e0e3ff7296" id="BPMNShape_sid-5d8f9d9c-d91d-4f3e-a131-29e0e3ff7296">
        <omgdc:Bounds height="30.0" width="30.0" x="0.0" y="232.0"/>
      </bpmndi:BPMNShape>
      <bpmndi:BPMNShape bpmnElement="sid-65cb6dce-53ca-419a-ab72-0504ff235cdd" id="BPMNShape_sid-65cb6dce-53ca-419a-ab72-0504ff235cdd">
        <omgdc:Bounds height="82.0" width="102.0" x="1746.0" y="90.0"/>
      </bpmndi:BPMNShape>
      <bpmndi:BPMNShape bpmnElement="sid-b08711b1-130c-48be-bcc7-4d12c9d94620" id="BPMNShape_sid-b08711b1-130c-48be-bcc7-4d12c9d94620">
        <omgdc:Bounds height="82.0" width="102.0" x="938.0" y="247.0"/>
      </bpmndi:BPMNShape>
      <bpmndi:BPMNShape bpmnElement="sid-20dd6b55-0021-4786-b142-f380dea4fc79" id="BPMNShape_sid-20dd6b55-0021-4786-b142-f380dea4fc79">
        <omgdc:Bounds height="82.0" width="102.0" x="2150.0" y="322.0"/>
      </bpmndi:BPMNShape>
      <bpmndi:BPMNShape bpmnElement="sid-304db4a4-29a5-4866-82a9-56dca61465f7" id="BPMNShape_sid-304db4a4-29a5-4866-82a9-56dca61465f7">
        <omgdc:Bounds height="30.0" width="30.0" x="1580.0" y="464.0"/>
      </bpmndi:BPMNShape>
      <bpmndi:BPMNShape bpmnElement="sid-9a33b928-f294-4610-a28d-d97e25e4cdab" id="BPMNShape_sid-9a33b928-f294-4610-a28d-d97e25e4cdab">
        <omgdc:Bounds height="82.0" width="102.0" x="1342.0" y="90.0"/>
      </bpmndi:BPMNShape>
      <bpmndi:BPMNShape bpmnElement="sid-33d51365-0fc2-44f2-8e27-12ec6f29782e" id="BPMNShape_sid-33d51365-0fc2-44f2-8e27-12ec6f29782e">
        <omgdc:Bounds height="82.0" width="102.0" x="332.0" y="206.0"/>
      </bpmndi:BPMNShape>
      <bpmndi:BPMNShape bpmnElement="sid-d99700cf-c4b9-40ce-b64e-0cc9e694beea" id="BPMNShape_sid-d99700cf-c4b9-40ce-b64e-0cc9e694beea">
        <omgdc:Bounds height="82.0" width="102.0" x="2352.0" y="296.0"/>
      </bpmndi:BPMNShape>
      <bpmndi:BPMNEdge bpmnElement="sid-a2026e3d-14ed-42ec-9300-383634085d81" id="BPMNEdge_sid-a2026e3d-14ed-42ec-9300-383634085d81">
        <omgdi:waypoint x="1155.301724137931" y="404.0"/>
        <omgdi:waypoint x="1090.0" y="479.0"/>
        <omgdi:waypoint x="888.0" y="479.0"/>
        <omgdi:waypoint x="888.0" y="363.0"/>
        <omgdi:waypoint x="686.0" y="363.0"/>
        <omgdi:waypoint x="620.698275862069" y="288.0"/>
      </bpmndi:BPMNEdge>
      <bpmndi:BPMNEdge bpmnElement="sid-8f215312-2430-4669-81ec-f4137e8ff0a4" id="BPMNEdge_sid-8f215312-2430-4669-81ec-f4137e8ff0a4">
        <omgdi:waypoint x="1646.0" y="63.722772277227726"/>
        <omgdi:waypoint x="1746.0" y="108.27722772277227"/>
      </bpmndi:BPMNEdge>
      <bpmndi:BPMNEdge bpmnElement="sid-190ea63f-6d62-4de8-b195-52b572fc5272" id="BPMNEdge_sid-190ea63f-6d62-4de8-b195-52b572fc5272">
        <omgdi:waypoint x="838.0" y="142.7128712871287"/>
        <omgdi:waypoint x="938.0" y="85.2871287128713"/>
      </bpmndi:BPMNEdge>
      <bpmndi:BPMNEdge bpmnElement="sid-cd4f2428-bc27-4188-aef8-708ed745d2a7" id="BPMNEdge_sid-cd4f2428-bc27-4188-aef8-708ed745d2a7">
        <omgdi:waypoint x="1444.0" y="340.2772277227723"/>
        <omgdi:waypoint x="1544.0" y="295.7227722772277"/>
      </bpmndi:BPMNEdge>
      <bpmndi:BPMNEdge bpmnElement="sid-be28f626-9e6c-4cc0-b890-061f003a741d" id="BPMNEdge_sid-be28f626-9e6c-4cc0-b890-061f003a741d">
        <omgdi:waypoint x="2252.0" y="131.0"/>
        <omgdi:waypoint x="2388.0" y="131.0"/>
      </bpmndi:BPMNEdge>
      <bpmndi:BPMNEdge bpmnElement="sid-6f869e44-52dd-4f64-b0e5-f26fdf56a91c" id="BPMNEdge_sid-6f869e44-52dd-4f64-b0e5-f26fdf56a91c">
        <omgdi:waypoint x="1444.0" y="108.27722772277228"/>
        <omgdi:waypoint x="1544.0" y="63.72277227722772"/>
      </bpmndi:BPMNEdge>
      <bpmndi:BPMNEdge bpmnElement="sid-8c5223e7-c653-4c1f-b457-83f191eb8704" id="BPMNEdge_sid-8c5223e7-c653-4c1f-b457-83f191eb8704">
        <omgdi:waypoint x="434.0" y="247.0"/>
        <omgdi:waypoint x="534.0" y="247.0"/>
      </bpmndi:BPMNEdge>
      <bpmndi:BPMNEdge bpmnElement="sid-3c6a00e1-7b18-400d-a3b0-fe20ced4d55f" id="BPMNEdge_sid-3c6a00e1-7b18-400d-a3b0-fe20ced4d55f">
        <omgdi:waypoint x="2050.0" y="131.0"/>
        <omgdi:waypoint x="2150.0" y="131.0"/>
      </bpmndi:BPMNEdge>
      <bpmndi:BPMNEdge bpmnElement="sid-c9b7ee79-a6ce-4f27-b2a3-965b5cd34c68" id="BPMNEdge_sid-c9b7ee79-a6ce-4f27-b2a3-965b5cd34c68">
        <omgdi:waypoint x="1646.0" y="295.7227722772277"/>
        <omgdi:waypoint x="1746.0" y="340.2772277227723"/>
      </bpmndi:BPMNEdge>
      <bpmndi:BPMNEdge bpmnElement="sid-767bbb6b-3d04-4aef-92c8-dfd9deba85d1" id="BPMNEdge_sid-767bbb6b-3d04-4aef-92c8-dfd9deba85d1">
        <omgdi:waypoint x="2050.0" y="363.0"/>
        <omgdi:waypoint x="2150.0" y="363.0"/>
      </bpmndi:BPMNEdge>
      <bpmndi:BPMNEdge bpmnElement="sid-70c5b579-7851-4334-979c-328e4dde8545" id="BPMNEdge_sid-70c5b579-7851-4334-979c-328e4dde8545">
        <omgdi:waypoint x="1242.0" y="363.0"/>
        <omgdi:waypoint x="1342.0" y="363.0"/>
      </bpmndi:BPMNEdge>
      <bpmndi:BPMNEdge bpmnElement="sid-402e0209-e8b5-4280-a690-b0bbb9f6c06a" id="BPMNEdge_sid-402e0209-e8b5-4280-a690-b0bbb9f6c06a">
        <omgdi:waypoint x="1242.0" y="131.0"/>
        <omgdi:waypoint x="1342.0" y="131.0"/>
      </bpmndi:BPMNEdge>
      <bpmndi:BPMNEdge bpmnElement="sid-40e0b629-c9b5-40a5-af89-910dcce9ebf0" id="BPMNEdge_sid-40e0b629-c9b5-40a5-af89-910dcce9ebf0">
        <omgdi:waypoint x="1848.0" y="131.0"/>
        <omgdi:waypoint x="1948.0" y="131.0"/>
      </bpmndi:BPMNEdge>
      <bpmndi:BPMNEdge bpmnElement="sid-5de00cf4-eea7-4265-8fd8-61fe2f0da2c7" id="BPMNEdge_sid-5de00cf4-eea7-4265-8fd8-61fe2f0da2c7">
        <omgdi:waypoint x="232.0" y="247.0"/>
        <omgdi:waypoint x="332.0" y="247.0"/>
      </bpmndi:BPMNEdge>
      <bpmndi:BPMNEdge bpmnElement="sid-25f60a7a-37d4-4c8f-acd4-cf3c6d426abb" id="BPMNEdge_sid-25f60a7a-37d4-4c8f-acd4-cf3c6d426abb">
        <omgdi:waypoint x="636.0" y="228.06435643564356"/>
        <omgdi:waypoint x="736.0" y="190.93564356435644"/>
      </bpmndi:BPMNEdge>
      <bpmndi:BPMNEdge bpmnElement="sid-655b1857-7d8d-4397-8987-a1c7ee05a095" id="BPMNEdge_sid-655b1857-7d8d-4397-8987-a1c7ee05a095">
        <omgdi:waypoint x="30.0" y="247.0"/>
        <omgdi:waypoint x="130.0" y="247.0"/>
      </bpmndi:BPMNEdge>
      <bpmndi:BPMNEdge bpmnElement="sid-eccc24d6-0e3c-4884-b43d-dcfafa6a1181" id="BPMNEdge_sid-eccc24d6-0e3c-4884-b43d-dcfafa6a1181">
        <omgdi:waypoint x="1040.0" y="74.93564356435644"/>
        <omgdi:waypoint x="1140.0" y="112.06435643564356"/>
      </bpmndi:BPMNEdge>
      <bpmndi:BPMNEdge bpmnElement="sid-dabcdfa2-04f9-44a1-b202-d5a7102d9798" id="BPMNEdge_sid-dabcdfa2-04f9-44a1-b202-d5a7102d9798">
        <omgdi:waypoint x="1848.0" y="363.0"/>
        <omgdi:waypoint x="1948.0" y="363.0"/>
      </bpmndi:BPMNEdge>
      <bpmndi:BPMNEdge bpmnElement="sid-5de10512-876a-4f05-b570-c0ecd3386a49" id="BPMNEdge_sid-5de10512-876a-4f05-b570-c0ecd3386a49">
        <omgdi:waypoint x="1040.0" y="306.93564356435644"/>
        <omgdi:waypoint x="1140.0" y="344.06435643564356"/>
      </bpmndi:BPMNEdge>
      <bpmndi:BPMNEdge bpmnElement="sid-e43fa446-cbce-4e18-bc97-7d12e00776f6" id="BPMNEdge_sid-e43fa446-cbce-4e18-bc97-7d12e00776f6">
        <omgdi:waypoint x="1444.0" y="392.28712871287127"/>
        <omgdi:waypoint x="1581.9922334577948" y="471.53019347081283"/>
      </bpmndi:BPMNEdge>
      <bpmndi:BPMNEdge bpmnElement="sid-96d13c0a-e0ec-4a1f-8ce2-1c609378aaf6" id="BPMNEdge_sid-96d13c0a-e0ec-4a1f-8ce2-1c609378aaf6">
        <omgdi:waypoint x="2454.0" y="309.34939759036143"/>
        <omgdi:waypoint x="2555.813393806468" y="254.14936480372222"/>
      </bpmndi:BPMNEdge>
      <bpmndi:BPMNEdge bpmnElement="sid-6b06c283-a44a-4af4-bfcc-24dc16dc345c" id="BPMNEdge_sid-6b06c283-a44a-4af4-bfcc-24dc16dc345c">
        <omgdi:waypoint x="838.0" y="201.28712871287127"/>
        <omgdi:waypoint x="938.0" y="258.71287128712873"/>
      </bpmndi:BPMNEdge>
      <bpmndi:BPMNEdge bpmnElement="sid-9c47476d-69e5-41d9-942b-140fe3e01992" id="BPMNEdge_sid-9c47476d-69e5-41d9-942b-140fe3e01992">
        <omgdi:waypoint x="2252.0" y="356.43564356435644"/>
        <omgdi:waypoint x="2352.0" y="343.56435643564356"/>
      </bpmndi:BPMNEdge>
    </bpmndi:BPMNPlane>
  </bpmndi:BPMNDiagram>
</definitions>