<?xml version='1.0' encoding='UTF-8'?>
<definitions xmlns="http://www.omg.org/spec/BPMN/20100524/MODEL" xmlns:xsi="http://www.w3.org/2001/XMLSchema-instance" xmlns:activiti="http://activiti.org/bpmn" xmlns:bpmndi="http://www.omg.org/spec/BPMN/20100524/DI" xmlns:omgdc="http://www.omg.org/spec/DD/20100524/DC" xmlns:omgdi="http://www.omg.org/spec/DD/20100524/DI" typeLanguage="http://www.w3.org/2001/XMLSchema" expressionLanguage="http://www.w3.org/1999/XPath" targetNamespace="http://www.activiti.org/processdef">
  <process id="bpn_comcast_idm_badge_request" name="bpn_comcast_idm_badge_request" isExecutable="true">
    <startEvent id="sid-49F8404F-0324-45EE-A0B7-A6661EE20DF5"/>
    <userTask id="sid-96F39503-EAE4-459D-904F-EC17015BAE67" name="say I will help you with your idm badge request" activiti:exclusive="false"/>
    <sequenceFlow id="sid-8708B946-CD05-4E0E-8FCA-F56EA77F4CE9" sourceRef="sid-49F8404F-0324-45EE-A0B7-A6661EE20DF5" targetRef="sid-96F39503-EAE4-459D-904F-EC17015BAE67"/>
    <userTask id="sid-84E99156-D2CE-4106-A233-F7C5164F6976" name="ask what is the contractor_NT_ID" activiti:exclusive="false"/>
    <sequenceFlow id="sid-0D0078B6-D1B9-4B10-A3BC-097DC487913F" sourceRef="sid-96F39503-EAE4-459D-904F-EC17015BAE67" targetRef="sid-84E99156-D2CE-4106-A233-F7C5164F6976"/>
    <userTask id="sid-A8CEC4DE-9D1F-4EDA-9F37-26BE9995F54A" name="ask what is the name_of_the_contractor." activiti:exclusive="false"/>
    <sequenceFlow id="sid-D0052A69-19D7-4614-B913-0FCE4D689A21" sourceRef="sid-84E99156-D2CE-4106-A233-F7C5164F6976" targetRef="sid-A8CEC4DE-9D1F-4EDA-9F37-26BE9995F54A"/>
    <userTask id="sid-AFB37CFD-50E5-4366-8AB5-7E0A4E8916D9" name="ask what is the name_of_the_building." activiti:exclusive="false"/>
    <sequenceFlow id="sid-3436CC1D-60DD-4B8F-8B58-06C7B4B29B9F" sourceRef="sid-A8CEC4DE-9D1F-4EDA-9F37-26BE9995F54A" targetRef="sid-AFB37CFD-50E5-4366-8AB5-7E0A4E8916D9"/>
    <userTask id="sid-352558A9-A8B7-4847-A129-24CB0C4655DF" name="say I will create the ticket for you" activiti:exclusive="false"/>
    <userTask id="sid-8A44720E-DEB0-4529-9A6F-1A42777C4446" name="execute the automaton aut_idm_request" activiti:exclusive="false"/>
    <userTask id="sid-075E8427-2AAE-428E-91AF-CC3CC06C7E15" name="run the workflow bpn_comcast_contact_info" activiti:exclusive="false"/>
    <sequenceFlow id="sid-8FC7163F-263C-41C1-B0C1-5E9FA7895E07" sourceRef="sid-AFB37CFD-50E5-4366-8AB5-7E0A4E8916D9" targetRef="sid-075E8427-2AAE-428E-91AF-CC3CC06C7E15"/>
    <sequenceFlow id="sid-37D54EC3-39C1-46C6-B5CF-21DDBD6654BB" sourceRef="sid-075E8427-2AAE-428E-91AF-CC3CC06C7E15" targetRef="sid-352558A9-A8B7-4847-A129-24CB0C4655DF"/>
    <sequenceFlow id="sid-21B26B1A-7E89-4B0F-8F83-612FCFCA09D1" sourceRef="sid-352558A9-A8B7-4847-A129-24CB0C4655DF" targetRef="sid-8A44720E-DEB0-4529-9A6F-1A42777C4446"/>
    <userTask id="sid-CAF495EA-513E-4E09-9EB6-2E3E4099D8F2" name="say Remedy Ticket Number: ${ebond_number}" activiti:exclusive="false"/>
    <sequenceFlow id="sid-36E118B1-214D-4C28-841A-970643469D1E" sourceRef="sid-8A44720E-DEB0-4529-9A6F-1A42777C4446" targetRef="sid-CAF495EA-513E-4E09-9EB6-2E3E4099D8F2"/>
    <endEvent id="sid-A827E9BE-2FD5-45DD-838A-E37A9B20D770"/>
    <sequenceFlow id="sid-ADBE7750-2196-49CF-AB5F-DDE7612FA97B" sourceRef="sid-CAF495EA-513E-4E09-9EB6-2E3E4099D8F2" targetRef="sid-A827E9BE-2FD5-45DD-838A-E37A9B20D770"/>
  </process>
  <bpmndi:BPMNDiagram id="BPMNDiagram_bpn_comcast_idm_badge_request">
    <bpmndi:BPMNPlane bpmnElement="bpn_comcast_idm_badge_request" id="BPMNPlane_bpn_comcast_idm_badge_request">
      <bpmndi:BPMNShape bpmnElement="sid-49F8404F-0324-45EE-A0B7-A6661EE20DF5" id="BPMNShape_sid-49F8404F-0324-45EE-A0B7-A6661EE20DF5">
        <omgdc:Bounds height="30.0" width="30.0" x="48.0" y="189.0"/>
      </bpmndi:BPMNShape>
      <bpmndi:BPMNShape bpmnElement="sid-96F39503-EAE4-459D-904F-EC17015BAE67" id="BPMNShape_sid-96F39503-EAE4-459D-904F-EC17015BAE67">
        <omgdc:Bounds height="80.0" width="100.0" x="123.0" y="164.0"/>
      </bpmndi:BPMNShape>
      <bpmndi:BPMNShape bpmnElement="sid-84E99156-D2CE-4106-A233-F7C5164F6976" id="BPMNShape_sid-84E99156-D2CE-4106-A233-F7C5164F6976">
        <omgdc:Bounds height="80.0" width="100.0" x="268.0" y="164.0"/>
      </bpmndi:BPMNShape>
      <bpmndi:BPMNShape bpmnElement="sid-A8CEC4DE-9D1F-4EDA-9F37-26BE9995F54A" id="BPMNShape_sid-A8CEC4DE-9D1F-4EDA-9F37-26BE9995F54A">
        <omgdc:Bounds height="80.0" width="100.0" x="413.0" y="164.0"/>
      </bpmndi:BPMNShape>
      <bpmndi:BPMNShape bpmnElement="sid-AFB37CFD-50E5-4366-8AB5-7E0A4E8916D9" id="BPMNShape_sid-AFB37CFD-50E5-4366-8AB5-7E0A4E8916D9">
        <omgdc:Bounds height="80.0" width="100.0" x="555.0" y="164.0"/>
      </bpmndi:BPMNShape>
      <bpmndi:BPMNShape bpmnElement="sid-352558A9-A8B7-4847-A129-24CB0C4655DF" id="BPMNShape_sid-352558A9-A8B7-4847-A129-24CB0C4655DF">
        <omgdc:Bounds height="80.0" width="100.0" x="855.0" y="164.0"/>
      </bpmndi:BPMNShape>
      <bpmndi:BPMNShape bpmnElement="sid-8A44720E-DEB0-4529-9A6F-1A42777C4446" id="BPMNShape_sid-8A44720E-DEB0-4529-9A6F-1A42777C4446">
        <omgdc:Bounds height="80.0" width="100.0" x="1020.0" y="164.0"/>
      </bpmndi:BPMNShape>
      <bpmndi:BPMNShape bpmnElement="sid-075E8427-2AAE-428E-91AF-CC3CC06C7E15" id="BPMNShape_sid-075E8427-2AAE-428E-91AF-CC3CC06C7E15">
        <omgdc:Bounds height="80.0" width="100.0" x="703.0" y="164.0"/>
      </bpmndi:BPMNShape>
      <bpmndi:BPMNShape bpmnElement="sid-CAF495EA-513E-4E09-9EB6-2E3E4099D8F2" id="BPMNShape_sid-CAF495EA-513E-4E09-9EB6-2E3E4099D8F2">
        <omgdc:Bounds height="80.0" width="100.0" x="1165.0" y="164.0"/>
      </bpmndi:BPMNShape>
      <bpmndi:BPMNShape bpmnElement="sid-A827E9BE-2FD5-45DD-838A-E37A9B20D770" id="BPMNShape_sid-A827E9BE-2FD5-45DD-838A-E37A9B20D770">
        <omgdc:Bounds height="28.0" width="28.0" x="1310.0" y="190.0"/>
      </bpmndi:BPMNShape>
      <bpmndi:BPMNEdge bpmnElement="sid-37D54EC3-39C1-46C6-B5CF-21DDBD6654BB" id="BPMNEdge_sid-37D54EC3-39C1-46C6-B5CF-21DDBD6654BB">
        <omgdi:waypoint x="803.0" y="204.0"/>
        <omgdi:waypoint x="855.0" y="204.0"/>
      </bpmndi:BPMNEdge>
      <bpmndi:BPMNEdge bpmnElement="sid-36E118B1-214D-4C28-841A-970643469D1E" id="BPMNEdge_sid-36E118B1-214D-4C28-841A-970643469D1E">
        <omgdi:waypoint x="1120.0" y="204.0"/>
        <omgdi:waypoint x="1165.0" y="204.0"/>
      </bpmndi:BPMNEdge>
      <bpmndi:BPMNEdge bpmnElement="sid-D0052A69-19D7-4614-B913-0FCE4D689A21" id="BPMNEdge_sid-D0052A69-19D7-4614-B913-0FCE4D689A21">
        <omgdi:waypoint x="368.0" y="204.0"/>
        <omgdi:waypoint x="413.0" y="204.0"/>
      </bpmndi:BPMNEdge>
      <bpmndi:BPMNEdge bpmnElement="sid-21B26B1A-7E89-4B0F-8F83-612FCFCA09D1" id="BPMNEdge_sid-21B26B1A-7E89-4B0F-8F83-612FCFCA09D1">
        <omgdi:waypoint x="955.0" y="204.0"/>
        <omgdi:waypoint x="1020.0" y="204.0"/>
      </bpmndi:BPMNEdge>
      <bpmndi:BPMNEdge bpmnElement="sid-8708B946-CD05-4E0E-8FCA-F56EA77F4CE9" id="BPMNEdge_sid-8708B946-CD05-4E0E-8FCA-F56EA77F4CE9">
        <omgdi:waypoint x="78.0" y="204.0"/>
        <omgdi:waypoint x="123.0" y="204.0"/>
      </bpmndi:BPMNEdge>
      <bpmndi:BPMNEdge bpmnElement="sid-ADBE7750-2196-49CF-AB5F-DDE7612FA97B" id="BPMNEdge_sid-ADBE7750-2196-49CF-AB5F-DDE7612FA97B">
        <omgdi:waypoint x="1265.0" y="204.0"/>
        <omgdi:waypoint x="1310.0" y="204.0"/>
      </bpmndi:BPMNEdge>
      <bpmndi:BPMNEdge bpmnElement="sid-8FC7163F-263C-41C1-B0C1-5E9FA7895E07" id="BPMNEdge_sid-8FC7163F-263C-41C1-B0C1-5E9FA7895E07">
        <omgdi:waypoint x="655.0" y="204.0"/>
        <omgdi:waypoint x="703.0" y="204.0"/>
      </bpmndi:BPMNEdge>
      <bpmndi:BPMNEdge bpmnElement="sid-0D0078B6-D1B9-4B10-A3BC-097DC487913F" id="BPMNEdge_sid-0D0078B6-D1B9-4B10-A3BC-097DC487913F">
        <omgdi:waypoint x="223.0" y="204.0"/>
        <omgdi:waypoint x="268.0" y="204.0"/>
      </bpmndi:BPMNEdge>
      <bpmndi:BPMNEdge bpmnElement="sid-3436CC1D-60DD-4B8F-8B58-06C7B4B29B9F" id="BPMNEdge_sid-3436CC1D-60DD-4B8F-8B58-06C7B4B29B9F">
        <omgdi:waypoint x="513.0" y="204.0"/>
        <omgdi:waypoint x="555.0" y="204.0"/>
      </bpmndi:BPMNEdge>
    </bpmndi:BPMNPlane>
  </bpmndi:BPMNDiagram>
</definitions>