<?xml version='1.0' encoding='UTF-8'?>
<definitions xmlns="http://www.omg.org/spec/BPMN/20100524/MODEL" xmlns:xsi="http://www.w3.org/2001/XMLSchema-instance" xmlns:activiti="http://activiti.org/bpmn" xmlns:bpmndi="http://www.omg.org/spec/BPMN/20100524/DI" xmlns:omgdc="http://www.omg.org/spec/DD/20100524/DC" xmlns:omgdi="http://www.omg.org/spec/DD/20100524/DI" typeLanguage="http://www.w3.org/2001/XMLSchema" expressionLanguage="http://www.w3.org/1999/XPath" targetNamespace="http://www.activiti.org/test">
  <process id="bpn_comcast_amdocs_dst_biller_ticket_1" name="bpn_comcast_amdocs_dst_biller_ticket_1" isExecutable="true">
    <userTask id="sid-c1e180fd-8b7a-4221-a2a5-eeccace8a7b4" name="say Remedy Ticket Number: ${ebond_number}" activiti:exclusive="false"/>
    <userTask id="sid-6a5e3e9b-cdfd-472c-92ff-ccdc2bde1a4a" name="say I will be happy to help you to create a ticket for DST biller." activiti:exclusive="false"/>
    <userTask id="sid-a36f0ab5-f861-43f5-9df7-0247dc4d09ff" name="say I couldn't find your account" activiti:exclusive="false"/>
    <userTask id="sid-0032f47f-0566-4dd0-b3bb-7f5706c85e86" name="execute the automaton amdocs_acc_number_lookup_dst" activiti:exclusive="false"/>
    <endEvent id="sid-b3a67f8c-88fb-4f69-9666-40821e101168"/>
    <userTask id="sid-abd74b8a-5ad2-4803-b2b8-33f6040a9433" name="escalate" activiti:exclusive="false"/>
    <userTask id="sid-79194cc4-3e13-475b-ad9b-27094b12fa16" name="set the variable file_url to &quot;${screenshot_id.encodedUrl}&quot;" activiti:exclusive="false"/>
    <userTask id="sid-f32aec19-2016-4c78-8a96-e64d50182a3f" name="say I am gathering all the data for the automaton" activiti:exclusive="false"/>
    <endEvent id="sid-213fe35f-d3eb-4b2d-8980-cf4c1a5b7d34"/>
    <userTask id="sid-29369d24-34a2-4ed3-a3b4-6604b4873c1e" name="set the variable counting to ${counting+1}" activiti:exclusive="false"/>
    <userTask id="sid-f8e68b83-ca0a-4347-808a-6c1567729a61" name="run the workflow bpn_comcast_screenshot_upload" activiti:exclusive="false"/>
    <userTask id="sid-733aa0a8-aee3-4f30-802b-60c4762dc515" name="Say wrong account number" activiti:exclusive="false"/>
    <userTask id="sid-52e52b30-836c-4d71-8cdd-2580780887d1" name="run the workflow bpn_comcast_contact_info" activiti:exclusive="false"/>
    <endEvent id="sid-fda66377-3df0-441e-81bb-b5794f7b8047"/>
    <userTask id="sid-b2a62beb-62b9-4919-b299-b5d3d2312cce" name="ask the user what is the user's issue description" activiti:exclusive="false"/>
    <userTask id="sid-62c12960-84d5-422a-ab96-93883a8b021f" name="ask the user what are &quot;the_steps_taken_to_recreate_the_error&quot;." activiti:exclusive="false"/>
    <userTask id="sid-bab82f21-b53f-4a75-8f45-dfa90848934d" name="ask the user What is the customer's account number" activiti:exclusive="false"/>
    <startEvent id="sid-f08af8bd-c138-47c8-a638-a00629c1904b"/>
    <userTask id="sid-710c3b97-ec84-4998-b020-83f0c8bd322d" name="execute the automaton aut_amdocs_dst_biller_tkt_creator" activiti:exclusive="false"/>
    <sequenceFlow id="sid-7564eeb6-4eba-4235-b9a8-c91d698f3e0a" sourceRef="sid-c1e180fd-8b7a-4221-a2a5-eeccace8a7b4" targetRef="sid-b3a67f8c-88fb-4f69-9666-40821e101168"/>
    <sequenceFlow id="sid-bda22519-572d-409d-b3fe-1b995fdaa8e9" sourceRef="sid-6a5e3e9b-cdfd-472c-92ff-ccdc2bde1a4a" targetRef="sid-52e52b30-836c-4d71-8cdd-2580780887d1"/>
    <sequenceFlow id="sid-b869b83c-8281-4683-99c8-02b77f4de9e7" name="${counting gt 1}" sourceRef="sid-a36f0ab5-f861-43f5-9df7-0247dc4d09ff" targetRef="sid-abd74b8a-5ad2-4803-b2b8-33f6040a9433"/>
    <sequenceFlow id="sid-8853db0a-90b7-4ee0-9258-1dfd86b28a4c" name="else" sourceRef="sid-a36f0ab5-f861-43f5-9df7-0247dc4d09ff" targetRef="sid-bab82f21-b53f-4a75-8f45-dfa90848934d"/>
    <sequenceFlow id="sid-a628a670-6b0e-47db-9c7c-dda54d1493da" name="0" sourceRef="sid-0032f47f-0566-4dd0-b3bb-7f5706c85e86" targetRef="sid-29369d24-34a2-4ed3-a3b4-6604b4873c1e"/>
    <sequenceFlow id="sid-a625ffe0-fa74-4468-a231-3f80e420975d" name="1" sourceRef="sid-0032f47f-0566-4dd0-b3bb-7f5706c85e86" targetRef="sid-b2a62beb-62b9-4919-b299-b5d3d2312cce"/>
    <sequenceFlow id="sid-9c2b0d96-0bde-452d-9c2e-82ce1aab3691" sourceRef="sid-abd74b8a-5ad2-4803-b2b8-33f6040a9433" targetRef="sid-213fe35f-d3eb-4b2d-8980-cf4c1a5b7d34"/>
    <sequenceFlow id="sid-9df80522-f8ef-4768-b861-a6c7588087f9" sourceRef="sid-abd74b8a-5ad2-4803-b2b8-33f6040a9433" targetRef="sid-733aa0a8-aee3-4f30-802b-60c4762dc515"/>
    <sequenceFlow id="sid-22a22949-b49b-40fc-be18-3cabb9b903cb" sourceRef="sid-79194cc4-3e13-475b-ad9b-27094b12fa16" targetRef="sid-f32aec19-2016-4c78-8a96-e64d50182a3f"/>
    <sequenceFlow id="sid-9268e16e-2d01-4a4a-9404-332516ad82ef" sourceRef="sid-f32aec19-2016-4c78-8a96-e64d50182a3f" targetRef="sid-710c3b97-ec84-4998-b020-83f0c8bd322d"/>
    <sequenceFlow id="sid-00cd3147-8d9f-49bb-8d57-78e41be1a431" sourceRef="sid-29369d24-34a2-4ed3-a3b4-6604b4873c1e" targetRef="sid-a36f0ab5-f861-43f5-9df7-0247dc4d09ff"/>
    <sequenceFlow id="sid-7dd2ae2f-2f1d-4427-b664-e2caa72e48ed" sourceRef="sid-f8e68b83-ca0a-4347-808a-6c1567729a61" targetRef="sid-79194cc4-3e13-475b-ad9b-27094b12fa16"/>
    <sequenceFlow id="sid-31280f3a-c0ca-4d1d-bffc-23708d07121f" name="ok I will check" sourceRef="sid-733aa0a8-aee3-4f30-802b-60c4762dc515" targetRef="sid-fda66377-3df0-441e-81bb-b5794f7b8047"/>
    <sequenceFlow id="sid-0ae39b9d-4063-4624-8e21-7017dfbe2abc" sourceRef="sid-52e52b30-836c-4d71-8cdd-2580780887d1" targetRef="sid-bab82f21-b53f-4a75-8f45-dfa90848934d"/>
    <sequenceFlow id="sid-75c54af3-7d04-4252-9ece-fa6a84399a96" sourceRef="sid-b2a62beb-62b9-4919-b299-b5d3d2312cce" targetRef="sid-62c12960-84d5-422a-ab96-93883a8b021f"/>
    <sequenceFlow id="sid-9aab3d30-eb24-466a-9f7e-20e8e5ab174c" sourceRef="sid-62c12960-84d5-422a-ab96-93883a8b021f" targetRef="sid-f8e68b83-ca0a-4347-808a-6c1567729a61"/>
    <sequenceFlow id="sid-72206300-6d56-439f-9715-e477d9b90599" sourceRef="sid-bab82f21-b53f-4a75-8f45-dfa90848934d" targetRef="sid-0032f47f-0566-4dd0-b3bb-7f5706c85e86"/>
    <sequenceFlow id="sid-29ec87e4-d8d4-48fc-9f63-ecec818a9741" sourceRef="sid-f08af8bd-c138-47c8-a638-a00629c1904b" targetRef="sid-6a5e3e9b-cdfd-472c-92ff-ccdc2bde1a4a"/>
    <sequenceFlow id="sid-fc477535-a173-4573-9116-e6ac268a8a58" sourceRef="sid-710c3b97-ec84-4998-b020-83f0c8bd322d" targetRef="sid-c1e180fd-8b7a-4221-a2a5-eeccace8a7b4"/>
  </process>
  <bpmndi:BPMNDiagram id="BPMNDiagram_bpn_comcast_amdocs_dst_biller_ticket_1">
    <bpmndi:BPMNPlane bpmnElement="bpn_comcast_amdocs_dst_biller_ticket_1" id="BPMNPlane_bpn_comcast_amdocs_dst_biller_ticket_1">
      <bpmndi:BPMNShape bpmnElement="sid-c1e180fd-8b7a-4221-a2a5-eeccace8a7b4" id="BPMNShape_sid-c1e180fd-8b7a-4221-a2a5-eeccace8a7b4">
        <omgdc:Bounds height="82.0" width="102.0" x="2150.0" y="206.0"/>
      </bpmndi:BPMNShape>
      <bpmndi:BPMNShape bpmnElement="sid-6a5e3e9b-cdfd-472c-92ff-ccdc2bde1a4a" id="BPMNShape_sid-6a5e3e9b-cdfd-472c-92ff-ccdc2bde1a4a">
        <omgdc:Bounds height="82.0" width="102.0" x="130.0" y="206.0"/>
      </bpmndi:BPMNShape>
      <bpmndi:BPMNShape bpmnElement="sid-a36f0ab5-f861-43f5-9df7-0247dc4d09ff" id="BPMNShape_sid-a36f0ab5-f861-43f5-9df7-0247dc4d09ff">
        <omgdc:Bounds height="82.0" width="102.0" x="1140.0" y="90.0"/>
      </bpmndi:BPMNShape>
      <bpmndi:BPMNShape bpmnElement="sid-0032f47f-0566-4dd0-b3bb-7f5706c85e86" id="BPMNShape_sid-0032f47f-0566-4dd0-b3bb-7f5706c85e86">
        <omgdc:Bounds height="82.0" width="102.0" x="736.0" y="131.0"/>
      </bpmndi:BPMNShape>
      <bpmndi:BPMNShape bpmnElement="sid-b3a67f8c-88fb-4f69-9666-40821e101168" id="BPMNShape_sid-b3a67f8c-88fb-4f69-9666-40821e101168">
        <omgdc:Bounds height="30.0" width="30.0" x="2352.0" y="232.0"/>
      </bpmndi:BPMNShape>
      <bpmndi:BPMNShape bpmnElement="sid-abd74b8a-5ad2-4803-b2b8-33f6040a9433" id="BPMNShape_sid-abd74b8a-5ad2-4803-b2b8-33f6040a9433">
        <omgdc:Bounds height="82.0" width="102.0" x="1342.0" y="90.0"/>
      </bpmndi:BPMNShape>
      <bpmndi:BPMNShape bpmnElement="sid-79194cc4-3e13-475b-ad9b-27094b12fa16" id="BPMNShape_sid-79194cc4-3e13-475b-ad9b-27094b12fa16">
        <omgdc:Bounds height="82.0" width="102.0" x="1544.0" y="412.0"/>
      </bpmndi:BPMNShape>
      <bpmndi:BPMNShape bpmnElement="sid-f32aec19-2016-4c78-8a96-e64d50182a3f" id="BPMNShape_sid-f32aec19-2016-4c78-8a96-e64d50182a3f">
        <omgdc:Bounds height="82.0" width="102.0" x="1746.0" y="296.0"/>
      </bpmndi:BPMNShape>
      <bpmndi:BPMNShape bpmnElement="sid-213fe35f-d3eb-4b2d-8980-cf4c1a5b7d34" id="BPMNShape_sid-213fe35f-d3eb-4b2d-8980-cf4c1a5b7d34">
        <omgdc:Bounds height="30.0" width="30.0" x="1580.0" y="0.0"/>
      </bpmndi:BPMNShape>
      <bpmndi:BPMNShape bpmnElement="sid-29369d24-34a2-4ed3-a3b4-6604b4873c1e" id="BPMNShape_sid-29369d24-34a2-4ed3-a3b4-6604b4873c1e">
        <omgdc:Bounds height="82.0" width="102.0" x="938.0" y="15.0"/>
      </bpmndi:BPMNShape>
      <bpmndi:BPMNShape bpmnElement="sid-f8e68b83-ca0a-4347-808a-6c1567729a61" id="BPMNShape_sid-f8e68b83-ca0a-4347-808a-6c1567729a61">
        <omgdc:Bounds height="82.0" width="102.0" x="1342.0" y="322.0"/>
      </bpmndi:BPMNShape>
      <bpmndi:BPMNShape bpmnElement="sid-733aa0a8-aee3-4f30-802b-60c4762dc515" id="BPMNShape_sid-733aa0a8-aee3-4f30-802b-60c4762dc515">
        <omgdc:Bounds height="82.0" width="102.0" x="1544.0" y="180.0"/>
      </bpmndi:BPMNShape>
      <bpmndi:BPMNShape bpmnElement="sid-52e52b30-836c-4d71-8cdd-2580780887d1" id="BPMNShape_sid-52e52b30-836c-4d71-8cdd-2580780887d1">
        <omgdc:Bounds height="82.0" width="102.0" x="332.0" y="206.0"/>
      </bpmndi:BPMNShape>
      <bpmndi:BPMNShape bpmnElement="sid-fda66377-3df0-441e-81bb-b5794f7b8047" id="BPMNShape_sid-fda66377-3df0-441e-81bb-b5794f7b8047">
        <omgdc:Bounds height="30.0" width="30.0" x="1782.0" y="116.0"/>
      </bpmndi:BPMNShape>
      <bpmndi:BPMNShape bpmnElement="sid-b2a62beb-62b9-4919-b299-b5d3d2312cce" id="BPMNShape_sid-b2a62beb-62b9-4919-b299-b5d3d2312cce">
        <omgdc:Bounds height="82.0" width="102.0" x="938.0" y="247.0"/>
      </bpmndi:BPMNShape>
      <bpmndi:BPMNShape bpmnElement="sid-62c12960-84d5-422a-ab96-93883a8b021f" id="BPMNShape_sid-62c12960-84d5-422a-ab96-93883a8b021f">
        <omgdc:Bounds height="82.0" width="102.0" x="1140.0" y="322.0"/>
      </bpmndi:BPMNShape>
      <bpmndi:BPMNShape bpmnElement="sid-bab82f21-b53f-4a75-8f45-dfa90848934d" id="BPMNShape_sid-bab82f21-b53f-4a75-8f45-dfa90848934d">
        <omgdc:Bounds height="82.0" width="102.0" x="534.0" y="206.0"/>
      </bpmndi:BPMNShape>
      <bpmndi:BPMNShape bpmnElement="sid-f08af8bd-c138-47c8-a638-a00629c1904b" id="BPMNShape_sid-f08af8bd-c138-47c8-a638-a00629c1904b">
        <omgdc:Bounds height="30.0" width="30.0" x="0.0" y="232.0"/>
      </bpmndi:BPMNShape>
      <bpmndi:BPMNShape bpmnElement="sid-710c3b97-ec84-4998-b020-83f0c8bd322d" id="BPMNShape_sid-710c3b97-ec84-4998-b020-83f0c8bd322d">
        <omgdc:Bounds height="82.0" width="102.0" x="1948.0" y="206.0"/>
      </bpmndi:BPMNShape>
      <bpmndi:BPMNEdge bpmnElement="sid-9c2b0d96-0bde-452d-9c2e-82ce1aab3691" id="BPMNEdge_sid-9c2b0d96-0bde-452d-9c2e-82ce1aab3691">
        <omgdi:waypoint x="1444.0" y="101.7128712871287"/>
        <omgdi:waypoint x="1581.9922334577948" y="22.469806529187153"/>
      </bpmndi:BPMNEdge>
      <bpmndi:BPMNEdge bpmnElement="sid-8853db0a-90b7-4ee0-9258-1dfd86b28a4c" id="BPMNEdge_sid-8853db0a-90b7-4ee0-9258-1dfd86b28a4c">
        <omgdi:waypoint x="1179.1005747126437" y="172.0"/>
        <omgdi:waypoint x="1090.0" y="479.0"/>
        <omgdi:waypoint x="888.0" y="479.0"/>
        <omgdi:waypoint x="888.0" y="363.0"/>
        <omgdi:waypoint x="686.0" y="363.0"/>
        <omgdi:waypoint x="620.698275862069" y="288.0"/>
      </bpmndi:BPMNEdge>
      <bpmndi:BPMNEdge bpmnElement="sid-9df80522-f8ef-4768-b861-a6c7588087f9" id="BPMNEdge_sid-9df80522-f8ef-4768-b861-a6c7588087f9">
        <omgdi:waypoint x="1444.0" y="153.72277227722773"/>
        <omgdi:waypoint x="1544.0" y="198.27722772277227"/>
      </bpmndi:BPMNEdge>
      <bpmndi:BPMNEdge bpmnElement="sid-9268e16e-2d01-4a4a-9404-332516ad82ef" id="BPMNEdge_sid-9268e16e-2d01-4a4a-9404-332516ad82ef">
        <omgdi:waypoint x="1848.0" y="314.2772277227723"/>
        <omgdi:waypoint x="1948.0" y="269.7227722772277"/>
      </bpmndi:BPMNEdge>
      <bpmndi:BPMNEdge bpmnElement="sid-22a22949-b49b-40fc-be18-3cabb9b903cb" id="BPMNEdge_sid-22a22949-b49b-40fc-be18-3cabb9b903cb">
        <omgdi:waypoint x="1646.0" y="423.71287128712873"/>
        <omgdi:waypoint x="1746.0" y="366.28712871287127"/>
      </bpmndi:BPMNEdge>
      <bpmndi:BPMNEdge bpmnElement="sid-00cd3147-8d9f-49bb-8d57-78e41be1a431" id="BPMNEdge_sid-00cd3147-8d9f-49bb-8d57-78e41be1a431">
        <omgdi:waypoint x="1040.0" y="74.93564356435644"/>
        <omgdi:waypoint x="1140.0" y="112.06435643564356"/>
      </bpmndi:BPMNEdge>
      <bpmndi:BPMNEdge bpmnElement="sid-a628a670-6b0e-47db-9c7c-dda54d1493da" id="BPMNEdge_sid-a628a670-6b0e-47db-9c7c-dda54d1493da">
        <omgdi:waypoint x="838.0" y="142.7128712871287"/>
        <omgdi:waypoint x="938.0" y="85.2871287128713"/>
      </bpmndi:BPMNEdge>
      <bpmndi:BPMNEdge bpmnElement="sid-0ae39b9d-4063-4624-8e21-7017dfbe2abc" id="BPMNEdge_sid-0ae39b9d-4063-4624-8e21-7017dfbe2abc">
        <omgdi:waypoint x="434.0" y="247.0"/>
        <omgdi:waypoint x="534.0" y="247.0"/>
      </bpmndi:BPMNEdge>
      <bpmndi:BPMNEdge bpmnElement="sid-29ec87e4-d8d4-48fc-9f63-ecec818a9741" id="BPMNEdge_sid-29ec87e4-d8d4-48fc-9f63-ecec818a9741">
        <omgdi:waypoint x="30.0" y="247.0"/>
        <omgdi:waypoint x="130.0" y="247.0"/>
      </bpmndi:BPMNEdge>
      <bpmndi:BPMNEdge bpmnElement="sid-9aab3d30-eb24-466a-9f7e-20e8e5ab174c" id="BPMNEdge_sid-9aab3d30-eb24-466a-9f7e-20e8e5ab174c">
        <omgdi:waypoint x="1242.0" y="363.0"/>
        <omgdi:waypoint x="1342.0" y="363.0"/>
      </bpmndi:BPMNEdge>
      <bpmndi:BPMNEdge bpmnElement="sid-7564eeb6-4eba-4235-b9a8-c91d698f3e0a" id="BPMNEdge_sid-7564eeb6-4eba-4235-b9a8-c91d698f3e0a">
        <omgdi:waypoint x="2252.0" y="247.0"/>
        <omgdi:waypoint x="2352.0" y="247.0"/>
      </bpmndi:BPMNEdge>
      <bpmndi:BPMNEdge bpmnElement="sid-31280f3a-c0ca-4d1d-bffc-23708d07121f" id="BPMNEdge_sid-31280f3a-c0ca-4d1d-bffc-23708d07121f">
        <omgdi:waypoint x="1646.0" y="198.27722772277227"/>
        <omgdi:waypoint x="1783.2984267412069" y="137.1046613529276"/>
      </bpmndi:BPMNEdge>
      <bpmndi:BPMNEdge bpmnElement="sid-75c54af3-7d04-4252-9ece-fa6a84399a96" id="BPMNEdge_sid-75c54af3-7d04-4252-9ece-fa6a84399a96">
        <omgdi:waypoint x="1040.0" y="306.93564356435644"/>
        <omgdi:waypoint x="1140.0" y="344.06435643564356"/>
      </bpmndi:BPMNEdge>
      <bpmndi:BPMNEdge bpmnElement="sid-72206300-6d56-439f-9715-e477d9b90599" id="BPMNEdge_sid-72206300-6d56-439f-9715-e477d9b90599">
        <omgdi:waypoint x="636.0" y="228.06435643564356"/>
        <omgdi:waypoint x="736.0" y="190.93564356435644"/>
      </bpmndi:BPMNEdge>
      <bpmndi:BPMNEdge bpmnElement="sid-fc477535-a173-4573-9116-e6ac268a8a58" id="BPMNEdge_sid-fc477535-a173-4573-9116-e6ac268a8a58">
        <omgdi:waypoint x="2050.0" y="247.0"/>
        <omgdi:waypoint x="2150.0" y="247.0"/>
      </bpmndi:BPMNEdge>
      <bpmndi:BPMNEdge bpmnElement="sid-b869b83c-8281-4683-99c8-02b77f4de9e7" id="BPMNEdge_sid-b869b83c-8281-4683-99c8-02b77f4de9e7">
        <omgdi:waypoint x="1242.0" y="131.0"/>
        <omgdi:waypoint x="1342.0" y="131.0"/>
      </bpmndi:BPMNEdge>
      <bpmndi:BPMNEdge bpmnElement="sid-bda22519-572d-409d-b3fe-1b995fdaa8e9" id="BPMNEdge_sid-bda22519-572d-409d-b3fe-1b995fdaa8e9">
        <omgdi:waypoint x="232.0" y="247.0"/>
        <omgdi:waypoint x="332.0" y="247.0"/>
      </bpmndi:BPMNEdge>
      <bpmndi:BPMNEdge bpmnElement="sid-a625ffe0-fa74-4468-a231-3f80e420975d" id="BPMNEdge_sid-a625ffe0-fa74-4468-a231-3f80e420975d">
        <omgdi:waypoint x="838.0" y="201.28712871287127"/>
        <omgdi:waypoint x="938.0" y="258.71287128712873"/>
      </bpmndi:BPMNEdge>
      <bpmndi:BPMNEdge bpmnElement="sid-7dd2ae2f-2f1d-4427-b664-e2caa72e48ed" id="BPMNEdge_sid-7dd2ae2f-2f1d-4427-b664-e2caa72e48ed">
        <omgdi:waypoint x="1444.0" y="385.7227722772277"/>
        <omgdi:waypoint x="1544.0" y="430.2772277227723"/>
      </bpmndi:BPMNEdge>
    </bpmndi:BPMNPlane>
  </bpmndi:BPMNDiagram>
</definitions>