<?xml version='1.0' encoding='UTF-8'?>
<definitions xmlns="http://www.omg.org/spec/BPMN/20100524/MODEL" xmlns:xsi="http://www.w3.org/2001/XMLSchema-instance" xmlns:activiti="http://activiti.org/bpmn" xmlns:bpmndi="http://www.omg.org/spec/BPMN/20100524/DI" xmlns:omgdc="http://www.omg.org/spec/DD/20100524/DC" xmlns:omgdi="http://www.omg.org/spec/DD/20100524/DI" typeLanguage="http://www.w3.org/2001/XMLSchema" expressionLanguage="http://www.w3.org/1999/XPath" targetNamespace="http://www.activiti.org/test">
  <process id="bpn_comcast_csg_portnumber1_2" name="bpn_comcast_csg_portnumber1_2" isExecutable="true">
    <userTask id="sid-3546f4fc-c330-44a7-80b5-12d809b59ba5" name="Say It seems you have provided an invalid account number." activiti:exclusive="false"/>
    <userTask id="sid-a37238ae-a53d-43ff-aae0-1c72320dad3b" name="Ask whether the user can please double check the accuracy." activiti:exclusive="false"/>
    <userTask id="sid-9119a583-19dd-4f0c-a091-f482ed6bd846" name="ask the user what the customer's account number is" activiti:exclusive="false"/>
    <userTask id="sid-c2cbc385-680f-441f-ac8c-a55b771d7e8b" name="ask the user what the phone number to port is" activiti:exclusive="false"/>
    <startEvent id="sid-ebe1507d-7690-4db4-ba10-998f97c23b25"/>
    <userTask id="sid-f6b09261-d547-4927-9919-bc29325566d5" name="execute the automaton aut_acsr_portnumber_tkt_creator" activiti:exclusive="false"/>
    <endEvent id="sid-aa66509e-b2e7-4214-8a06-d0fc8e59e838"/>
    <userTask id="sid-c3c8afed-dd99-4d6f-9a31-c55875ecee7a" name="say I will be happy to help you  to port a number; first let me gather the required details." activiti:exclusive="false"/>
    <endEvent id="sid-f86a227b-b3a2-473e-967d-5daa9dbd9b0a"/>
    <userTask id="sid-9eeae448-ea6c-40b9-a4a8-78fc7d3d994d" name="say I will now create a port number request ticket for you; once I have created the ticket, I will give you the ticket number for your reference." activiti:exclusive="false"/>
    <userTask id="sid-8e34cef8-fb99-4620-8bee-b1f4eadfd941" name="say Remedy Ticket Number: ${ebond_number}" activiti:exclusive="false"/>
    <userTask id="sid-18d061e8-d2cc-442a-b63d-783541bbe84e" name="ask What is the rate center on the account" activiti:exclusive="false"/>
    <userTask id="sid-dfa332a0-fe7c-4e19-ae42-38db0aea9a82" name="ask what is the &quot;rate_center&quot; on the phone number" activiti:exclusive="false"/>
    <userTask id="sid-71146f4e-47d1-40d9-87fd-f2c6f15a38da" name="run the workflow bpn_comcast_screenshot_optional" activiti:exclusive="false"/>
    <userTask id="sid-8f15c838-6068-4d68-ab83-de7553f13d10" name="ask what type of account is this request for" activiti:exclusive="false"/>
    <userTask id="sid-e0fc60fe-4677-42f0-a2e2-41b15f55f692" name="run the workflow bpn_comcast_contact_info" activiti:exclusive="false"/>
    <userTask id="sid-e9bf548c-555a-4263-b3c3-c6cb9744b0d5" name="execute the automaton acsr_lookup" activiti:exclusive="false"/>
    <userTask id="sid-e37c7211-29fb-455a-a092-f70bf36151ad" name="set the variable loop to 0" activiti:exclusive="false"/>
    <userTask id="sid-5bc8069f-cebd-4ad3-9e2c-3889abab31ee" name="set the variable loop to ${loop+1}" activiti:exclusive="false"/>
    <userTask id="sid-b927a1de-0b8b-4b82-a63a-ff4c9b58cf48" name="say I couldn't find your account number in our records" activiti:exclusive="false"/>
    <userTask id="sid-fd80d82f-10c6-401e-b0a6-5df538659453" name="escalate because &quot;the CSG account number ${acc_number} was not found in our records&quot;" activiti:exclusive="false"/>
    <userTask id="sid-78c230a2-6df3-42c4-8666-50e76603fa88" name="set the variable market to &quot;Not Applicable&quot;" activiti:exclusive="false"/>
    <endEvent id="sid-f3cd5985-2039-4136-b2f4-6ba34c3f66cd"/>
    <sequenceFlow id="sid-985fa396-30ba-4b3e-999a-2e70580e5f97" sourceRef="sid-3546f4fc-c330-44a7-80b5-12d809b59ba5" targetRef="sid-a37238ae-a53d-43ff-aae0-1c72320dad3b"/>
    <sequenceFlow id="sid-cd1d143e-5970-4468-beff-2becc62a60d7" name="ok, will do thanks" sourceRef="sid-a37238ae-a53d-43ff-aae0-1c72320dad3b" targetRef="sid-f86a227b-b3a2-473e-967d-5daa9dbd9b0a"/>
    <sequenceFlow id="sid-412f504b-5b55-4b56-abc3-139ec3a4b183" sourceRef="sid-9119a583-19dd-4f0c-a091-f482ed6bd846" targetRef="sid-e9bf548c-555a-4263-b3c3-c6cb9744b0d5"/>
    <sequenceFlow id="sid-c0b2db11-2839-475f-88fb-fc8549f30760" sourceRef="sid-c2cbc385-680f-441f-ac8c-a55b771d7e8b" targetRef="sid-dfa332a0-fe7c-4e19-ae42-38db0aea9a82"/>
    <sequenceFlow id="sid-c697e6f0-90bc-45e1-936f-b8a5f7a6cb22" sourceRef="sid-ebe1507d-7690-4db4-ba10-998f97c23b25" targetRef="sid-c3c8afed-dd99-4d6f-9a31-c55875ecee7a"/>
    <sequenceFlow id="sid-6ac7edad-15e1-483d-af90-3cd44506eb71" sourceRef="sid-f6b09261-d547-4927-9919-bc29325566d5" targetRef="sid-8e34cef8-fb99-4620-8bee-b1f4eadfd941"/>
    <sequenceFlow id="sid-d1a11dc4-2a18-4a10-8824-eb1a74a30b6a" sourceRef="sid-c3c8afed-dd99-4d6f-9a31-c55875ecee7a" targetRef="sid-e0fc60fe-4677-42f0-a2e2-41b15f55f692"/>
    <sequenceFlow id="sid-fdb991d3-e7da-4e1c-9e35-86b9f063af6d" sourceRef="sid-9eeae448-ea6c-40b9-a4a8-78fc7d3d994d" targetRef="sid-f6b09261-d547-4927-9919-bc29325566d5"/>
    <sequenceFlow id="sid-5dbb6d13-b15e-4d42-b92d-18952fbe10be" sourceRef="sid-8e34cef8-fb99-4620-8bee-b1f4eadfd941" targetRef="sid-aa66509e-b2e7-4214-8a06-d0fc8e59e838"/>
    <sequenceFlow id="sid-56d83eb7-8f1c-4120-9fa4-2241ecc499db" sourceRef="sid-18d061e8-d2cc-442a-b63d-783541bbe84e" targetRef="sid-c2cbc385-680f-441f-ac8c-a55b771d7e8b"/>
    <sequenceFlow id="sid-832c6efd-decc-4455-a471-472cc0c3deb2" sourceRef="sid-dfa332a0-fe7c-4e19-ae42-38db0aea9a82" targetRef="sid-71146f4e-47d1-40d9-87fd-f2c6f15a38da"/>
    <sequenceFlow id="sid-1bd75983-755b-49d2-9bfd-04d2f105c546" sourceRef="sid-71146f4e-47d1-40d9-87fd-f2c6f15a38da" targetRef="sid-9eeae448-ea6c-40b9-a4a8-78fc7d3d994d"/>
    <sequenceFlow id="sid-44cea6cc-178e-4577-b9aa-460bc1af37e3" name="residential, business" sourceRef="sid-8f15c838-6068-4d68-ab83-de7553f13d10" targetRef="sid-e37c7211-29fb-455a-a092-f70bf36151ad"/>
    <sequenceFlow id="sid-da83bcb6-2d1f-40e1-8292-291acf058f5b" sourceRef="sid-e0fc60fe-4677-42f0-a2e2-41b15f55f692" targetRef="sid-8f15c838-6068-4d68-ab83-de7553f13d10"/>
    <sequenceFlow id="sid-7e7f92e8-802e-4a22-a54b-690b3555d513" name="0" sourceRef="sid-e9bf548c-555a-4263-b3c3-c6cb9744b0d5" targetRef="sid-b927a1de-0b8b-4b82-a63a-ff4c9b58cf48"/>
    <sequenceFlow id="sid-ed665425-d928-4ad8-a677-67513162e48d" name="1" sourceRef="sid-e9bf548c-555a-4263-b3c3-c6cb9744b0d5" targetRef="sid-18d061e8-d2cc-442a-b63d-783541bbe84e"/>
    <sequenceFlow id="sid-577246dd-0836-472c-bf9f-3c1d057d0fcb" sourceRef="sid-e37c7211-29fb-455a-a092-f70bf36151ad" targetRef="sid-78c230a2-6df3-42c4-8666-50e76603fa88"/>
    <sequenceFlow id="sid-adef4371-8572-466a-b9a4-367fa988607d" name="${loop gt 1}" sourceRef="sid-5bc8069f-cebd-4ad3-9e2c-3889abab31ee" targetRef="sid-fd80d82f-10c6-401e-b0a6-5df538659453"/>
    <sequenceFlow id="sid-07e0b4ea-cc9f-44c8-8e7e-45ecf72d0b94" name="else" sourceRef="sid-5bc8069f-cebd-4ad3-9e2c-3889abab31ee" targetRef="sid-9119a583-19dd-4f0c-a091-f482ed6bd846"/>
    <sequenceFlow id="sid-e081e17a-10f3-4b39-ab4c-c92a06719bab" sourceRef="sid-b927a1de-0b8b-4b82-a63a-ff4c9b58cf48" targetRef="sid-5bc8069f-cebd-4ad3-9e2c-3889abab31ee"/>
    <sequenceFlow id="sid-b741cae9-95a9-4cfa-92b0-931a0e129ad1" sourceRef="sid-fd80d82f-10c6-401e-b0a6-5df538659453" targetRef="sid-3546f4fc-c330-44a7-80b5-12d809b59ba5"/>
    <sequenceFlow id="sid-f0fab609-405a-454b-bcd6-b2e5c147ff9d" sourceRef="sid-fd80d82f-10c6-401e-b0a6-5df538659453" targetRef="sid-f3cd5985-2039-4136-b2f4-6ba34c3f66cd"/>
    <sequenceFlow id="sid-835c8966-b47e-473a-a8ab-c36f29839832" sourceRef="sid-78c230a2-6df3-42c4-8666-50e76603fa88" targetRef="sid-9119a583-19dd-4f0c-a091-f482ed6bd846"/>
  </process>
  <bpmndi:BPMNDiagram id="BPMNDiagram_bpn_comcast_csg_portnumber1_2">
    <bpmndi:BPMNPlane bpmnElement="bpn_comcast_csg_portnumber1_2" id="BPMNPlane_bpn_comcast_csg_portnumber1_2">
      <bpmndi:BPMNShape bpmnElement="sid-3546f4fc-c330-44a7-80b5-12d809b59ba5" id="BPMNShape_sid-3546f4fc-c330-44a7-80b5-12d809b59ba5">
        <omgdc:Bounds height="82.0" width="102.0" x="2150.0" y="0.0"/>
      </bpmndi:BPMNShape>
      <bpmndi:BPMNShape bpmnElement="sid-a37238ae-a53d-43ff-aae0-1c72320dad3b" id="BPMNShape_sid-a37238ae-a53d-43ff-aae0-1c72320dad3b">
        <omgdc:Bounds height="82.0" width="102.0" x="2352.0" y="90.0"/>
      </bpmndi:BPMNShape>
      <bpmndi:BPMNShape bpmnElement="sid-9119a583-19dd-4f0c-a091-f482ed6bd846" id="BPMNShape_sid-9119a583-19dd-4f0c-a091-f482ed6bd846">
        <omgdc:Bounds height="82.0" width="102.0" x="1140.0" y="206.0"/>
      </bpmndi:BPMNShape>
      <bpmndi:BPMNShape bpmnElement="sid-c2cbc385-680f-441f-ac8c-a55b771d7e8b" id="BPMNShape_sid-c2cbc385-680f-441f-ac8c-a55b771d7e8b">
        <omgdc:Bounds height="82.0" width="102.0" x="1746.0" y="322.0"/>
      </bpmndi:BPMNShape>
      <bpmndi:BPMNShape bpmnElement="sid-ebe1507d-7690-4db4-ba10-998f97c23b25" id="BPMNShape_sid-ebe1507d-7690-4db4-ba10-998f97c23b25">
        <omgdc:Bounds height="30.0" width="30.0" x="0.0" y="232.0"/>
      </bpmndi:BPMNShape>
      <bpmndi:BPMNShape bpmnElement="sid-f6b09261-d547-4927-9919-bc29325566d5" id="BPMNShape_sid-f6b09261-d547-4927-9919-bc29325566d5">
        <omgdc:Bounds height="82.0" width="102.0" x="2554.0" y="296.0"/>
      </bpmndi:BPMNShape>
      <bpmndi:BPMNShape bpmnElement="sid-aa66509e-b2e7-4214-8a06-d0fc8e59e838" id="BPMNShape_sid-aa66509e-b2e7-4214-8a06-d0fc8e59e838">
        <omgdc:Bounds height="30.0" width="30.0" x="2958.0" y="232.0"/>
      </bpmndi:BPMNShape>
      <bpmndi:BPMNShape bpmnElement="sid-c3c8afed-dd99-4d6f-9a31-c55875ecee7a" id="BPMNShape_sid-c3c8afed-dd99-4d6f-9a31-c55875ecee7a">
        <omgdc:Bounds height="82.0" width="102.0" x="130.0" y="206.0"/>
      </bpmndi:BPMNShape>
      <bpmndi:BPMNShape bpmnElement="sid-f86a227b-b3a2-473e-967d-5daa9dbd9b0a" id="BPMNShape_sid-f86a227b-b3a2-473e-967d-5daa9dbd9b0a">
        <omgdc:Bounds height="30.0" width="30.0" x="2590.0" y="116.0"/>
      </bpmndi:BPMNShape>
      <bpmndi:BPMNShape bpmnElement="sid-9eeae448-ea6c-40b9-a4a8-78fc7d3d994d" id="BPMNShape_sid-9eeae448-ea6c-40b9-a4a8-78fc7d3d994d">
        <omgdc:Bounds height="82.0" width="102.0" x="2352.0" y="322.0"/>
      </bpmndi:BPMNShape>
      <bpmndi:BPMNShape bpmnElement="sid-8e34cef8-fb99-4620-8bee-b1f4eadfd941" id="BPMNShape_sid-8e34cef8-fb99-4620-8bee-b1f4eadfd941">
        <omgdc:Bounds height="82.0" width="102.0" x="2756.0" y="206.0"/>
      </bpmndi:BPMNShape>
      <bpmndi:BPMNShape bpmnElement="sid-18d061e8-d2cc-442a-b63d-783541bbe84e" id="BPMNShape_sid-18d061e8-d2cc-442a-b63d-783541bbe84e">
        <omgdc:Bounds height="82.0" width="102.0" x="1544.0" y="247.0"/>
      </bpmndi:BPMNShape>
      <bpmndi:BPMNShape bpmnElement="sid-dfa332a0-fe7c-4e19-ae42-38db0aea9a82" id="BPMNShape_sid-dfa332a0-fe7c-4e19-ae42-38db0aea9a82">
        <omgdc:Bounds height="82.0" width="102.0" x="1948.0" y="322.0"/>
      </bpmndi:BPMNShape>
      <bpmndi:BPMNShape bpmnElement="sid-71146f4e-47d1-40d9-87fd-f2c6f15a38da" id="BPMNShape_sid-71146f4e-47d1-40d9-87fd-f2c6f15a38da">
        <omgdc:Bounds height="82.0" width="102.0" x="2150.0" y="412.0"/>
      </bpmndi:BPMNShape>
      <bpmndi:BPMNShape bpmnElement="sid-8f15c838-6068-4d68-ab83-de7553f13d10" id="BPMNShape_sid-8f15c838-6068-4d68-ab83-de7553f13d10">
        <omgdc:Bounds height="82.0" width="102.0" x="534.0" y="206.0"/>
      </bpmndi:BPMNShape>
      <bpmndi:BPMNShape bpmnElement="sid-e0fc60fe-4677-42f0-a2e2-41b15f55f692" id="BPMNShape_sid-e0fc60fe-4677-42f0-a2e2-41b15f55f692">
        <omgdc:Bounds height="82.0" width="102.0" x="332.0" y="206.0"/>
      </bpmndi:BPMNShape>
      <bpmndi:BPMNShape bpmnElement="sid-e9bf548c-555a-4263-b3c3-c6cb9744b0d5" id="BPMNShape_sid-e9bf548c-555a-4263-b3c3-c6cb9744b0d5">
        <omgdc:Bounds height="82.0" width="102.0" x="1342.0" y="131.0"/>
      </bpmndi:BPMNShape>
      <bpmndi:BPMNShape bpmnElement="sid-e37c7211-29fb-455a-a092-f70bf36151ad" id="BPMNShape_sid-e37c7211-29fb-455a-a092-f70bf36151ad">
        <omgdc:Bounds height="82.0" width="102.0" x="736.0" y="206.0"/>
      </bpmndi:BPMNShape>
      <bpmndi:BPMNShape bpmnElement="sid-5bc8069f-cebd-4ad3-9e2c-3889abab31ee" id="BPMNShape_sid-5bc8069f-cebd-4ad3-9e2c-3889abab31ee">
        <omgdc:Bounds height="82.0" width="102.0" x="1746.0" y="90.0"/>
      </bpmndi:BPMNShape>
      <bpmndi:BPMNShape bpmnElement="sid-b927a1de-0b8b-4b82-a63a-ff4c9b58cf48" id="BPMNShape_sid-b927a1de-0b8b-4b82-a63a-ff4c9b58cf48">
        <omgdc:Bounds height="82.0" width="102.0" x="1544.0" y="15.0"/>
      </bpmndi:BPMNShape>
      <bpmndi:BPMNShape bpmnElement="sid-fd80d82f-10c6-401e-b0a6-5df538659453" id="BPMNShape_sid-fd80d82f-10c6-401e-b0a6-5df538659453">
        <omgdc:Bounds height="82.0" width="102.0" x="1948.0" y="90.0"/>
      </bpmndi:BPMNShape>
      <bpmndi:BPMNShape bpmnElement="sid-78c230a2-6df3-42c4-8666-50e76603fa88" id="BPMNShape_sid-78c230a2-6df3-42c4-8666-50e76603fa88">
        <omgdc:Bounds height="82.0" width="102.0" x="938.0" y="206.0"/>
      </bpmndi:BPMNShape>
      <bpmndi:BPMNShape bpmnElement="sid-f3cd5985-2039-4136-b2f4-6ba34c3f66cd" id="BPMNShape_sid-f3cd5985-2039-4136-b2f4-6ba34c3f66cd">
        <omgdc:Bounds height="30.0" width="30.0" x="2186.0" y="232.0"/>
      </bpmndi:BPMNShape>
      <bpmndi:BPMNEdge bpmnElement="sid-ed665425-d928-4ad8-a677-67513162e48d" id="BPMNEdge_sid-ed665425-d928-4ad8-a677-67513162e48d">
        <omgdi:waypoint x="1444.0" y="201.28712871287127"/>
        <omgdi:waypoint x="1544.0" y="258.71287128712873"/>
      </bpmndi:BPMNEdge>
      <bpmndi:BPMNEdge bpmnElement="sid-e081e17a-10f3-4b39-ab4c-c92a06719bab" id="BPMNEdge_sid-e081e17a-10f3-4b39-ab4c-c92a06719bab">
        <omgdi:waypoint x="1646.0" y="74.93564356435644"/>
        <omgdi:waypoint x="1746.0" y="112.06435643564356"/>
      </bpmndi:BPMNEdge>
      <bpmndi:BPMNEdge bpmnElement="sid-fdb991d3-e7da-4e1c-9e35-86b9f063af6d" id="BPMNEdge_sid-fdb991d3-e7da-4e1c-9e35-86b9f063af6d">
        <omgdi:waypoint x="2454.0" y="356.43564356435644"/>
        <omgdi:waypoint x="2554.0" y="343.56435643564356"/>
      </bpmndi:BPMNEdge>
      <bpmndi:BPMNEdge bpmnElement="sid-44cea6cc-178e-4577-b9aa-460bc1af37e3" id="BPMNEdge_sid-44cea6cc-178e-4577-b9aa-460bc1af37e3">
        <omgdi:waypoint x="636.0" y="247.0"/>
        <omgdi:waypoint x="736.0" y="247.0"/>
      </bpmndi:BPMNEdge>
      <bpmndi:BPMNEdge bpmnElement="sid-832c6efd-decc-4455-a471-472cc0c3deb2" id="BPMNEdge_sid-832c6efd-decc-4455-a471-472cc0c3deb2">
        <omgdi:waypoint x="2050.0" y="385.7227722772277"/>
        <omgdi:waypoint x="2150.0" y="430.2772277227723"/>
      </bpmndi:BPMNEdge>
      <bpmndi:BPMNEdge bpmnElement="sid-985fa396-30ba-4b3e-999a-2e70580e5f97" id="BPMNEdge_sid-985fa396-30ba-4b3e-999a-2e70580e5f97">
        <omgdi:waypoint x="2252.0" y="63.722772277227726"/>
        <omgdi:waypoint x="2352.0" y="108.27722772277227"/>
      </bpmndi:BPMNEdge>
      <bpmndi:BPMNEdge bpmnElement="sid-5dbb6d13-b15e-4d42-b92d-18952fbe10be" id="BPMNEdge_sid-5dbb6d13-b15e-4d42-b92d-18952fbe10be">
        <omgdi:waypoint x="2858.0" y="247.0"/>
        <omgdi:waypoint x="2958.0" y="247.0"/>
      </bpmndi:BPMNEdge>
      <bpmndi:BPMNEdge bpmnElement="sid-07e0b4ea-cc9f-44c8-8e7e-45ecf72d0b94" id="BPMNEdge_sid-07e0b4ea-cc9f-44c8-8e7e-45ecf72d0b94">
        <omgdi:waypoint x="1785.1005747126437" y="172.0"/>
        <omgdi:waypoint x="1696.0" y="479.0"/>
        <omgdi:waypoint x="1494.0" y="479.0"/>
        <omgdi:waypoint x="1494.0" y="363.0"/>
        <omgdi:waypoint x="1292.0" y="363.0"/>
        <omgdi:waypoint x="1226.698275862069" y="288.0"/>
      </bpmndi:BPMNEdge>
      <bpmndi:BPMNEdge bpmnElement="sid-d1a11dc4-2a18-4a10-8824-eb1a74a30b6a" id="BPMNEdge_sid-d1a11dc4-2a18-4a10-8824-eb1a74a30b6a">
        <omgdi:waypoint x="232.0" y="247.0"/>
        <omgdi:waypoint x="332.0" y="247.0"/>
      </bpmndi:BPMNEdge>
      <bpmndi:BPMNEdge bpmnElement="sid-6ac7edad-15e1-483d-af90-3cd44506eb71" id="BPMNEdge_sid-6ac7edad-15e1-483d-af90-3cd44506eb71">
        <omgdi:waypoint x="2656.0" y="314.2772277227723"/>
        <omgdi:waypoint x="2756.0" y="269.7227722772277"/>
      </bpmndi:BPMNEdge>
      <bpmndi:BPMNEdge bpmnElement="sid-412f504b-5b55-4b56-abc3-139ec3a4b183" id="BPMNEdge_sid-412f504b-5b55-4b56-abc3-139ec3a4b183">
        <omgdi:waypoint x="1242.0" y="228.06435643564356"/>
        <omgdi:waypoint x="1342.0" y="190.93564356435644"/>
      </bpmndi:BPMNEdge>
      <bpmndi:BPMNEdge bpmnElement="sid-adef4371-8572-466a-b9a4-367fa988607d" id="BPMNEdge_sid-adef4371-8572-466a-b9a4-367fa988607d">
        <omgdi:waypoint x="1848.0" y="131.0"/>
        <omgdi:waypoint x="1948.0" y="131.0"/>
      </bpmndi:BPMNEdge>
      <bpmndi:BPMNEdge bpmnElement="sid-c0b2db11-2839-475f-88fb-fc8549f30760" id="BPMNEdge_sid-c0b2db11-2839-475f-88fb-fc8549f30760">
        <omgdi:waypoint x="1848.0" y="363.0"/>
        <omgdi:waypoint x="1948.0" y="363.0"/>
      </bpmndi:BPMNEdge>
      <bpmndi:BPMNEdge bpmnElement="sid-56d83eb7-8f1c-4120-9fa4-2241ecc499db" id="BPMNEdge_sid-56d83eb7-8f1c-4120-9fa4-2241ecc499db">
        <omgdi:waypoint x="1646.0" y="306.93564356435644"/>
        <omgdi:waypoint x="1746.0" y="344.06435643564356"/>
      </bpmndi:BPMNEdge>
      <bpmndi:BPMNEdge bpmnElement="sid-da83bcb6-2d1f-40e1-8292-291acf058f5b" id="BPMNEdge_sid-da83bcb6-2d1f-40e1-8292-291acf058f5b">
        <omgdi:waypoint x="434.0" y="247.0"/>
        <omgdi:waypoint x="534.0" y="247.0"/>
      </bpmndi:BPMNEdge>
      <bpmndi:BPMNEdge bpmnElement="sid-c697e6f0-90bc-45e1-936f-b8a5f7a6cb22" id="BPMNEdge_sid-c697e6f0-90bc-45e1-936f-b8a5f7a6cb22">
        <omgdi:waypoint x="30.0" y="247.0"/>
        <omgdi:waypoint x="130.0" y="247.0"/>
      </bpmndi:BPMNEdge>
      <bpmndi:BPMNEdge bpmnElement="sid-577246dd-0836-472c-bf9f-3c1d057d0fcb" id="BPMNEdge_sid-577246dd-0836-472c-bf9f-3c1d057d0fcb">
        <omgdi:waypoint x="838.0" y="247.0"/>
        <omgdi:waypoint x="938.0" y="247.0"/>
      </bpmndi:BPMNEdge>
      <bpmndi:BPMNEdge bpmnElement="sid-f0fab609-405a-454b-bcd6-b2e5c147ff9d" id="BPMNEdge_sid-f0fab609-405a-454b-bcd6-b2e5c147ff9d">
        <omgdi:waypoint x="2050.0" y="160.28712871287127"/>
        <omgdi:waypoint x="2187.992233457795" y="239.53019347081286"/>
      </bpmndi:BPMNEdge>
      <bpmndi:BPMNEdge bpmnElement="sid-835c8966-b47e-473a-a8ab-c36f29839832" id="BPMNEdge_sid-835c8966-b47e-473a-a8ab-c36f29839832">
        <omgdi:waypoint x="1040.0" y="247.0"/>
        <omgdi:waypoint x="1140.0" y="247.0"/>
      </bpmndi:BPMNEdge>
      <bpmndi:BPMNEdge bpmnElement="sid-b741cae9-95a9-4cfa-92b0-931a0e129ad1" id="BPMNEdge_sid-b741cae9-95a9-4cfa-92b0-931a0e129ad1">
        <omgdi:waypoint x="2050.0" y="108.27722772277228"/>
        <omgdi:waypoint x="2150.0" y="63.72277227722772"/>
      </bpmndi:BPMNEdge>
      <bpmndi:BPMNEdge bpmnElement="sid-1bd75983-755b-49d2-9bfd-04d2f105c546" id="BPMNEdge_sid-1bd75983-755b-49d2-9bfd-04d2f105c546">
        <omgdi:waypoint x="2252.0" y="430.2772277227723"/>
        <omgdi:waypoint x="2352.0" y="385.7227722772277"/>
      </bpmndi:BPMNEdge>
      <bpmndi:BPMNEdge bpmnElement="sid-7e7f92e8-802e-4a22-a54b-690b3555d513" id="BPMNEdge_sid-7e7f92e8-802e-4a22-a54b-690b3555d513">
        <omgdi:waypoint x="1444.0" y="142.7128712871287"/>
        <omgdi:waypoint x="1544.0" y="85.2871287128713"/>
      </bpmndi:BPMNEdge>
      <bpmndi:BPMNEdge bpmnElement="sid-cd1d143e-5970-4468-beff-2becc62a60d7" id="BPMNEdge_sid-cd1d143e-5970-4468-beff-2becc62a60d7">
        <omgdi:waypoint x="2454.0" y="131.0"/>
        <omgdi:waypoint x="2590.0" y="131.0"/>
      </bpmndi:BPMNEdge>
    </bpmndi:BPMNPlane>
  </bpmndi:BPMNDiagram>
</definitions>