<?xml version='1.0' encoding='UTF-8'?>
<definitions xmlns="http://www.omg.org/spec/BPMN/20100524/MODEL" xmlns:xsi="http://www.w3.org/2001/XMLSchema-instance" xmlns:activiti="http://activiti.org/bpmn" xmlns:bpmndi="http://www.omg.org/spec/BPMN/20100524/DI" xmlns:omgdc="http://www.omg.org/spec/DD/20100524/DC" xmlns:omgdi="http://www.omg.org/spec/DD/20100524/DI" typeLanguage="http://www.w3.org/2001/XMLSchema" expressionLanguage="http://www.w3.org/1999/XPath" targetNamespace="http://www.activiti.org/processdef">
  <process id="bpn_comcast_iexpense_issue" name="bpn_comcast_iexpense_issue" isExecutable="true">
    <startEvent id="sid-CE3F0C38-4BAE-477D-87A9-564B78ADB910"/>
    <userTask id="sid-C355A222-FBDD-4071-808E-2759823F7A84" name="say I will be happy to help you with your expense issue." activiti:exclusive="false"/>
    <sequenceFlow id="sid-9CDCA465-4287-42B0-9C37-65E8413A0E7B" sourceRef="sid-CE3F0C38-4BAE-477D-87A9-564B78ADB910" targetRef="sid-C355A222-FBDD-4071-808E-2759823F7A84"/>
    <userTask id="sid-3E49D0A5-FD26-4E9D-96DA-51CA77DC20C9" name="run the workflow bpn_comcast_screenshot_upload" activiti:exclusive="false"/>
    <sequenceFlow id="sid-9E6E3523-5F1B-451C-8982-D2BF27448559" sourceRef="sid-C355A222-FBDD-4071-808E-2759823F7A84" targetRef="sid-3E49D0A5-FD26-4E9D-96DA-51CA77DC20C9"/>
    <userTask id="sid-292B5792-C9BD-4FD9-81C6-601164B514D9" name="run the workflow bpn_comcast_contact_info" activiti:exclusive="false"/>
    <sequenceFlow id="sid-DB155DED-E838-4D76-9D46-E97870087733" sourceRef="sid-3E49D0A5-FD26-4E9D-96DA-51CA77DC20C9" targetRef="sid-292B5792-C9BD-4FD9-81C6-601164B514D9"/>
    <userTask id="sid-ADB8E93A-B241-4D04-B2DE-67C57A49DA3B" name="execute the automaton aut_iexpense_issue" activiti:exclusive="false"/>
    <sequenceFlow id="sid-221F5813-DB01-4F76-B848-B11EF2CB33B6" sourceRef="sid-292B5792-C9BD-4FD9-81C6-601164B514D9" targetRef="sid-ADB8E93A-B241-4D04-B2DE-67C57A49DA3B"/>
    <userTask id="sid-B32932BB-072D-44B0-9B1E-3F7E882C26D8" name="Ebond Ticket:${ebond_number}" activiti:exclusive="false"/>
    <sequenceFlow id="sid-2A5014EA-71AC-4A09-82C6-B17C4FF36DA9" sourceRef="sid-ADB8E93A-B241-4D04-B2DE-67C57A49DA3B" targetRef="sid-B32932BB-072D-44B0-9B1E-3F7E882C26D8"/>
    <endEvent id="sid-9DB8E54E-21AF-4CFF-9117-090FCCC3B6E2"/>
    <sequenceFlow id="sid-A751096D-7762-4F3A-B0F1-A51A6DD98855" sourceRef="sid-B32932BB-072D-44B0-9B1E-3F7E882C26D8" targetRef="sid-9DB8E54E-21AF-4CFF-9117-090FCCC3B6E2"/>
  </process>
  <bpmndi:BPMNDiagram id="BPMNDiagram_bpn_comcast_iexpense_issue">
    <bpmndi:BPMNPlane bpmnElement="bpn_comcast_iexpense_issue" id="BPMNPlane_bpn_comcast_iexpense_issue">
      <bpmndi:BPMNShape bpmnElement="sid-CE3F0C38-4BAE-477D-87A9-564B78ADB910" id="BPMNShape_sid-CE3F0C38-4BAE-477D-87A9-564B78ADB910">
        <omgdc:Bounds height="30.0" width="30.0" x="96.0" y="194.0"/>
      </bpmndi:BPMNShape>
      <bpmndi:BPMNShape bpmnElement="sid-C355A222-FBDD-4071-808E-2759823F7A84" id="BPMNShape_sid-C355A222-FBDD-4071-808E-2759823F7A84">
        <omgdc:Bounds height="80.0" width="100.0" x="285.0" y="169.0"/>
      </bpmndi:BPMNShape>
      <bpmndi:BPMNShape bpmnElement="sid-3E49D0A5-FD26-4E9D-96DA-51CA77DC20C9" id="BPMNShape_sid-3E49D0A5-FD26-4E9D-96DA-51CA77DC20C9">
        <omgdc:Bounds height="80.0" width="100.0" x="430.0" y="169.0"/>
      </bpmndi:BPMNShape>
      <bpmndi:BPMNShape bpmnElement="sid-292B5792-C9BD-4FD9-81C6-601164B514D9" id="BPMNShape_sid-292B5792-C9BD-4FD9-81C6-601164B514D9">
        <omgdc:Bounds height="80.0" width="100.0" x="606.0" y="169.0"/>
      </bpmndi:BPMNShape>
      <bpmndi:BPMNShape bpmnElement="sid-ADB8E93A-B241-4D04-B2DE-67C57A49DA3B" id="BPMNShape_sid-ADB8E93A-B241-4D04-B2DE-67C57A49DA3B">
        <omgdc:Bounds height="80.0" width="100.0" x="751.0" y="169.0"/>
      </bpmndi:BPMNShape>
      <bpmndi:BPMNShape bpmnElement="sid-B32932BB-072D-44B0-9B1E-3F7E882C26D8" id="BPMNShape_sid-B32932BB-072D-44B0-9B1E-3F7E882C26D8">
        <omgdc:Bounds height="80.0" width="100.0" x="896.0" y="169.0"/>
      </bpmndi:BPMNShape>
      <bpmndi:BPMNShape bpmnElement="sid-9DB8E54E-21AF-4CFF-9117-090FCCC3B6E2" id="BPMNShape_sid-9DB8E54E-21AF-4CFF-9117-090FCCC3B6E2">
        <omgdc:Bounds height="28.0" width="28.0" x="1041.0" y="195.0"/>
      </bpmndi:BPMNShape>
      <bpmndi:BPMNEdge bpmnElement="sid-2A5014EA-71AC-4A09-82C6-B17C4FF36DA9" id="BPMNEdge_sid-2A5014EA-71AC-4A09-82C6-B17C4FF36DA9">
        <omgdi:waypoint x="851.0" y="209.0"/>
        <omgdi:waypoint x="896.0" y="209.0"/>
      </bpmndi:BPMNEdge>
      <bpmndi:BPMNEdge bpmnElement="sid-9CDCA465-4287-42B0-9C37-65E8413A0E7B" id="BPMNEdge_sid-9CDCA465-4287-42B0-9C37-65E8413A0E7B">
        <omgdi:waypoint x="126.0" y="209.0"/>
        <omgdi:waypoint x="285.0" y="209.0"/>
      </bpmndi:BPMNEdge>
      <bpmndi:BPMNEdge bpmnElement="sid-DB155DED-E838-4D76-9D46-E97870087733" id="BPMNEdge_sid-DB155DED-E838-4D76-9D46-E97870087733">
        <omgdi:waypoint x="530.0" y="209.0"/>
        <omgdi:waypoint x="606.0" y="209.0"/>
      </bpmndi:BPMNEdge>
      <bpmndi:BPMNEdge bpmnElement="sid-221F5813-DB01-4F76-B848-B11EF2CB33B6" id="BPMNEdge_sid-221F5813-DB01-4F76-B848-B11EF2CB33B6">
        <omgdi:waypoint x="706.0" y="209.0"/>
        <omgdi:waypoint x="751.0" y="209.0"/>
      </bpmndi:BPMNEdge>
      <bpmndi:BPMNEdge bpmnElement="sid-A751096D-7762-4F3A-B0F1-A51A6DD98855" id="BPMNEdge_sid-A751096D-7762-4F3A-B0F1-A51A6DD98855">
        <omgdi:waypoint x="996.0" y="209.0"/>
        <omgdi:waypoint x="1041.0" y="209.0"/>
      </bpmndi:BPMNEdge>
      <bpmndi:BPMNEdge bpmnElement="sid-9E6E3523-5F1B-451C-8982-D2BF27448559" id="BPMNEdge_sid-9E6E3523-5F1B-451C-8982-D2BF27448559">
        <omgdi:waypoint x="385.0" y="209.0"/>
        <omgdi:waypoint x="430.0" y="209.0"/>
      </bpmndi:BPMNEdge>
    </bpmndi:BPMNPlane>
  </bpmndi:BPMNDiagram>
</definitions>