<?xml version='1.0' encoding='UTF-8'?>
<definitions xmlns="http://www.omg.org/spec/BPMN/20100524/MODEL" xmlns:xsi="http://www.w3.org/2001/XMLSchema-instance" xmlns:activiti="http://activiti.org/bpmn" xmlns:bpmndi="http://www.omg.org/spec/BPMN/20100524/DI" xmlns:omgdc="http://www.omg.org/spec/DD/20100524/DC" xmlns:omgdi="http://www.omg.org/spec/DD/20100524/DI" typeLanguage="http://www.w3.org/2001/XMLSchema" expressionLanguage="http://www.w3.org/1999/XPath" targetNamespace="http://www.activiti.org/processdef">
  <process id="bpn_comcast_internal_catch_dispatch" name="bpn_comcast_internal_catch_dispatch" isExecutable="true">
    <startEvent id="sid-F84C2589-FFE0-4194-A888-CE7B9188F356"/>
    <userTask id="sid-D9ADFC1C-04E2-468A-93BB-7547C9313B4B" name="say I will be happy to assist you with your Internal access request" activiti:exclusive="false"/>
    <sequenceFlow id="sid-DCE6152A-BAC5-402B-9E76-4A4EDD377FB7" sourceRef="sid-F84C2589-FFE0-4194-A888-CE7B9188F356" targetRef="sid-D9ADFC1C-04E2-468A-93BB-7547C9313B4B"/>
    <userTask id="sid-612D30F2-8CCB-46F6-962E-A507D22E8651" name="ask what is the computer's name" activiti:exclusive="false"/>
    <sequenceFlow id="sid-6E8D6D08-760C-4A86-9D9F-77F4B982BFF7" sourceRef="sid-D9ADFC1C-04E2-468A-93BB-7547C9313B4B" targetRef="sid-612D30F2-8CCB-46F6-962E-A507D22E8651"/>
    <userTask id="sid-9138C39C-4125-4BD7-BFE3-921416D6737D" name="ask what is the application's name" activiti:exclusive="false"/>
    <sequenceFlow id="sid-5DC58504-4C97-4089-9ECD-B1061545CDAF" sourceRef="sid-612D30F2-8CCB-46F6-962E-A507D22E8651" targetRef="sid-9138C39C-4125-4BD7-BFE3-921416D6737D"/>
    <userTask id="sid-5118E061-68CB-4D6C-9941-EE541CA5F55C" name="ask what is the description of the issue" activiti:exclusive="false"/>
    <sequenceFlow id="sid-EEDF6C0D-CF11-45A8-A2AC-B94A46B9D7DF" sourceRef="sid-9138C39C-4125-4BD7-BFE3-921416D6737D" targetRef="sid-5118E061-68CB-4D6C-9941-EE541CA5F55C"/>
    <userTask id="sid-60461D9F-39EB-47B6-AADD-FEC0F0E98BE0" name="escalate" activiti:exclusive="false"/>
    <endEvent id="sid-FD56C453-0052-42BF-8A7D-F8AAAEF54343"/>
    <sequenceFlow id="sid-F0B8BE33-0AD4-4EEE-8D2B-F5D912FE889C" sourceRef="sid-60461D9F-39EB-47B6-AADD-FEC0F0E98BE0" targetRef="sid-FD56C453-0052-42BF-8A7D-F8AAAEF54343"/>
    <userTask id="sid-6063F975-28A5-4ED6-9DA4-31B96745145B" name="ask whether the user has a screenshot to upload" activiti:exclusive="false"/>
    <sequenceFlow id="sid-CB1AC9C6-9914-4C4F-9794-508A697E7AFD" sourceRef="sid-5118E061-68CB-4D6C-9941-EE541CA5F55C" targetRef="sid-6063F975-28A5-4ED6-9DA4-31B96745145B"/>
    <sequenceFlow id="sid-FB7830E9-160A-4FC8-A578-D4157FE10222" name="no" sourceRef="sid-6063F975-28A5-4ED6-9DA4-31B96745145B" targetRef="sid-60461D9F-39EB-47B6-AADD-FEC0F0E98BE0"/>
    <userTask id="sid-B4BC212B-6F8B-4262-8B72-322DB34B4D5E" name="request an image file identified by image_id" activiti:exclusive="false"/>
    <sequenceFlow id="sid-AFBD0161-8E55-4744-8620-3584081E79F1" name="yes" sourceRef="sid-6063F975-28A5-4ED6-9DA4-31B96745145B" targetRef="sid-B4BC212B-6F8B-4262-8B72-322DB34B4D5E"/>
    <sequenceFlow id="sid-0521516C-E84C-42A6-970C-546E1441F46F" sourceRef="sid-B4BC212B-6F8B-4262-8B72-322DB34B4D5E" targetRef="sid-60461D9F-39EB-47B6-AADD-FEC0F0E98BE0"/>
  </process>
  <bpmndi:BPMNDiagram id="BPMNDiagram_bpn_comcast_internal_catch_dispatch">
    <bpmndi:BPMNPlane bpmnElement="bpn_comcast_internal_catch_dispatch" id="BPMNPlane_bpn_comcast_internal_catch_dispatch">
      <bpmndi:BPMNShape bpmnElement="sid-F84C2589-FFE0-4194-A888-CE7B9188F356" id="BPMNShape_sid-F84C2589-FFE0-4194-A888-CE7B9188F356">
        <omgdc:Bounds height="30.0" width="30.0" x="56.0" y="351.0"/>
      </bpmndi:BPMNShape>
      <bpmndi:BPMNShape bpmnElement="sid-D9ADFC1C-04E2-468A-93BB-7547C9313B4B" id="BPMNShape_sid-D9ADFC1C-04E2-468A-93BB-7547C9313B4B">
        <omgdc:Bounds height="80.0" width="100.0" x="131.0" y="326.0"/>
      </bpmndi:BPMNShape>
      <bpmndi:BPMNShape bpmnElement="sid-612D30F2-8CCB-46F6-962E-A507D22E8651" id="BPMNShape_sid-612D30F2-8CCB-46F6-962E-A507D22E8651">
        <omgdc:Bounds height="80.0" width="100.0" x="276.0" y="326.0"/>
      </bpmndi:BPMNShape>
      <bpmndi:BPMNShape bpmnElement="sid-9138C39C-4125-4BD7-BFE3-921416D6737D" id="BPMNShape_sid-9138C39C-4125-4BD7-BFE3-921416D6737D">
        <omgdc:Bounds height="80.0" width="100.0" x="421.0" y="326.0"/>
      </bpmndi:BPMNShape>
      <bpmndi:BPMNShape bpmnElement="sid-5118E061-68CB-4D6C-9941-EE541CA5F55C" id="BPMNShape_sid-5118E061-68CB-4D6C-9941-EE541CA5F55C">
        <omgdc:Bounds height="80.0" width="100.0" x="566.0" y="326.0"/>
      </bpmndi:BPMNShape>
      <bpmndi:BPMNShape bpmnElement="sid-60461D9F-39EB-47B6-AADD-FEC0F0E98BE0" id="BPMNShape_sid-60461D9F-39EB-47B6-AADD-FEC0F0E98BE0">
        <omgdc:Bounds height="80.0" width="100.0" x="885.0" y="326.0"/>
      </bpmndi:BPMNShape>
      <bpmndi:BPMNShape bpmnElement="sid-FD56C453-0052-42BF-8A7D-F8AAAEF54343" id="BPMNShape_sid-FD56C453-0052-42BF-8A7D-F8AAAEF54343">
        <omgdc:Bounds height="28.0" width="28.0" x="1030.0" y="352.0"/>
      </bpmndi:BPMNShape>
      <bpmndi:BPMNShape bpmnElement="sid-6063F975-28A5-4ED6-9DA4-31B96745145B" id="BPMNShape_sid-6063F975-28A5-4ED6-9DA4-31B96745145B">
        <omgdc:Bounds height="80.0" width="100.0" x="711.0" y="326.0"/>
      </bpmndi:BPMNShape>
      <bpmndi:BPMNShape bpmnElement="sid-B4BC212B-6F8B-4262-8B72-322DB34B4D5E" id="BPMNShape_sid-B4BC212B-6F8B-4262-8B72-322DB34B4D5E">
        <omgdc:Bounds height="80.0" width="100.0" x="711.0" y="460.0"/>
      </bpmndi:BPMNShape>
      <bpmndi:BPMNEdge bpmnElement="sid-FB7830E9-160A-4FC8-A578-D4157FE10222" id="BPMNEdge_sid-FB7830E9-160A-4FC8-A578-D4157FE10222">
        <omgdi:waypoint x="811.0" y="366.0"/>
        <omgdi:waypoint x="885.0" y="366.0"/>
      </bpmndi:BPMNEdge>
      <bpmndi:BPMNEdge bpmnElement="sid-0521516C-E84C-42A6-970C-546E1441F46F" id="BPMNEdge_sid-0521516C-E84C-42A6-970C-546E1441F46F">
        <omgdi:waypoint x="811.0" y="500.0"/>
        <omgdi:waypoint x="935.0" y="500.0"/>
        <omgdi:waypoint x="935.0" y="406.0"/>
      </bpmndi:BPMNEdge>
      <bpmndi:BPMNEdge bpmnElement="sid-AFBD0161-8E55-4744-8620-3584081E79F1" id="BPMNEdge_sid-AFBD0161-8E55-4744-8620-3584081E79F1">
        <omgdi:waypoint x="761.0" y="406.0"/>
        <omgdi:waypoint x="761.0" y="460.0"/>
      </bpmndi:BPMNEdge>
      <bpmndi:BPMNEdge bpmnElement="sid-5DC58504-4C97-4089-9ECD-B1061545CDAF" id="BPMNEdge_sid-5DC58504-4C97-4089-9ECD-B1061545CDAF">
        <omgdi:waypoint x="376.0" y="366.0"/>
        <omgdi:waypoint x="421.0" y="366.0"/>
      </bpmndi:BPMNEdge>
      <bpmndi:BPMNEdge bpmnElement="sid-CB1AC9C6-9914-4C4F-9794-508A697E7AFD" id="BPMNEdge_sid-CB1AC9C6-9914-4C4F-9794-508A697E7AFD">
        <omgdi:waypoint x="666.0" y="366.0"/>
        <omgdi:waypoint x="711.0" y="366.0"/>
      </bpmndi:BPMNEdge>
      <bpmndi:BPMNEdge bpmnElement="sid-EEDF6C0D-CF11-45A8-A2AC-B94A46B9D7DF" id="BPMNEdge_sid-EEDF6C0D-CF11-45A8-A2AC-B94A46B9D7DF">
        <omgdi:waypoint x="521.0" y="366.0"/>
        <omgdi:waypoint x="566.0" y="366.0"/>
      </bpmndi:BPMNEdge>
      <bpmndi:BPMNEdge bpmnElement="sid-DCE6152A-BAC5-402B-9E76-4A4EDD377FB7" id="BPMNEdge_sid-DCE6152A-BAC5-402B-9E76-4A4EDD377FB7">
        <omgdi:waypoint x="86.0" y="366.0"/>
        <omgdi:waypoint x="131.0" y="366.0"/>
      </bpmndi:BPMNEdge>
      <bpmndi:BPMNEdge bpmnElement="sid-6E8D6D08-760C-4A86-9D9F-77F4B982BFF7" id="BPMNEdge_sid-6E8D6D08-760C-4A86-9D9F-77F4B982BFF7">
        <omgdi:waypoint x="231.0" y="366.0"/>
        <omgdi:waypoint x="276.0" y="366.0"/>
      </bpmndi:BPMNEdge>
      <bpmndi:BPMNEdge bpmnElement="sid-F0B8BE33-0AD4-4EEE-8D2B-F5D912FE889C" id="BPMNEdge_sid-F0B8BE33-0AD4-4EEE-8D2B-F5D912FE889C">
        <omgdi:waypoint x="985.0" y="366.0"/>
        <omgdi:waypoint x="1030.0" y="366.0"/>
      </bpmndi:BPMNEdge>
    </bpmndi:BPMNPlane>
  </bpmndi:BPMNDiagram>
</definitions>