<?xml version='1.0' encoding='UTF-8'?>
<definitions xmlns="http://www.omg.org/spec/BPMN/20100524/MODEL" xmlns:xsi="http://www.w3.org/2001/XMLSchema-instance" xmlns:activiti="http://activiti.org/bpmn" xmlns:bpmndi="http://www.omg.org/spec/BPMN/20100524/DI" xmlns:omgdc="http://www.omg.org/spec/DD/20100524/DC" xmlns:omgdi="http://www.omg.org/spec/DD/20100524/DI" typeLanguage="http://www.w3.org/2001/XMLSchema" expressionLanguage="http://www.w3.org/1999/XPath" targetNamespace="http://www.activiti.org/test">
  <process id="bpn_comcast_csg_portnumber1_4" name="bpn_comcast_csg_portnumber1_4" isExecutable="true">
    <userTask id="sid-4b8cc205-85dd-4d51-ad20-44de8cd6c79f" name="say I will be happy to help you  to port a number; first let me gather the required details." activiti:exclusive="false"/>
    <userTask id="sid-beef0e4b-a02c-4a55-8141-4366ecca05fe" name="say I will now create a port number request ticket for you; once I have created the ticket, I will give you the ticket number for your reference." activiti:exclusive="false"/>
    <startEvent id="sid-3fb48ecc-2fc6-4d04-a4c7-f6cc74bd82b6"/>
    <userTask id="sid-def5f9b2-7017-4f9b-8f92-c1e0e8e77ebc" name="say Remedy Ticket Number: ${ebond_number}" activiti:exclusive="false"/>
    <userTask id="sid-5eea6bb8-b92c-4075-afde-9a64c4ece95d" name="ask What is the rate center on the account" activiti:exclusive="false"/>
    <userTask id="sid-2d710c2b-4f4d-4f17-b31e-1c842b23eb2f" name="ask what is the &quot;rate_center&quot; on the phone number" activiti:exclusive="false"/>
    <userTask id="sid-ab35f206-029a-49d4-b555-1406300da304" name="run the workflow bpn_comcast_screenshot_optional" activiti:exclusive="false"/>
    <userTask id="sid-a431764c-e732-44fe-a45a-bc6d321e313e" name="ask what type of account is this request for" activiti:exclusive="false"/>
    <userTask id="sid-3f5bce65-23d1-433d-9c91-a45f0b32a7f6" name="run the workflow bpn_comcast_contact_info" activiti:exclusive="false"/>
    <userTask id="sid-4206836e-c5c9-40d1-9d5e-cdb280a6d286" name="execute the automaton acsr_lookup" activiti:exclusive="false"/>
    <userTask id="sid-11b9f0f3-c30b-4471-9310-8844e4adaeb5" name="set the variable loop to 0" activiti:exclusive="false"/>
    <userTask id="sid-f6fec9ef-7623-443a-a9c4-6ec07d9951f1" name="set the variable loop to ${loop+1}" activiti:exclusive="false"/>
    <userTask id="sid-3f3d8191-d5b2-40c5-b16d-3451a4a1bda4" name="say I couldn't find your account number in our records" activiti:exclusive="false"/>
    <userTask id="sid-23e8e80d-3592-495d-bdef-b2cf9698ac2c" name="escalate because &quot;the CSG account number ${acc_number} was not found in our records&quot;" activiti:exclusive="false"/>
    <endEvent id="sid-11e959c2-76cd-4970-9422-6065336dc584"/>
    <userTask id="sid-2e4c3d97-43da-4c78-bca9-4653938c82e0" name="set the variable market to &quot;Not Applicable&quot;" activiti:exclusive="false"/>
    <endEvent id="sid-f7341c53-4450-46bc-b959-9018414e2930"/>
    <endEvent id="sid-f41c7555-1893-4403-b612-77ac2a17348e"/>
    <userTask id="sid-bb0f9a75-d007-4654-9a20-983c53591a24" name="ask the user what the customer's account number is" activiti:exclusive="false"/>
    <userTask id="sid-4c539a42-cd0e-4079-876c-68c7a4d65e67" name="ask the user what the phone number to port is" activiti:exclusive="false"/>
    <userTask id="sid-8d6d5dff-30f7-4b8b-9257-f8e7bc291812" name="execute the automaton aut_acsr_portnumber_tkt_creator" activiti:exclusive="false"/>
    <sequenceFlow id="sid-432f8b1e-e10d-4398-af25-b729ba60d366" sourceRef="sid-4b8cc205-85dd-4d51-ad20-44de8cd6c79f" targetRef="sid-3f5bce65-23d1-433d-9c91-a45f0b32a7f6"/>
    <sequenceFlow id="sid-21be606c-9680-46df-9f5a-91e6d2f7d4dc" sourceRef="sid-beef0e4b-a02c-4a55-8141-4366ecca05fe" targetRef="sid-8d6d5dff-30f7-4b8b-9257-f8e7bc291812"/>
    <sequenceFlow id="sid-bc368462-d0b9-4921-aa3d-e3162f4464ee" sourceRef="sid-3fb48ecc-2fc6-4d04-a4c7-f6cc74bd82b6" targetRef="sid-4b8cc205-85dd-4d51-ad20-44de8cd6c79f"/>
    <sequenceFlow id="sid-581b4fff-e437-4117-a11d-9ea618255fb0" sourceRef="sid-def5f9b2-7017-4f9b-8f92-c1e0e8e77ebc" targetRef="sid-f41c7555-1893-4403-b612-77ac2a17348e"/>
    <sequenceFlow id="sid-7f851799-0178-4279-8498-ff80adc95a78" sourceRef="sid-5eea6bb8-b92c-4075-afde-9a64c4ece95d" targetRef="sid-4c539a42-cd0e-4079-876c-68c7a4d65e67"/>
    <sequenceFlow id="sid-ada1ebfa-49ae-4c5c-910d-e6f3dee67c43" sourceRef="sid-2d710c2b-4f4d-4f17-b31e-1c842b23eb2f" targetRef="sid-ab35f206-029a-49d4-b555-1406300da304"/>
    <sequenceFlow id="sid-0090220b-0c8e-402e-8b9a-a58e2ded7727" sourceRef="sid-ab35f206-029a-49d4-b555-1406300da304" targetRef="sid-beef0e4b-a02c-4a55-8141-4366ecca05fe"/>
    <sequenceFlow id="sid-00b7533c-3d78-4e76-8996-e127188505af" sourceRef="sid-a431764c-e732-44fe-a45a-bc6d321e313e" targetRef="sid-11b9f0f3-c30b-4471-9310-8844e4adaeb5"/>
    <sequenceFlow id="sid-3a5e971c-72a1-4b63-a9ed-a477acda1e52" sourceRef="sid-a431764c-e732-44fe-a45a-bc6d321e313e" targetRef="sid-f7341c53-4450-46bc-b959-9018414e2930"/>
    <sequenceFlow id="sid-01e8d228-48db-4eb0-96fd-6868d436aa53" sourceRef="sid-3f5bce65-23d1-433d-9c91-a45f0b32a7f6" targetRef="sid-a431764c-e732-44fe-a45a-bc6d321e313e"/>
    <sequenceFlow id="sid-2a66c06b-5386-44a2-9353-92192649b314" name="0" sourceRef="sid-4206836e-c5c9-40d1-9d5e-cdb280a6d286" targetRef="sid-3f3d8191-d5b2-40c5-b16d-3451a4a1bda4"/>
    <sequenceFlow id="sid-27455d02-e1d0-4671-a223-7c42b2170f0d" name="1" sourceRef="sid-4206836e-c5c9-40d1-9d5e-cdb280a6d286" targetRef="sid-5eea6bb8-b92c-4075-afde-9a64c4ece95d"/>
    <sequenceFlow id="sid-0a571bf5-19e3-4a1d-b59d-69b4088228a8" sourceRef="sid-11b9f0f3-c30b-4471-9310-8844e4adaeb5" targetRef="sid-2e4c3d97-43da-4c78-bca9-4653938c82e0"/>
    <sequenceFlow id="sid-8348e925-4105-4d1f-80a1-203a862aeb74" name="${loop gt 1}" sourceRef="sid-f6fec9ef-7623-443a-a9c4-6ec07d9951f1" targetRef="sid-23e8e80d-3592-495d-bdef-b2cf9698ac2c"/>
    <sequenceFlow id="sid-9d5900c4-f158-4d09-8714-8012644e06f4" name="else" sourceRef="sid-f6fec9ef-7623-443a-a9c4-6ec07d9951f1" targetRef="sid-bb0f9a75-d007-4654-9a20-983c53591a24"/>
    <sequenceFlow id="sid-71c4e5cf-b355-4689-b1f5-ed9d06da81eb" sourceRef="sid-3f3d8191-d5b2-40c5-b16d-3451a4a1bda4" targetRef="sid-f6fec9ef-7623-443a-a9c4-6ec07d9951f1"/>
    <sequenceFlow id="sid-2fe52992-a999-4bb8-8716-e33b38c78c2e" sourceRef="sid-23e8e80d-3592-495d-bdef-b2cf9698ac2c" targetRef="sid-11e959c2-76cd-4970-9422-6065336dc584"/>
    <sequenceFlow id="sid-5f82c68f-a061-4a4f-b7b1-b19d8f8469c7" sourceRef="sid-2e4c3d97-43da-4c78-bca9-4653938c82e0" targetRef="sid-bb0f9a75-d007-4654-9a20-983c53591a24"/>
    <sequenceFlow id="sid-2bac86e8-28ee-47f1-a115-e2afaa08358c" sourceRef="sid-bb0f9a75-d007-4654-9a20-983c53591a24" targetRef="sid-4206836e-c5c9-40d1-9d5e-cdb280a6d286"/>
    <sequenceFlow id="sid-efd7bc3c-5f29-4b8c-85b3-01b2c3c5a4cd" sourceRef="sid-4c539a42-cd0e-4079-876c-68c7a4d65e67" targetRef="sid-2d710c2b-4f4d-4f17-b31e-1c842b23eb2f"/>
    <sequenceFlow id="sid-67e1d5cb-ab58-4b05-96a9-db0ac34a2e05" sourceRef="sid-8d6d5dff-30f7-4b8b-9257-f8e7bc291812" targetRef="sid-def5f9b2-7017-4f9b-8f92-c1e0e8e77ebc"/>
  </process>
  <bpmndi:BPMNDiagram id="BPMNDiagram_bpn_comcast_csg_portnumber1_4">
    <bpmndi:BPMNPlane bpmnElement="bpn_comcast_csg_portnumber1_4" id="BPMNPlane_bpn_comcast_csg_portnumber1_4">
      <bpmndi:BPMNShape bpmnElement="sid-4b8cc205-85dd-4d51-ad20-44de8cd6c79f" id="BPMNShape_sid-4b8cc205-85dd-4d51-ad20-44de8cd6c79f">
        <omgdc:Bounds height="82.0" width="102.0" x="130.0" y="191.0"/>
      </bpmndi:BPMNShape>
      <bpmndi:BPMNShape bpmnElement="sid-beef0e4b-a02c-4a55-8141-4366ecca05fe" id="BPMNShape_sid-beef0e4b-a02c-4a55-8141-4366ecca05fe">
        <omgdc:Bounds height="82.0" width="102.0" x="2352.0" y="191.0"/>
      </bpmndi:BPMNShape>
      <bpmndi:BPMNShape bpmnElement="sid-3fb48ecc-2fc6-4d04-a4c7-f6cc74bd82b6" id="BPMNShape_sid-3fb48ecc-2fc6-4d04-a4c7-f6cc74bd82b6">
        <omgdc:Bounds height="30.0" width="30.0" x="0.0" y="217.0"/>
      </bpmndi:BPMNShape>
      <bpmndi:BPMNShape bpmnElement="sid-def5f9b2-7017-4f9b-8f92-c1e0e8e77ebc" id="BPMNShape_sid-def5f9b2-7017-4f9b-8f92-c1e0e8e77ebc">
        <omgdc:Bounds height="82.0" width="102.0" x="2756.0" y="191.0"/>
      </bpmndi:BPMNShape>
      <bpmndi:BPMNShape bpmnElement="sid-5eea6bb8-b92c-4075-afde-9a64c4ece95d" id="BPMNShape_sid-5eea6bb8-b92c-4075-afde-9a64c4ece95d">
        <omgdc:Bounds height="82.0" width="102.0" x="1544.0" y="232.0"/>
      </bpmndi:BPMNShape>
      <bpmndi:BPMNShape bpmnElement="sid-2d710c2b-4f4d-4f17-b31e-1c842b23eb2f" id="BPMNShape_sid-2d710c2b-4f4d-4f17-b31e-1c842b23eb2f">
        <omgdc:Bounds height="82.0" width="102.0" x="1948.0" y="307.0"/>
      </bpmndi:BPMNShape>
      <bpmndi:BPMNShape bpmnElement="sid-ab35f206-029a-49d4-b555-1406300da304" id="BPMNShape_sid-ab35f206-029a-49d4-b555-1406300da304">
        <omgdc:Bounds height="82.0" width="102.0" x="2150.0" y="281.0"/>
      </bpmndi:BPMNShape>
      <bpmndi:BPMNShape bpmnElement="sid-a431764c-e732-44fe-a45a-bc6d321e313e" id="BPMNShape_sid-a431764c-e732-44fe-a45a-bc6d321e313e">
        <omgdc:Bounds height="82.0" width="102.0" x="534.0" y="191.0"/>
      </bpmndi:BPMNShape>
      <bpmndi:BPMNShape bpmnElement="sid-3f5bce65-23d1-433d-9c91-a45f0b32a7f6" id="BPMNShape_sid-3f5bce65-23d1-433d-9c91-a45f0b32a7f6">
        <omgdc:Bounds height="82.0" width="102.0" x="332.0" y="191.0"/>
      </bpmndi:BPMNShape>
      <bpmndi:BPMNShape bpmnElement="sid-4206836e-c5c9-40d1-9d5e-cdb280a6d286" id="BPMNShape_sid-4206836e-c5c9-40d1-9d5e-cdb280a6d286">
        <omgdc:Bounds height="82.0" width="102.0" x="1342.0" y="116.0"/>
      </bpmndi:BPMNShape>
      <bpmndi:BPMNShape bpmnElement="sid-11b9f0f3-c30b-4471-9310-8844e4adaeb5" id="BPMNShape_sid-11b9f0f3-c30b-4471-9310-8844e4adaeb5">
        <omgdc:Bounds height="82.0" width="102.0" x="736.0" y="101.0"/>
      </bpmndi:BPMNShape>
      <bpmndi:BPMNShape bpmnElement="sid-f6fec9ef-7623-443a-a9c4-6ec07d9951f1" id="BPMNShape_sid-f6fec9ef-7623-443a-a9c4-6ec07d9951f1">
        <omgdc:Bounds height="82.0" width="102.0" x="1746.0" y="75.0"/>
      </bpmndi:BPMNShape>
      <bpmndi:BPMNShape bpmnElement="sid-3f3d8191-d5b2-40c5-b16d-3451a4a1bda4" id="BPMNShape_sid-3f3d8191-d5b2-40c5-b16d-3451a4a1bda4">
        <omgdc:Bounds height="82.0" width="102.0" x="1544.0" y="0.0"/>
      </bpmndi:BPMNShape>
      <bpmndi:BPMNShape bpmnElement="sid-23e8e80d-3592-495d-bdef-b2cf9698ac2c" id="BPMNShape_sid-23e8e80d-3592-495d-bdef-b2cf9698ac2c">
        <omgdc:Bounds height="82.0" width="102.0" x="1948.0" y="75.0"/>
      </bpmndi:BPMNShape>
      <bpmndi:BPMNShape bpmnElement="sid-11e959c2-76cd-4970-9422-6065336dc584" id="BPMNShape_sid-11e959c2-76cd-4970-9422-6065336dc584">
        <omgdc:Bounds height="30.0" width="30.0" x="2186.0" y="101.0"/>
      </bpmndi:BPMNShape>
      <bpmndi:BPMNShape bpmnElement="sid-2e4c3d97-43da-4c78-bca9-4653938c82e0" id="BPMNShape_sid-2e4c3d97-43da-4c78-bca9-4653938c82e0">
        <omgdc:Bounds height="82.0" width="102.0" x="938.0" y="191.0"/>
      </bpmndi:BPMNShape>
      <bpmndi:BPMNShape bpmnElement="sid-f7341c53-4450-46bc-b959-9018414e2930" id="BPMNShape_sid-f7341c53-4450-46bc-b959-9018414e2930">
        <omgdc:Bounds height="30.0" width="30.0" x="772.0" y="333.0"/>
      </bpmndi:BPMNShape>
      <bpmndi:BPMNShape bpmnElement="sid-f41c7555-1893-4403-b612-77ac2a17348e" id="BPMNShape_sid-f41c7555-1893-4403-b612-77ac2a17348e">
        <omgdc:Bounds height="30.0" width="30.0" x="2958.0" y="217.0"/>
      </bpmndi:BPMNShape>
      <bpmndi:BPMNShape bpmnElement="sid-bb0f9a75-d007-4654-9a20-983c53591a24" id="BPMNShape_sid-bb0f9a75-d007-4654-9a20-983c53591a24">
        <omgdc:Bounds height="82.0" width="102.0" x="1140.0" y="191.0"/>
      </bpmndi:BPMNShape>
      <bpmndi:BPMNShape bpmnElement="sid-4c539a42-cd0e-4079-876c-68c7a4d65e67" id="BPMNShape_sid-4c539a42-cd0e-4079-876c-68c7a4d65e67">
        <omgdc:Bounds height="82.0" width="102.0" x="1746.0" y="307.0"/>
      </bpmndi:BPMNShape>
      <bpmndi:BPMNShape bpmnElement="sid-8d6d5dff-30f7-4b8b-9257-f8e7bc291812" id="BPMNShape_sid-8d6d5dff-30f7-4b8b-9257-f8e7bc291812">
        <omgdc:Bounds height="82.0" width="102.0" x="2554.0" y="191.0"/>
      </bpmndi:BPMNShape>
      <bpmndi:BPMNEdge bpmnElement="sid-3a5e971c-72a1-4b63-a9ed-a477acda1e52" id="BPMNEdge_sid-3a5e971c-72a1-4b63-a9ed-a477acda1e52">
        <omgdi:waypoint x="636.0" y="261.28712871287127"/>
        <omgdi:waypoint x="773.9922334577948" y="340.53019347081283"/>
      </bpmndi:BPMNEdge>
      <bpmndi:BPMNEdge bpmnElement="sid-7f851799-0178-4279-8498-ff80adc95a78" id="BPMNEdge_sid-7f851799-0178-4279-8498-ff80adc95a78">
        <omgdi:waypoint x="1646.0" y="291.93564356435644"/>
        <omgdi:waypoint x="1746.0" y="329.06435643564356"/>
      </bpmndi:BPMNEdge>
      <bpmndi:BPMNEdge bpmnElement="sid-bc368462-d0b9-4921-aa3d-e3162f4464ee" id="BPMNEdge_sid-bc368462-d0b9-4921-aa3d-e3162f4464ee">
        <omgdi:waypoint x="30.0" y="232.0"/>
        <omgdi:waypoint x="130.0" y="232.0"/>
      </bpmndi:BPMNEdge>
      <bpmndi:BPMNEdge bpmnElement="sid-01e8d228-48db-4eb0-96fd-6868d436aa53" id="BPMNEdge_sid-01e8d228-48db-4eb0-96fd-6868d436aa53">
        <omgdi:waypoint x="434.0" y="232.0"/>
        <omgdi:waypoint x="534.0" y="232.0"/>
      </bpmndi:BPMNEdge>
      <bpmndi:BPMNEdge bpmnElement="sid-581b4fff-e437-4117-a11d-9ea618255fb0" id="BPMNEdge_sid-581b4fff-e437-4117-a11d-9ea618255fb0">
        <omgdi:waypoint x="2858.0" y="232.0"/>
        <omgdi:waypoint x="2958.0" y="232.0"/>
      </bpmndi:BPMNEdge>
      <bpmndi:BPMNEdge bpmnElement="sid-2a66c06b-5386-44a2-9353-92192649b314" id="BPMNEdge_sid-2a66c06b-5386-44a2-9353-92192649b314">
        <omgdi:waypoint x="1444.0" y="127.7128712871287"/>
        <omgdi:waypoint x="1544.0" y="70.2871287128713"/>
      </bpmndi:BPMNEdge>
      <bpmndi:BPMNEdge bpmnElement="sid-efd7bc3c-5f29-4b8c-85b3-01b2c3c5a4cd" id="BPMNEdge_sid-efd7bc3c-5f29-4b8c-85b3-01b2c3c5a4cd">
        <omgdi:waypoint x="1848.0" y="348.0"/>
        <omgdi:waypoint x="1948.0" y="348.0"/>
      </bpmndi:BPMNEdge>
      <bpmndi:BPMNEdge bpmnElement="sid-8348e925-4105-4d1f-80a1-203a862aeb74" id="BPMNEdge_sid-8348e925-4105-4d1f-80a1-203a862aeb74">
        <omgdi:waypoint x="1848.0" y="116.0"/>
        <omgdi:waypoint x="1948.0" y="116.0"/>
      </bpmndi:BPMNEdge>
      <bpmndi:BPMNEdge bpmnElement="sid-21be606c-9680-46df-9f5a-91e6d2f7d4dc" id="BPMNEdge_sid-21be606c-9680-46df-9f5a-91e6d2f7d4dc">
        <omgdi:waypoint x="2454.0" y="232.0"/>
        <omgdi:waypoint x="2554.0" y="232.0"/>
      </bpmndi:BPMNEdge>
      <bpmndi:BPMNEdge bpmnElement="sid-71c4e5cf-b355-4689-b1f5-ed9d06da81eb" id="BPMNEdge_sid-71c4e5cf-b355-4689-b1f5-ed9d06da81eb">
        <omgdi:waypoint x="1646.0" y="59.93564356435643"/>
        <omgdi:waypoint x="1746.0" y="97.06435643564356"/>
      </bpmndi:BPMNEdge>
      <bpmndi:BPMNEdge bpmnElement="sid-67e1d5cb-ab58-4b05-96a9-db0ac34a2e05" id="BPMNEdge_sid-67e1d5cb-ab58-4b05-96a9-db0ac34a2e05">
        <omgdi:waypoint x="2656.0" y="232.0"/>
        <omgdi:waypoint x="2756.0" y="232.0"/>
      </bpmndi:BPMNEdge>
      <bpmndi:BPMNEdge bpmnElement="sid-0090220b-0c8e-402e-8b9a-a58e2ded7727" id="BPMNEdge_sid-0090220b-0c8e-402e-8b9a-a58e2ded7727">
        <omgdi:waypoint x="2252.0" y="299.2772277227723"/>
        <omgdi:waypoint x="2352.0" y="254.72277227722773"/>
      </bpmndi:BPMNEdge>
      <bpmndi:BPMNEdge bpmnElement="sid-ada1ebfa-49ae-4c5c-910d-e6f3dee67c43" id="BPMNEdge_sid-ada1ebfa-49ae-4c5c-910d-e6f3dee67c43">
        <omgdi:waypoint x="2050.0" y="341.43564356435644"/>
        <omgdi:waypoint x="2150.0" y="328.56435643564356"/>
      </bpmndi:BPMNEdge>
      <bpmndi:BPMNEdge bpmnElement="sid-0a571bf5-19e3-4a1d-b59d-69b4088228a8" id="BPMNEdge_sid-0a571bf5-19e3-4a1d-b59d-69b4088228a8">
        <omgdi:waypoint x="838.0" y="164.72277227722773"/>
        <omgdi:waypoint x="938.0" y="209.27722772277227"/>
      </bpmndi:BPMNEdge>
      <bpmndi:BPMNEdge bpmnElement="sid-9d5900c4-f158-4d09-8714-8012644e06f4" id="BPMNEdge_sid-9d5900c4-f158-4d09-8714-8012644e06f4">
        <omgdi:waypoint x="1785.1005747126437" y="157.0"/>
        <omgdi:waypoint x="1696.0" y="464.0"/>
        <omgdi:waypoint x="1494.0" y="464.0"/>
        <omgdi:waypoint x="1494.0" y="348.0"/>
        <omgdi:waypoint x="1292.0" y="348.0"/>
        <omgdi:waypoint x="1226.698275862069" y="273.0"/>
      </bpmndi:BPMNEdge>
      <bpmndi:BPMNEdge bpmnElement="sid-432f8b1e-e10d-4398-af25-b729ba60d366" id="BPMNEdge_sid-432f8b1e-e10d-4398-af25-b729ba60d366">
        <omgdi:waypoint x="232.0" y="232.0"/>
        <omgdi:waypoint x="332.0" y="232.0"/>
      </bpmndi:BPMNEdge>
      <bpmndi:BPMNEdge bpmnElement="sid-2fe52992-a999-4bb8-8716-e33b38c78c2e" id="BPMNEdge_sid-2fe52992-a999-4bb8-8716-e33b38c78c2e">
        <omgdi:waypoint x="2050.0" y="116.0"/>
        <omgdi:waypoint x="2186.0" y="116.0"/>
      </bpmndi:BPMNEdge>
      <bpmndi:BPMNEdge bpmnElement="sid-27455d02-e1d0-4671-a223-7c42b2170f0d" id="BPMNEdge_sid-27455d02-e1d0-4671-a223-7c42b2170f0d">
        <omgdi:waypoint x="1444.0" y="186.28712871287127"/>
        <omgdi:waypoint x="1544.0" y="243.71287128712873"/>
      </bpmndi:BPMNEdge>
      <bpmndi:BPMNEdge bpmnElement="sid-00b7533c-3d78-4e76-8996-e127188505af" id="BPMNEdge_sid-00b7533c-3d78-4e76-8996-e127188505af">
        <omgdi:waypoint x="636.0" y="209.27722772277227"/>
        <omgdi:waypoint x="736.0" y="164.72277227722773"/>
      </bpmndi:BPMNEdge>
      <bpmndi:BPMNEdge bpmnElement="sid-5f82c68f-a061-4a4f-b7b1-b19d8f8469c7" id="BPMNEdge_sid-5f82c68f-a061-4a4f-b7b1-b19d8f8469c7">
        <omgdi:waypoint x="1040.0" y="232.0"/>
        <omgdi:waypoint x="1140.0" y="232.0"/>
      </bpmndi:BPMNEdge>
      <bpmndi:BPMNEdge bpmnElement="sid-2bac86e8-28ee-47f1-a115-e2afaa08358c" id="BPMNEdge_sid-2bac86e8-28ee-47f1-a115-e2afaa08358c">
        <omgdi:waypoint x="1242.0" y="213.06435643564356"/>
        <omgdi:waypoint x="1342.0" y="175.93564356435644"/>
      </bpmndi:BPMNEdge>
    </bpmndi:BPMNPlane>
  </bpmndi:BPMNDiagram>
</definitions>